============================================================
TEKNOFEST 2026 - Sabit Kanat - Görev 2
  Video   : 640x480 @ 30fps
  FC      : /dev/ttyAMA3 @ 115200baud
  WFB     : MAC=6c:4c:bc:0a:62:a0  kanal=36
  Tarama  : WP 4 → 10.0m/s | loop çıkış WP=7
  Drop    : tetik=20m | USE_FC_SERVO=True
  Tespit  : WP 4'de aktif
============================================================
[SERVO] GPIO servo başlatılıyor...
[SERVO] Kırmızı yük → GPIO 18 | 50Hz PWM başladı (duty=7.5%)
[SERVO] Mavi yük    → GPIO 23 | 50Hz PWM başladı (duty=7.5%)
[SERVO] ✓ Tüm servolar nötr konumda hazır
[PIPELINE] WiFi arayüzü aranıyor (MAC=6c:4c:bc:0a:62:a0)...
[PIPELINE] 'ip link' çıktısı (675 karakter)
[PIPELINE] MAC satırı bulundu (indeks 5): link/ieee802.11/radiotap 6c:4c:bc:0a:62:a0 brd ff:ff:ff:ff:ff:ff
[PIPELINE] Önceki satır: 3: wlan0: <BROADCAST,MULTICAST,UP,LOWER_UP> mtu 1500 qdisc mq state UP mode DEFAULT group default qlen 1000 → arayüz=wlan0
[PIPELINE] ✓ Arayüz: wlan0
[PIPELINE] rfkill unblock + NetworkManager durduruluyor...
[PIPELINE] ✓  link set wlan0 down
[PIPELINE] ✓  dev wlan0 set monitor none
[PIPELINE] ✓  link set wlan0 up
[PIPELINE] ✓  dev wlan0 set channel 36
[PIPELINE] ✓  dev wlan0 set txpower fixed 2000
[PIPELINE] ✓ Monitor mode aktif: wlan0 | kanal=36

[PIPELINE] Pipeline başlatılıyor...
[PIPELINE] wfb_tx komutu: sudo wfb_tx -K /home/albatros/gs.key -i 7669206 -p 0 -u 5600 wlan0
[PIPELINE] wfb_tx başladı → PID=1803
137544	LISTEN_UDP_CONTROL	51990
137544	PKT	0:0:0:0:0:0:0
138545	PKT	0:0:0:0:0:0:0
[PIPELINE] rpicam-vid komutu: rpicam-vid -t 0 --inline --codec h264 --width 640 --height 480 --framerate 30 --bitrate 2000000 --intra 30 --listen -o tcp://127.0.0.1:8888
[PIPELINE] rpicam-vid başladı → PID=1807 | TCP:8888
139545	PKT	0:0:0:0:0:0:0
140545	PKT	0:0:0:0:0:0:0
141545	PKT	0:0:0:0:0:0:0
142545	PKT	0:0:0:0:0:0:0
143545	PKT	0:0:0:0:0:0:0
[PIPELINE] ✓ Pipeline hazır (FFmpeg + GStreamer vision thread'inde başlayacak)

[MAIN] OpenCV thread başlatılıyor...
[VISION] Thread başlatıldı — 7s bekleniyor (rpicam-vid hazırlanıyor)...[MAIN] OpenCV thread başladı (TID=547521950048)


[MAIN] MAVSDK bağlanıyor: serial:///dev/ttyAMA3:115200
144545	PKT	0:0:0:0:0:0:0
145545	PKT	0:0:0:0:0:0:0
146545	PKT	0:0:0:0:0:0:0
147544	PKT	0:0:0:0:0:0:0
148545	PKT	0:0:0:0:0:0:0
149544	PKT	0:0:0:0:0:0:0
150544	PKT	0:0:0:0:0:0:0
[VISION] FFmpeg decode başlatılıyor: ffmpeg -fflags nobuffer -flags low_delay -probesize 32 -analyzeduration 0 -i tcp://127.0.0.1:8888 -f rawvideo -pix_fmt bgr24 -s 640x480 -r 30 -
[VISION] FFmpeg decode başladı → PID=1838
[VISION] FFmpeg encode başlatılıyor: ffmpeg -f rawvideo -pix_fmt bgr24 -s 640x480 -r 30 -i - -c:v h264_v4l2m2m -b:v 2000k -g 15 -flush_packets 1 -f h264 -
[VISION] FFmpeg encode başladı → PID=1839 (h264_v4l2m2m)
[VISION] GStreamer başlatılıyor: gst-launch-1.0 fdsrc ! h264parse ! rtph264pay config-interval=1 pt=96 ! udpsink host=127.0.0.1 port=5600[VISION] Frame okuma döngüsü başladı — frame_size=921600 bytes

[VISION] GStreamer başladı → PID=1842
151545	PKT	0:0:0:0:0:0:0
152545	PKT	0:0:0:0:0:0:0
Setting pipeline to PAUSED ...
Pipeline is PREROLLING ...
153545	PKT	0:0:0:0:0:0:0
154545	PKT	0:0:0:0:0:0:0
155545	PKT	0:0:0:0:0:0:0
Redistribute latency...
Pipeline is PREROLLED ...
Setting pipeline to PLAYING ...
Redistribute latency...
New clock: GstSystemClock
[VISION][STATUS] FPS=1 | mavi=(68,13) kirmizi=(407,294) | tespit=BEKLİYOR | kuyruk=0
156544	TX_ANT	ff	257:0:10:21:173
156544	PKT	0:172:161125:257:285981:0:0
157544	TX_ANT	ff	417:0:10:23:264
157544	PKT	0:276:279059:417:486795:0:0
158544	TX_ANT	ff	398:0:10:19:163
158544	PKT	0:265:263782:398:459786:0:0
159544	TX_ANT	ff	385:0:10:27:628
159544	PKT	0:256:251499:385:441539:0:0
160545	TX_ANT	ff	397:0:10:22:250
160545	PKT	0:264:259668:397:455644:0:0
161545	TX_ANT	ff	379:0:10:19:117
161545	PKT	0:254:248924:379:433196:0:0
[VISION][STATUS] FPS=32 | mavi=— kirmizi=— | tespit=BEKLİYOR | kuyruk=0
162545	TX_ANT	ff	391:0:10:21:314
162545	PKT	0:258:253303:391:449111:0:0
163544	TX_ANT	ff	396:0:10:24:267
163544	PKT	0:263:260540:396:456488:0:0
164544	TX_ANT	ff	387:0:10:30:308
164544	PKT	0:258:254422:387:444518:0:0
165545	TX_ANT	ff	395:0:10:24:195
165545	PKT	0:262:257856:395:453776:0:0
166544	TX_ANT	ff	388:0:10:24:260
166544	PKT	0:259:254479:388:444603:0:0
[VISION][STATUS] FPS=32 | mavi=— kirmizi=— | tespit=BEKLİYOR | kuyruk=0
167544	TX_ANT	ff	388:0:10:27:276
167544	PKT	0:259:251374:388:441498:0:0
168544	TX_ANT	ff	395:0:10:32:995
168544	PKT	0:262:259599:395:455519:0:0
169544	TX_ANT	ff	382:0:11:29:361
169544	PKT	0:253:248301:382:438257:0:0
170544	TX_ANT	ff	400:0:10:25:339
170544	PKT	0:267:262396:400:458456:0:0
171545	TX_ANT	ff	385:0:10:22:201
171545	PKT	0:256:250081:385:440121:0:0
[VISION][STATUS] FPS=33 | mavi=— kirmizi=(415,254) | tespit=BEKLİYOR | kuyruk=0
172544	TX_ANT	ff	385:0:10:21:287
172544	PKT	0:256:252590:385:442630:0:0
173544	TX_ANT	ff	388:0:10:19:171
173544	PKT	0:259:250328:388:440452:0:0
174546	TX_ANT	ff	394:0:11:19:99
174546	PKT	0:261:258451:394:454343:0:0
175544	TX_ANT	ff	397:0:10:24:849
175544	PKT	0:264:259521:397:455497:0:0
176544	TX_ANT	ff	396:0:10:23:267
176544	PKT	0:263:255312:396:451260:0:0
[VISION][STATUS] FPS=32 | mavi=— kirmizi=(415,255) | tespit=BEKLİYOR | kuyruk=0
177545	TX_ANT	ff	388:0:10:22:545
177545	PKT	0:259:255714:388:445838:0:0
178544	TX_ANT	ff	386:0:10:21:213
178544	PKT	0:257:251890:386:441958:0:0
179544	TX_ANT	ff	383:0:10:25:622
179544	PKT	0:254:248594:383:438578:0:0
180544	TX_ANT	ff	394:0:10:30:624
180544	PKT	0:261:259182:394:455074:0:0
181544	TX_ANT	ff	396:0:10:29:682
181544	PKT	0:263:256679:396:452627:0:0
[VISION][STATUS] FPS=32 | mavi=— kirmizi=— | tespit=BEKLİYOR | kuyruk=0
182545	TX_ANT	ff	387:0:10:32:1737
182545	PKT	0:258:254702:387:444798:0:0
183544	TX_ANT	ff	394:0:10:23:366
183544	PKT	0:261:257510:394:453402:0:0
184544	TX_ANT	ff	385:0:10:30:1101
184544	PKT	0:256:251483:385:441523:0:0
185544	TX_ANT	ff	380:0:10:29:827
185544	PKT	0:255:250822:380:435122:0:0
186544	TX_ANT	ff	393:0:10:21:234
186544	PKT	0:260:260036:393:455900:0:0
[VISION][STATUS] FPS=32 | mavi=— kirmizi=— | tespit=BEKLİYOR | kuyruk=0
187544	TX_ANT	ff	399:0:10:22:518
187544	PKT	0:266:263176:399:459208:0:0
[MAIN] FC bağlantısı bekleniyor (max 10s)...
188545	TX_ANT	ff	382:0:10:21:351
188545	PKT	0:253:242636:382:432592:0:0
189544	TX_ANT	ff	390:0:10:26:367
189544	PKT	0:261:257984:390:448164:0:0
190545	TX_ANT	ff	385:0:10:28:1881
190545	PKT	0:256:248322:385:438362:0:0
191544	TX_ANT	ff	395:0:10:19:182
191544	PKT	0:262:262901:395:458821:0:0
[VISION][STATUS] FPS=32 | mavi=— kirmizi=— | tespit=BEKLİYOR | kuyruk=0
192544	TX_ANT	ff	394:0:10:32:1164
192544	PKT	0:261:257123:394:453015:0:0
193544	TX_ANT	ff	377:0:10:40:1452
193544	PKT	0:252:245616:377:429832:0:0
194544	TX_ANT	ff	394:0:10:22:378
194544	PKT	0:261:255946:394:451838:0:0
195545	TX_ANT	ff	399:0:10:21:216
195545	PKT	0:266:261560:399:457592:0:0
196544	TX_ANT	ff	384:0:10:31:1240
196544	PKT	0:255:247493:384:437505:0:0
[VISION][STATUS] FPS=32 | mavi=— kirmizi=— | tespit=BEKLİYOR | kuyruk=0
197544	TX_ANT	ff	399:0:10:19:171
197544	PKT	0:266:261845:399:457877:0:0
[MAIN] ⚠ FC bağlantısı kurulamadı — yalnızca video modu aktif
[MAIN] Görüntü yayını devam ediyor, Ctrl+C ile çıkın
198544	TX_ANT	ff	386:0:10:26:800
198544	PKT	0:257:252110:386:442178:0:0
199544	TX_ANT	ff	380:0:10:25:518
199544	PKT	0:251:246761:380:436661:0:0
200545	TX_ANT	ff	399:0:10:24:938
200545	PKT	0:266:262417:399:458449:0:0
201544	TX_ANT	ff	393:0:10:21:382
201544	PKT	0:260:257077:393:452941:0:0
[VISION][STATUS] FPS=32 | mavi=(529,424) kirmizi=— | tespit=BEKLİYOR | kuyruk=0
202544	TX_ANT	ff	387:0:10:26:885
202544	PKT	0:258:253195:387:443291:0:0
203544	TX_ANT	ff	395:0:10:25:1148
203544	PKT	0:262:258090:395:454010:0:0
204544	TX_ANT	ff	385:0:10:26:497
204544	PKT	0:256:249883:385:439923:0:0
205544	TX_ANT	ff	374:0:10:24:1230
205544	PKT	0:249:243382:374:427514:0:0
206544	TX_ANT	ff	387:0:10:29:1229
206544	PKT	0:258:249767:387:439863:0:0
[VISION][STATUS] FPS=32 | mavi=— kirmizi=— | tespit=BEKLİYOR | kuyruk=0
207544	TX_ANT	ff	400:0:10:25:549
207544	PKT	0:267:266199:400:462259:0:0
208544	TX_ANT	ff	395:0:10:25:328
208544	PKT	0:262:258467:395:454387:0:0
209544	TX_ANT	ff	383:0:10:26:229
209544	PKT	0:254:251903:383:441887:0:0
210544	TX_ANT	ff	374:0:10:29:779
210544	PKT	0:249:242931:374:427063:0:0
211544	TX_ANT	ff	384:0:10:22:688
211544	PKT	0:255:251234:384:441246:0:0
[VISION][STATUS] FPS=32 | mavi=— kirmizi=— | tespit=BEKLİYOR | kuyruk=0
212544	TX_ANT	ff	386:0:11:26:687
212544	PKT	0:257:256997:386:447065:0:0
213544	TX_ANT	ff	385:0:10:37:551
213544	PKT	0:256:252639:385:442679:0:0
214544	TX_ANT	ff	409:0:10:37:1814
214544	PKT	0:272:275268:409:477180:0:0
215544	TX_ANT	ff	384:0:11:29:1394
215544	PKT	0:255:249945:384:439957:0:0
216545	TX_ANT	ff	395:0:10:25:960
216545	PKT	0:262:259741:395:455661:0:0
[VISION][STATUS] FPS=32 | mavi=(12,97) kirmizi=— | tespit=BEKLİYOR | kuyruk=0
217545	TX_ANT	ff	377:0:10:20:252
217545	PKT	0:252:244719:377:428935:0:0
218544	TX_ANT	ff	397:0:10:23:180
218544	PKT	0:264:259013:397:454989:0:0
219544	TX_ANT	ff	393:0:10:20:165
219544	PKT	0:260:254560:393:450424:0:0
220544	TX_ANT	ff	391:0:11:19:315
220544	PKT	0:262:259931:391:450139:0:0
221544	TX_ANT	ff	385:0:11:21:217
221544	PKT	0:256:251958:385:441998:0:0
[VISION][STATUS] FPS=32 | mavi=(86,83) kirmizi=— | tespit=BEKLİYOR | kuyruk=0
222545	TX_ANT	ff	398:0:10:21:490
222545	PKT	0:265:262053:398:458057:0:0
223544	TX_ANT	ff	379:0:10:20:385
223544	PKT	0:250:243927:379:433799:0:0
224544	TX_ANT	ff	388:0:10:19:264
224544	PKT	0:259:256376:388:446500:0:0
225544	TX_ANT	ff	382:0:10:27:1223
225544	PKT	0:253:248113:382:438069:0:0
226544	TX_ANT	ff	385:0:10:20:198
226544	PKT	0:256:254592:385:444632:0:0
[VISION][STATUS] FPS=32 | mavi=(88,83) kirmizi=— | tespit=BEKLİYOR | kuyruk=0
227546	TX_ANT	ff	376:0:10:21:200
227546	PKT	0:251:243327:376:427515:0:0
228545	TX_ANT	ff	412:0:10:21:178
228545	PKT	0:275:276933:412:478929:0:0
229544	TX_ANT	ff	381:0:10:24:501
229544	PKT	0:252:246178:381:436106:0:0
230544	TX_ANT	ff	394:0:10:36:1442
230544	PKT	0:261:258682:394:454574:0:0
231544	TX_ANT	ff	386:0:10:26:763
231544	PKT	0:257:255858:386:445926:0:0
[VISION][STATUS] FPS=32 | mavi=— kirmizi=— | tespit=BEKLİYOR | kuyruk=0
232544	TX_ANT	ff	377:0:10:29:545
232544	PKT	0:252:246413:377:430629:0:0
233545	TX_ANT	ff	380:0:10:28:329
233545	PKT	0:251:245774:380:435674:0:0
234544	TX_ANT	ff	391:0:10:22:359
234544	PKT	0:262:260305:391:450513:0:0
235544	TX_ANT	ff	397:0:10:29:1269
235544	PKT	0:264:261509:397:457485:0:0
236544	TX_ANT	ff	392:0:10:23:182
236544	PKT	0:259:257371:392:453207:0:0
[VISION][STATUS] FPS=32 | mavi=— kirmizi=— | tespit=BEKLİYOR | kuyruk=0
237544	TX_ANT	ff	384:0:10:23:240
237544	PKT	0:255:245329:384:435341:0:0
238544	TX_ANT	ff	387:0:10:22:746
238544	PKT	0:258:255234:387:445330:0:0
239544	TX_ANT	ff	398:0:10:20:173
239544	PKT	0:265:263647:398:459651:0:0
240545	TX_ANT	ff	386:0:10:27:949
240545	PKT	0:257:252981:386:443049:0:0
241547	TX_ANT	ff	386:0:10:19:164
241547	PKT	0:257:254295:386:444363:0:0
[VISION][STATUS] FPS=32 | mavi=— kirmizi=— | tespit=BEKLİYOR | kuyruk=0
242544	TX_ANT	ff	384:0:11:32:563
242544	PKT	0:255:248676:384:438688:0:0
243544	TX_ANT	ff	393:0:11:26:714
243544	PKT	0:260:255087:393:450951:0:0
244544	TX_ANT	ff	391:0:10:22:182
244544	PKT	0:262:257710:391:447918:0:0
245544	TX_ANT	ff	383:0:10:22:400
245544	PKT	0:254:252090:383:442074:0:0
246544	TX_ANT	ff	395:0:10:26:893
246544	PKT	0:262:260473:395:456393:0:0
[VISION][STATUS] FPS=32 | mavi=— kirmizi=— | tespit=BEKLİYOR | kuyruk=0
247544	TX_ANT	ff	389:0:10:20:295
247544	PKT	0:260:257684:389:447836:0:0
248544	TX_ANT	ff	384:0:10:23:822
248544	PKT	0:255:251528:384:441540:0:0
249547	TX_ANT	ff	383:0:10:21:182
249547	PKT	0:254:248194:383:438178:0:0
250544	TX_ANT	ff	389:0:10:26:652
250544	PKT	0:260:254842:389:444994:0:0
251544	TX_ANT	ff	390:0:10:30:1060
251544	PKT	0:257:250988:390:446768:0:0
[VISION][STATUS] FPS=32 | mavi=— kirmizi=— | tespit=BEKLİYOR | kuyruk=0
252544	TX_ANT	ff	390:0:10:25:467
252544	PKT	0:261:258559:390:448739:0:0
253544	TX_ANT	ff	393:0:10:46:4575
253544	PKT	0:260:253546:393:449410:0:0
254545	TX_ANT	ff	388:0:10:24:1210
254545	PKT	0:259:255884:388:446008:0:0
255544	TX_ANT	ff	385:0:10:28:652
255544	PKT	0:256:250909:385:440949:0:0
256544	TX_ANT	ff	381:0:10:25:920
256544	PKT	0:252:242147:381:432075:0:0
[VISION][STATUS] FPS=32 | mavi=— kirmizi=— | tespit=BEKLİYOR | kuyruk=0
257544	TX_ANT	ff	388:0:10:23:377
257544	PKT	0:259:252297:388:442421:0:0
258544	TX_ANT	ff	388:0:10:31:1873
258544	PKT	0:259:253033:388:443157:0:0
259544	TX_ANT	ff	398:0:10:22:266
259544	PKT	0:265:263254:398:459258:0:0
260545	TX_ANT	ff	408:0:11:23:684
260545	PKT	0:271:271041:408:472925:0:0
261544	TX_ANT	ff	398:0:10:22:187
261544	PKT	0:265:260813:398:456817:0:0
[VISION][STATUS] FPS=32 | mavi=(79,75) kirmizi=— | tespit=BEKLİYOR | kuyruk=0
262544	TX_ANT	ff	384:0:10:25:303
262544	PKT	0:255:249414:384:439426:0:0
263544	TX_ANT	ff	403:0:10:19:155
263544	PKT	0:266:260138:403:461882:0:0
264544	TX_ANT	ff	386:0:10:26:1326
264544	PKT	0:257:252150:386:442218:0:0
265544	TX_ANT	ff	388:0:10:33:791
265544	PKT	0:259:256517:388:446641:0:0
266544	TX_ANT	ff	382:0:10:20:356
266544	PKT	0:253:246518:382:436474:0:0
[VISION][STATUS] FPS=32 | mavi=— kirmizi=— | tespit=BEKLİYOR | kuyruk=0
267544	TX_ANT	ff	400:0:10:19:164
267544	PKT	0:267:264493:400:460553:0:0
268544	TX_ANT	ff	386:0:10:33:1357
268544	PKT	0:257:251598:386:441666:0:0
269544	TX_ANT	ff	392:0:10:23:214
269544	PKT	0:259:254481:392:450317:0:0
270544	TX_ANT	ff	386:0:10:25:758
270544	PKT	0:257:251837:386:441905:0:0
271544	TX_ANT	ff	400:0:10:30:409
271544	PKT	0:267:261239:400:457299:0:0
[VISION][STATUS] FPS=32 | mavi=— kirmizi=— | tespit=BEKLİYOR | kuyruk=0
272544	TX_ANT	ff	387:0:10:20:240
272544	PKT	0:258:250795:387:440891:0:0
273544	TX_ANT	ff	393:0:10:37:4275
273544	PKT	0:260:256001:393:451865:0:0
274545	TX_ANT	ff	395:0:10:25:229
274545	PKT	0:262:256091:395:452011:0:0
275544	TX_ANT	ff	398:0:10:38:1509
275544	PKT	0:265:263135:398:459139:0:0
276544	TX_ANT	ff	367:0:10:21:216
276544	PKT	0:246:238117:367:416453:0:0
[VISION][STATUS] FPS=33 | mavi=(48,22) kirmizi=— | tespit=BEKLİYOR | kuyruk=0
277544	TX_ANT	ff	403:0:10:25:345
277544	PKT	0:266:266763:403:468507:0:0
278544	TX_ANT	ff	387:0:10:27:286
278544	PKT	0:258:252513:387:442609:0:0
279544	TX_ANT	ff	389:0:10:31:802
279544	PKT	0:260:253308:389:443460:0:0
280544	TX_ANT	ff	393:0:10:23:255
280544	PKT	0:260:253076:393:448940:0:0
281544	TX_ANT	ff	389:0:10:28:975
281544	PKT	0:260:252502:389:442654:0:0
[VISION][STATUS] FPS=32 | mavi=— kirmizi=— | tespit=BEKLİYOR | kuyruk=0
282544	TX_ANT	ff	391:0:10:34:818
282544	PKT	0:258:255171:391:450979:0:0
283544	TX_ANT	ff	387:0:10:41:848
283544	PKT	0:258:251687:387:441783:0:0
284544	TX_ANT	ff	398:0:11:42:1461
284544	PKT	0:265:263094:398:459098:0:0
285544	TX_ANT	ff	382:0:10:37:807
285544	PKT	0:253:241696:382:431652:0:0
286544	TX_ANT	ff	385:0:10:24:710
286544	PKT	0:256:251814:385:441854:0:0
[VISION][STATUS] FPS=32 | mavi=— kirmizi=— | tespit=BEKLİYOR | kuyruk=0
287544	TX_ANT	ff	396:0:10:24:424
287544	PKT	0:263:257148:396:453096:0:0
288544	TX_ANT	ff	391:0:10:26:944
288544	PKT	0:262:259497:391:449705:0:0
289544	TX_ANT	ff	404:0:10:22:335
289544	PKT	0:267:263418:404:465190:0:0
290544	TX_ANT	ff	388:0:10:24:248
290544	PKT	0:259:255437:388:445561:0:0
291544	TX_ANT	ff	381:0:10:27:476
291544	PKT	0:252:243652:381:433580:0:0
[VISION][STATUS] FPS=32 | mavi=(11,13) kirmizi=— | tespit=BEKLİYOR | kuyruk=0
292548	TX_ANT	ff	392:0:10:25:1833
292548	PKT	0:263:261253:392:451489:0:0
293544	TX_ANT	ff	391:0:10:19:184
293544	PKT	0:258:254838:391:450646:0:0
294544	TX_ANT	ff	379:0:10:30:469
294544	PKT	0:254:250045:379:434317:0:0
295544	TX_ANT	ff	393:0:10:45:487
295544	PKT	0:260:258566:393:454430:0:0
296544	TX_ANT	ff	389:0:10:25:1079
296544	PKT	0:260:253340:389:443492:0:0
[VISION][STATUS] FPS=32 | mavi=— kirmizi=— | tespit=BEKLİYOR | kuyruk=0
297544	TX_ANT	ff	395:0:10:25:881
297544	PKT	0:262:257793:395:453713:0:0
298544	TX_ANT	ff	392:0:11:29:290
298544	PKT	0:259:252862:392:448698:0:0
299544	TX_ANT	ff	397:0:10:26:281
299544	PKT	0:264:259183:397:455159:0:0
300544	TX_ANT	ff	389:0:10:27:1867
300544	PKT	0:260:253802:389:443954:0:0
301544	TX_ANT	ff	387:0:10:38:1039
301544	PKT	0:258:252182:387:442278:0:0
[VISION][STATUS] FPS=32 | mavi=— kirmizi=— | tespit=BEKLİYOR | kuyruk=0
302544	TX_ANT	ff	386:0:10:21:241
302544	PKT	0:257:253481:386:443549:0:0
303544	TX_ANT	ff	390:0:10:18:165
303544	PKT	0:257:254923:390:450703:0:0
304544	TX_ANT	ff	390:0:10:20:176
304544	PKT	0:261:253816:390:443996:0:0
305546	TX_ANT	ff	393:0:10:27:1028
305546	PKT	0:260:253726:393:449590:0:0
306544	TX_ANT	ff	399:0:10:27:907
306544	PKT	0:266:264610:399:460642:0:0
[VISION][STATUS] FPS=32 | mavi=— kirmizi=— | tespit=BEKLİYOR | kuyruk=0
307544	TX_ANT	ff	384:0:10:23:185
307544	PKT	0:255:247544:384:437556:0:0
308544	TX_ANT	ff	384:0:10:43:1332
308544	PKT	0:255:249243:384:439255:0:0
309544	TX_ANT	ff	361:0:11:39:1963
309544	PKT	0:240:225199:361:403367:0:0
310544	TX_ANT	ff	384:0:10:31:749
310544	PKT	0:255:248221:384:438233:0:0
311545	TX_ANT	ff	379:0:10:28:1593
311545	PKT	0:254:253043:379:437315:0:0
[VISION][STATUS] FPS=32 | mavi=(32,34) kirmizi=— | tespit=BEKLİYOR | kuyruk=0
312544	TX_ANT	ff	383:0:10:23:381
312544	PKT	0:254:246537:383:436521:0:0
313545	TX_ANT	ff	406:0:10:21:193
313545	PKT	0:269:266698:406:468526:0:0
314544	TX_ANT	ff	396:0:10:27:1288
314544	PKT	0:263:260471:396:456419:0:0
315544	TX_ANT	ff	378:0:10:19:208
315544	PKT	0:253:246199:378:430443:0:0
316544	TX_ANT	ff	380:0:10:42:1323
316544	PKT	0:251:244293:380:434193:0:0
[VISION][STATUS] FPS=32 | mavi=— kirmizi=— | tespit=BEKLİYOR | kuyruk=0
317544	TX_ANT	ff	387:0:10:35:1507
317544	PKT	0:258:255509:387:445605:0:0
318544	TX_ANT	ff	396:0:10:23:413
318544	PKT	0:263:264524:396:460472:0:0
319544	TX_ANT	ff	400:0:10:20:190
319544	PKT	0:267:268573:400:464633:0:0
320545	TX_ANT	ff	420:0:10:24:409
320545	PKT	0:279:283362:420:491182:0:0
321545	TX_ANT	ff	389:0:10:22:190
321545	PKT	0:260:257308:389:447460:0:0
[VISION][STATUS] FPS=32 | mavi=— kirmizi=— | tespit=BEKLİYOR | kuyruk=0
322544	TX_ANT	ff	391:0:10:22:498
322544	PKT	0:258:248757:391:444565:0:0
323544	TX_ANT	ff	403:0:10:23:196
323544	PKT	0:270:268525:403:464669:0:0
324544	TX_ANT	ff	381:0:10:19:208
324544	PKT	0:252:245149:381:435077:0:0
325545	TX_ANT	ff	376:0:10:23:205
325545	PKT	0:251:245786:376:429974:0:0
326544	TX_ANT	ff	395:0:11:31:1585
326544	PKT	0:262:258386:395:454306:0:0
[VISION][STATUS] FPS=32 | mavi=(32,32) kirmizi=— | tespit=BEKLİYOR | kuyruk=0
327544	TX_ANT	ff	394:0:10:31:1080
327544	PKT	0:261:258821:394:454713:0:0
328544	TX_ANT	ff	384:0:10:29:1220
328544	PKT	0:255:252302:384:442314:0:0
329544	TX_ANT	ff	399:0:10:23:210
329544	PKT	0:266:261125:399:457157:0:0
330544	TX_ANT	ff	397:0:10:18:164
330544	PKT	0:264:260025:397:456001:0:0
331544	TX_ANT	ff	383:0:10:28:263
331544	PKT	0:254:248379:383:438363:0:0
[VISION][STATUS] FPS=32 | mavi=(31,40) kirmizi=— | tespit=BEKLİYOR | kuyruk=0
332545	TX_ANT	ff	388:0:10:22:438
332545	PKT	0:259:254729:388:444853:0:0
333544	TX_ANT	ff	397:0:10:30:1175
333544	PKT	0:264:258552:397:454528:0:0
334544	TX_ANT	ff	386:0:10:28:1110
334544	PKT	0:257:248890:386:438958:0:0
335544	TX_ANT	ff	388:0:10:28:927
335544	PKT	0:259:259047:388:449171:0:0
336544	TX_ANT	ff	390:0:10:20:266
336544	PKT	0:257:252985:390:448765:0:0
[VISION][STATUS] FPS=32 | mavi=— kirmizi=— | tespit=BEKLİYOR | kuyruk=0
337545	TX_ANT	ff	386:0:11:32:1019
337545	PKT	0:257:252812:386:442880:0:0
338544	TX_ANT	ff	384:0:10:29:792
338544	PKT	0:255:248378:384:438390:0:0
339545	TX_ANT	ff	354:0:10:30:1041
339545	PKT	0:237:223778:354:396150:0:0
340544	TX_ANT	ff	396:0:10:27:779
340544	PKT	0:263:261972:396:457920:0:0
341544	TX_ANT	ff	382:0:11:26:217
341544	PKT	0:253:248592:382:438548:0:0
[VISION][STATUS] FPS=32 | mavi=(53,20) kirmizi=— | tespit=BEKLİYOR | kuyruk=0
342544	TX_ANT	ff	364:0:10:22:186
342544	PKT	0:243:236934:364:415186:0:0
343544	TX_ANT	ff	453:0:10:25:936
343544	PKT	0:300:312833:453:538377:0:0
344544	TX_ANT	ff	389:0:10:27:1336
344544	PKT	0:260:252288:389:442440:0:0
345544	TX_ANT	ff	388:0:10:29:629
345544	PKT	0:259:258851:388:448975:0:0
346544	TX_ANT	ff	384:0:10:27:433
346544	PKT	0:255:251518:384:441530:0:0
[VISION][STATUS] FPS=32 | mavi=(58,18) kirmizi=— | tespit=BEKLİYOR | kuyruk=0
347544	TX_ANT	ff	393:0:10:22:1006
347544	PKT	0:260:252701:393:448565:0:0
348544	TX_ANT	ff	384:0:10:18:169
348544	PKT	0:255:249163:384:439175:0:0
349544	TX_ANT	ff	410:0:10:23:706
349544	PKT	0:273:273099:410:475039:0:0
350544	TX_ANT	ff	376:0:10:24:736
350544	PKT	0:251:242936:376:427124:0:0
351545	TX_ANT	ff	396:0:10:22:705
351545	PKT	0:263:261346:396:457294:0:0
[VISION][STATUS] FPS=32 | mavi=— kirmizi=— | tespit=BEKLİYOR | kuyruk=0
352544	TX_ANT	ff	384:0:10:19:119
352544	PKT	0:255:249125:384:439137:0:0
353544	TX_ANT	ff	388:0:10:27:1176
353544	PKT	0:259:253498:388:443622:0:0
354544	TX_ANT	ff	396:0:10:19:175
354544	PKT	0:263:257729:396:453677:0:0
355545	TX_ANT	ff	385:0:10:20:239
355545	PKT	0:256:254553:385:444593:0:0
356545	TX_ANT	ff	387:0:10:29:1573
356545	PKT	0:258:251352:387:441448:0:0
[VISION][STATUS] FPS=32 | mavi=— kirmizi=— | tespit=BEKLİYOR | kuyruk=0
357544	TX_ANT	ff	390:0:10:25:1244
357544	PKT	0:257:254274:390:450054:0:0
358545	TX_ANT	ff	378:0:10:29:586
358545	PKT	0:253:250638:378:434882:0:0
359544	TX_ANT	ff	363:0:10:26:751
359544	PKT	0:242:232624:363:410848:0:0
360544	TX_ANT	ff	381:0:10:26:1172
360544	PKT	0:252:248318:381:438246:0:0
361544	TX_ANT	ff	375:0:11:39:772
361544	PKT	0:250:241520:375:425680:0:0
[VISION][STATUS] FPS=32 | mavi=(58,17) kirmizi=— | tespit=BEKLİYOR | kuyruk=0
362544	TX_ANT	ff	372:0:10:52:1308
362544	PKT	0:247:235766:372:419842:0:0
363544	TX_ANT	ff	386:0:10:31:398
363544	PKT	0:257:249713:386:439781:0:0
364544	TX_ANT	ff	392:0:10:28:346
364544	PKT	0:259:256885:392:452721:0:0
365544	TX_ANT	ff	386:0:11:26:303
365544	PKT	0:257:254319:386:444387:0:0
366544	TX_ANT	ff	411:0:10:21:783
366544	PKT	0:274:277085:411:479053:0:0
[VISION][STATUS] FPS=32 | mavi=(58,18) kirmizi=— | tespit=BEKLİYOR | kuyruk=0
367544	TX_ANT	ff	398:0:10:34:2317
367544	PKT	0:265:260824:398:456828:0:0
368544	TX_ANT	ff	374:0:10:26:1133
368544	PKT	0:249:241185:374:425317:0:0
369544	TX_ANT	ff	381:0:10:27:492
369544	PKT	0:252:248560:381:438488:0:0
370545	TX_ANT	ff	403:0:11:37:2439
370545	PKT	0:270:268098:403:464242:0:0
371544	TX_ANT	ff	406:0:10:20:348
371544	PKT	0:269:268690:406:470518:0:0
372544	TX_ANT	ff	397:0:10:20:173
372544	PKT	0:264:262895:397:458871:0:0
[VISION][STATUS] FPS=32 | mavi=— kirmizi=(199,421) | tespit=BEKLİYOR | kuyruk=0
373545	TX_ANT	ff	396:0:10:27:330
373545	PKT	0:263:259102:396:455050:0:0
374545	TX_ANT	ff	377:0:10:30:707
374545	PKT	0:252:246391:377:430607:0:0
375544	TX_ANT	ff	395:0:10:20:183
375544	PKT	0:262:259490:395:455410:0:0
376544	TX_ANT	ff	384:0:10:35:2284
376544	PKT	0:255:249800:384:439812:0:0
377544	TX_ANT	ff	395:0:10:35:474
377544	PKT	0:262:258513:395:454433:0:0
[VISION][STATUS] FPS=32 | mavi=(58,17) kirmizi=— | tespit=BEKLİYOR | kuyruk=0
378544	TX_ANT	ff	389:0:10:28:371
378544	PKT	0:260:257086:389:447238:0:0
379545	TX_ANT	ff	379:0:11:38:762
379545	PKT	0:250:243657:379:433529:0:0
380544	TX_ANT	ff	378:0:10:22:815
380544	PKT	0:253:247881:378:432125:0:0
381544	TX_ANT	ff	395:0:10:22:192
381544	PKT	0:262:264935:395:460855:0:0
382544	TX_ANT	ff	371:0:10:21:270
382544	PKT	0:246:239843:371:423891:0:0
[VISION][STATUS] FPS=32 | mavi=— kirmizi=— | tespit=BEKLİYOR | kuyruk=0
383544	TX_ANT	ff	374:0:10:24:482
383544	PKT	0:249:238364:374:422496:0:0
384544	TX_ANT	ff	390:0:10:37:1146
384544	PKT	0:261:252732:390:442912:0:0
385545	TX_ANT	ff	381:0:10:20:199
385545	PKT	0:252:243646:381:433574:0:0
386544	TX_ANT	ff	373:0:10:19:129
386544	PKT	0:248:243250:373:427354:0:0
387544	TX_ANT	ff	372:0:10:26:1093
387544	PKT	0:247:236644:372:420720:0:0
[VISION][STATUS] FPS=32 | mavi=— kirmizi=(168,443) | tespit=BEKLİYOR | kuyruk=0
388544	TX_ANT	ff	383:0:10:21:197
388544	PKT	0:254:248173:383:438157:0:0
389544	TX_ANT	ff	374:0:10:20:191
389544	PKT	0:249:238635:374:422767:0:0
390544	TX_ANT	ff	372:0:10:23:233
390544	PKT	0:247:235571:372:419647:0:0
391545	TX_ANT	ff	368:0:10:26:1072
391545	PKT	0:247:234964:368:413328:0:0
392545	TX_ANT	ff	373:0:10:19:191
392545	PKT	0:248:237153:373:421257:0:0
[VISION][STATUS] FPS=32 | mavi=— kirmizi=(161,443) | tespit=BEKLİYOR | kuyruk=0
393544	TX_ANT	ff	383:0:10:26:543
393544	PKT	0:254:247686:383:437670:0:0
394544	TX_ANT	ff	360:0:10:26:462
394544	PKT	0:239:228017:360:406157:0:0
395544	TX_ANT	ff	369:0:10:20:175
395544	PKT	0:244:233168:369:417160:0:0
396544	TX_ANT	ff	379:0:10:21:525
396544	PKT	0:254:244525:379:428797:0:0
397544	TX_ANT	ff	380:0:11:21:883
397544	PKT	0:251:239226:380:429126:0:0
[VISION][STATUS] FPS=32 | mavi=— kirmizi=— | tespit=BEKLİYOR | kuyruk=0
398544	TX_ANT	ff	401:0:10:25:469
398544	PKT	0:268:271155:401:467243:0:0
399544	TX_ANT	ff	396:0:10:31:2959
399544	PKT	0:263:260627:396:456575:0:0
400544	TX_ANT	ff	387:0:10:23:302
400544	PKT	0:258:254726:387:444822:0:0
401544	TX_ANT	ff	419:0:10:31:2400
401544	PKT	0:278:279116:419:486908:0:0
402545	TX_ANT	ff	429:0:10:30:1237
402545	PKT	0:284:288733:429:502405:0:0
[VISION][STATUS] FPS=32 | mavi=— kirmizi=— | tespit=BEKLİYOR | kuyruk=0
403544	TX_ANT	ff	388:0:10:28:2862
403544	PKT	0:259:253626:388:443750:0:0
404545	TX_ANT	ff	334:0:10:29:750
404545	PKT	0:221:201907:334:368119:0:0
405544	TX_ANT	ff	355:0:10:23:246
405544	PKT	0:238:228716:355:401116:0:0
406544	TX_ANT	ff	439:0:10:29:807
406544	PKT	0:290:298603:439:518155:0:0
407544	TX_ANT	ff	410:0:11:22:543
407544	PKT	0:273:272921:410:474861:0:0
[VISION][STATUS] FPS=33 | mavi=— kirmizi=— | tespit=BEKLİYOR | kuyruk=0
408544	TX_ANT	ff	388:0:10:24:495
408544	PKT	0:259:255504:388:445628:0:0
409544	TX_ANT	ff	396:0:11:33:317
409544	PKT	0:263:262526:396:458474:0:0
410544	TX_ANT	ff	413:0:10:37:640
410544	PKT	0:276:276121:413:478145:0:0
411544	TX_ANT	ff	419:0:10:34:913
411544	PKT	0:278:278116:419:485908:0:0
412544	TX_ANT	ff	399:0:10:20:188
412544	PKT	0:266:260993:399:457025:0:0
[VISION][STATUS] FPS=32 | mavi=— kirmizi=— | tespit=BEKLİYOR | kuyruk=0
413544	TX_ANT	ff	378:0:10:19:263
413544	PKT	0:249:237519:378:427363:0:0
414544	TX_ANT	ff	376:0:10:24:173
414544	PKT	0:251:240170:376:424358:0:0
415544	TX_ANT	ff	375:0:10:31:1978
415544	PKT	0:250:234513:375:418673:0:0
416544	TX_ANT	ff	370:0:11:31:422
416544	PKT	0:245:233079:370:417099:0:0
417544	TX_ANT	ff	365:0:10:26:279
417544	PKT	0:245:235281:365:413501:0:0
[VISION][STATUS] FPS=32 | mavi=— kirmizi=— | tespit=BEKLİYOR | kuyruk=0
418545	TX_ANT	ff	381:0:10:25:322
418545	PKT	0:252:243142:381:433070:0:0
419544	TX_ANT	ff	383:0:10:24:298
419544	PKT	0:254:247226:383:437210:0:0
420544	TX_ANT	ff	422:0:11:21:382
420544	PKT	0:281:285131:422:493007:0:0
421544	TX_ANT	ff	339:0:10:20:190
421544	PKT	0:226:209216:339:375568:0:0
422544	TX_ANT	ff	349:0:11:25:238
422544	PKT	0:232:216981:349:389213:0:0
[VISION][STATUS] FPS=32 | mavi=— kirmizi=— | tespit=BEKLİYOR | kuyruk=0
423544	TX_ANT	ff	292:0:10:22:177
423544	PKT	0:195:155843:292:298479:0:0
424545	TX_ANT	ff	296:0:10:29:834
424545	PKT	0:195:154991:296:303339:0:0
425544	TX_ANT	ff	292:0:10:27:669
425544	PKT	0:195:153127:292:295763:0:0
426544	TX_ANT	ff	299:0:10:21:205
426544	PKT	0:198:170662:299:319094:0:0
427544	TX_ANT	ff	299:0:10:21:156
427544	PKT	0:198:159640:299:308072:0:0
[VISION][STATUS] FPS=32 | mavi=— kirmizi=— | tespit=BEKLİYOR | kuyruk=0
428544	TX_ANT	ff	293:0:10:22:203
428544	PKT	0:196:153899:293:296563:0:0
429544	TX_ANT	ff	301:0:10:33:635
429544	PKT	0:200:164313:301:312801:0:0
430544	TX_ANT	ff	296:0:10:46:2968
430544	PKT	0:195:153898:296:302246:0:0
431545	TX_ANT	ff	315:0:10:29:647
431545	PKT	0:210:187807:315:342287:0:0
432544	TX_ANT	ff	291:0:10:33:1875
432544	PKT	0:194:155066:291:297674:0:0
[VISION][STATUS] FPS=32 | mavi=— kirmizi=— | tespit=BEKLİYOR | kuyruk=0
433545	TX_ANT	ff	289:0:10:30:1043
433545	PKT	0:192:150642:289:293194:0:0
434544	TX_ANT	ff	297:0:10:28:734
434544	PKT	0:196:155378:297:303754:0:0
435544	TX_ANT	ff	295:0:10:26:901
435544	PKT	0:198:164685:295:307405:0:0
436544	TX_ANT	ff	295:0:10:21:181
436544	PKT	0:194:158919:295:307239:0:0
437544	TX_ANT	ff	293:0:10:26:1149
437544	PKT	0:196:157354:293:300018:0:0
[VISION][STATUS] FPS=32 | mavi=— kirmizi=— | tespit=BEKLİYOR | kuyruk=0
438544	TX_ANT	ff	287:0:10:26:654
438544	PKT	0:190:151931:287:294427:0:0
439544	TX_ANT	ff	281:0:10:24:187
439544	PKT	0:188:153777:281:290505:0:0
440544	TX_ANT	ff	272:0:10:24:254
440544	PKT	0:179:148526:272:285002:0:0
441545	TX_ANT	ff	288:0:10:25:1054
441545	PKT	0:191:159021:288:301545:0:0
442544	TX_ANT	ff	302:0:11:52:3618
442544	PKT	0:201:166614:302:315130:0:0
[VISION][STATUS] FPS=32 | mavi=— kirmizi=— | tespit=BEKLİYOR | kuyruk=0
443544	TX_ANT	ff	291:0:10:37:1543
443544	PKT	0:194:157939:291:300547:0:0
444545	TX_ANT	ff	276:0:10:24:195
444545	PKT	0:183:147808:276:284396:0:0
445544	TX_ANT	ff	277:0:10:28:684
445544	PKT	0:184:148144:277:284760:0:0
446544	TX_ANT	ff	276:0:11:29:307
446544	PKT	0:183:149021:276:285609:0:0
447545	TX_ANT	ff	267:0:10:31:2265
447545	PKT	0:178:148394:267:279130:0:0
[VISION][STATUS] FPS=32 | mavi=— kirmizi=— | tespit=BEKLİYOR | kuyruk=0
448544	TX_ANT	ff	278:0:10:21:195
448544	PKT	0:185:151887:278:288531:0:0
449544	TX_ANT	ff	275:0:10:25:283
449544	PKT	0:182:148156:275:284716:0:0
450544	TX_ANT	ff	267:0:10:28:511
450544	PKT	0:178:146781:267:277517:0:0
451545	TX_ANT	ff	265:0:10:24:177
451545	PKT	0:176:146980:265:277660:0:0
452544	TX_ANT	ff	265:0:10:24:741
452544	PKT	0:176:145642:265:276322:0:0
[VISION][STATUS] FPS=32 | mavi=— kirmizi=— | tespit=BEKLİYOR | kuyruk=0
453544	TX_ANT	ff	273:0:10:25:233
453544	PKT	0:180:148361:273:284865:0:0
454544	TX_ANT	ff	267:0:10:22:170
454544	PKT	0:178:148130:267:278866:0:0
455544	TX_ANT	ff	282:0:10:32:235
455544	PKT	0:189:154521:282:291277:0:0
456545	TX_ANT	ff	297:0:10:27:205
456545	PKT	0:196:155198:297:303574:0:0
457544	TX_ANT	ff	269:0:10:21:129
457544	PKT	0:180:148992:269:279784:0:0
[VISION][STATUS] FPS=32 | mavi=— kirmizi=— | tespit=BEKLİYOR | kuyruk=0
458545	TX_ANT	ff	273:0:10:37:2061
458545	PKT	0:180:147491:273:283995:0:0
459544	TX_ANT	ff	300:0:10:28:1168
459544	PKT	0:199:162641:300:311101:0:0
460544	TX_ANT	ff	294:0:10:22:212
460544	PKT	0:197:157115:294:299807:0:0
461544	TX_ANT	ff	287:0:10:25:343
461544	PKT	0:190:150429:287:292925:0:0
462545	TX_ANT	ff	277:0:10:29:1271
462545	PKT	0:184:149111:277:285727:0:0
[VISION][STATUS] FPS=33 | mavi=— kirmizi=— | tespit=BEKLİYOR | kuyruk=0
463545	TX_ANT	ff	272:0:10:24:273
463545	PKT	0:179:147985:272:284461:0:0
464544	TX_ANT	ff	271:0:10:32:984
464544	PKT	0:182:147785:271:278633:0:0
465544	TX_ANT	ff	272:0:10:25:214
465544	PKT	0:179:149644:272:286120:0:0
466544	TX_ANT	ff	283:0:10:24:159
466544	PKT	0:190:156852:283:293636:0:0
467544	TX_ANT	ff	297:0:10:24:218
467544	PKT	0:196:158598:297:306974:0:0
[VISION][STATUS] FPS=32 | mavi=— kirmizi=— | tespit=BEKLİYOR | kuyruk=0
468545	TX_ANT	ff	292:0:10:27:354
468545	PKT	0:195:155670:292:298306:0:0
469544	TX_ANT	ff	289:0:10:26:1138
469544	PKT	0:192:155757:289:298309:0:0
470546	TX_ANT	ff	307:0:10:25:235
470546	PKT	0:202:170622:307:324878:0:0
471544	TX_ANT	ff	416:0:10:21:195
471544	PKT	0:279:286728:416:488836:0:0
472544	TX_ANT	ff	536:0:10:30:1194
472544	PKT	0:355:386865:536:653933:0:0
[VISION][STATUS] FPS=32 | mavi=(270,175) kirmizi=— | tespit=BEKLİYOR | kuyruk=0
473544	TX_ANT	ff	462:0:10:19:183
473544	PKT	0:309:318155:462:543951:0:0
474544	TX_ANT	ff	455:0:10:25:271
474544	PKT	0:302:312428:455:538028:0:0
475544	TX_ANT	ff	536:0:10:19:223
475544	PKT	0:355:386755:536:653823:0:0
476544	TX_ANT	ff	446:0:10:33:2679
476544	PKT	0:297:307972:446:527720:0:0
477544	TX_ANT	ff	316:0:10:40:715
477544	PKT	0:211:189250:316:343758:0:0
[VISION][STATUS] FPS=32 | mavi=— kirmizi=— | tespit=BEKLİYOR | kuyruk=0
478544	TX_ANT	ff	345:0:10:33:941
478544	PKT	0:228:211813:345:383933:0:0
479544	TX_ANT	ff	342:0:10:26:893
479544	PKT	0:229:207900:342:374336:0:0
480544	TX_ANT	ff	320:0:11:27:352
480544	PKT	0:211:181799:320:342019:0:0
481544	TX_ANT	ff	306:0:10:30:582
481544	PKT	0:205:180088:306:328716:0:0
482544	TX_ANT	ff	322:0:10:25:299
482544	PKT	0:213:186858:322:347134:0:0
[VISION][STATUS] FPS=32 | mavi=— kirmizi=— | tespit=BEKLİYOR | kuyruk=0
483545	TX_ANT	ff	313:0:10:22:279
483545	PKT	0:208:179923:313:334347:0:0
484544	TX_ANT	ff	312:0:10:21:219
484544	PKT	0:207:179655:312:334051:0:0
485544	TX_ANT	ff	307:0:10:22:256
485544	PKT	0:206:180340:307:328996:0:0
486544	TX_ANT	ff	312:0:10:29:904
486544	PKT	0:207:182693:312:337089:0:0
487544	TX_ANT	ff	323:0:10:40:2313
487544	PKT	0:214:184534:323:344838:0:0
[VISION][STATUS] FPS=32 | mavi=— kirmizi=— | tespit=BEKLİYOR | kuyruk=0
488545	TX_ANT	ff	313:0:10:23:165
488545	PKT	0:208:182224:313:336648:0:0
489544	TX_ANT	ff	309:0:10:20:200
489544	PKT	0:204:179128:309:333440:0:0
490544	TX_ANT	ff	318:0:10:20:327
490544	PKT	0:213:184380:318:338944:0:0
491548	TX_ANT	ff	320:0:10:26:774
491548	PKT	0:211:185028:320:345248:0:0
492544	TX_ANT	ff	305:0:10:21:608
492544	PKT	0:204:181579:305:330179:0:0
[VISION][STATUS] FPS=32 | mavi=(624,412) kirmizi=— | tespit=BEKLİYOR | kuyruk=0
493544	TX_ANT	ff	325:0:10:30:2503
493544	PKT	0:216:190554:325:350914:0:0
494545	TX_ANT	ff	325:0:10:21:161
494545	PKT	0:216:188776:325:349136:0:0
495544	TX_ANT	ff	321:0:10:22:193
495544	PKT	0:212:186125:321:346373:0:0
496545	TX_ANT	ff	326:0:10:19:140
496545	PKT	0:217:192539:326:352927:0:0
497544	TX_ANT	ff	325:0:10:25:187
497544	PKT	0:216:189707:325:350067:0:0
[VISION][STATUS] FPS=32 | mavi=— kirmizi=— | tespit=BEKLİYOR | kuyruk=0
498544	TX_ANT	ff	316:0:10:35:725
498544	PKT	0:211:184876:316:339384:0:0
499545	TX_ANT	ff	326:0:10:26:209
499545	PKT	0:217:191060:326:351448:0:0
500544	TX_ANT	ff	324:0:10:26:329
500544	PKT	0:215:184626:324:344958:0:0
501545	TX_ANT	ff	323:0:10:24:213
501545	PKT	0:214:187827:323:348131:0:0
502545	TX_ANT	ff	314:0:10:22:192
502545	PKT	0:209:182644:314:337096:0:0
[VISION][STATUS] FPS=32 | mavi=(604,429) kirmizi=— | tespit=BEKLİYOR | kuyruk=0
503545	TX_ANT	ff	338:0:10:21:702
503545	PKT	0:225:197150:338:363474:0:0
504544	TX_ANT	ff	333:0:10:21:221
504544	PKT	0:220:191971:333:358155:0:0
505544	TX_ANT	ff	332:0:10:25:530
505544	PKT	0:223:201814:332:362370:0:0
506544	TX_ANT	ff	325:0:10:29:683
506544	PKT	0:216:186559:325:346919:0:0
507544	TX_ANT	ff	312:0:10:26:241
507544	PKT	0:207:178752:312:333148:0:0
[VISION][STATUS] FPS=32 | mavi=— kirmizi=— | tespit=BEKLİYOR | kuyruk=0
508544	TX_ANT	ff	321:0:10:40:1867
508544	PKT	0:212:186452:321:346700:0:0
509545	TX_ANT	ff	329:0:10:23:196
509545	PKT	0:220:191170:329:351642:0:0
510544	TX_ANT	ff	344:0:10:31:2079
510544	PKT	0:227:200567:344:372659:0:0
511545	TX_ANT	ff	331:0:10:29:869
511545	PKT	0:222:193728:331:354256:0:0
512544	TX_ANT	ff	321:0:10:21:159
512544	PKT	0:212:180395:321:340643:0:0
[VISION][STATUS] FPS=32 | mavi=(581,18) kirmizi=— | tespit=BEKLİYOR | kuyruk=0
513545	TX_ANT	ff	323:0:10:21:179
513545	PKT	0:214:184752:323:345056:0:0
514544	TX_ANT	ff	316:0:10:22:195
514544	PKT	0:211:182199:316:336707:0:0
515544	TX_ANT	ff	322:0:10:32:877
515544	PKT	0:213:184741:322:345017:0:0
516544	TX_ANT	ff	316:0:10:28:561
516544	PKT	0:211:181146:316:335654:0:0
517544	TX_ANT	ff	314:0:11:30:742
517544	PKT	0:209:181868:314:336320:0:0
[VISION][STATUS] FPS=32 | mavi=— kirmizi=— | tespit=BEKLİYOR | kuyruk=0
518544	TX_ANT	ff	311:0:10:32:639
518544	PKT	0:206:180647:311:335015:0:0
519544	TX_ANT	ff	316:0:10:27:528
519544	PKT	0:211:184204:316:338712:0:0
520544	TX_ANT	ff	319:0:10:21:219
520544	PKT	0:210:183363:319:343555:0:0
521545	TX_ANT	ff	317:0:10:32:1184
521545	PKT	0:212:185960:317:340496:0:0
522545	TX_ANT	ff	312:0:10:22:672
522545	PKT	0:207:181141:312:335537:0:0
[VISION][STATUS] FPS=32 | mavi=— kirmizi=— | tespit=BEKLİYOR | kuyruk=0
523544	TX_ANT	ff	314:0:10:30:494
523544	PKT	0:209:180557:314:335009:0:0
524544	TX_ANT	ff	314:0:10:26:313
524544	PKT	0:209:184509:314:338961:0:0
525544	TX_ANT	ff	320:0:10:48:2173
525544	PKT	0:211:185208:320:345428:0:0
526544	TX_ANT	ff	315:0:10:24:825
526544	PKT	0:210:184169:315:338649:0:0
527544	TX_ANT	ff	316:0:10:22:191
527544	PKT	0:211:183455:316:337963:0:0
[VISION][STATUS] FPS=32 | mavi=— kirmizi=— | tespit=BEKLİYOR | kuyruk=0
528545	TX_ANT	ff	308:0:10:27:651
528545	PKT	0:203:178535:308:332819:0:0
529545	TX_ANT	ff	319:0:10:26:298
529545	PKT	0:214:186703:319:341295:0:0
530544	TX_ANT	ff	310:0:10:25:278
530544	PKT	0:205:180425:310:334765:0:0
531544	TX_ANT	ff	314:0:10:23:289
531544	PKT	0:209:182330:314:336782:0:0
532544	TX_ANT	ff	316:0:9:38:820
532544	PKT	0:211:183652:316:338160:0:0
[VISION][STATUS] FPS=32 | mavi=— kirmizi=— | tespit=BEKLİYOR | kuyruk=0
533544	TX_ANT	ff	312:0:11:28:1076
533544	PKT	0:207:181235:312:335631:0:0
534544	TX_ANT	ff	312:0:10:29:994
534544	PKT	0:207:180585:312:334981:0:0
535544	TX_ANT	ff	310:0:10:20:184
535544	PKT	0:205:181027:310:335367:0:0
536544	TX_ANT	ff	314:0:10:43:1057
536544	PKT	0:209:182291:314:336743:0:0
537544	TX_ANT	ff	312:0:10:33:568
537544	PKT	0:207:182317:312:336713:0:0
[VISION][STATUS] FPS=32 | mavi=— kirmizi=— | tespit=BEKLİYOR | kuyruk=0
538544	TX_ANT	ff	306:0:10:26:210
538544	PKT	0:205:179747:306:328375:0:0
539544	TX_ANT	ff	301:0:10:30:399
539544	PKT	0:200:177823:301:326311:0:0
540544	TX_ANT	ff	307:0:11:33:336
540544	PKT	0:202:179460:307:333716:0:0
541547	TX_ANT	ff	319:0:10:34:1488
541547	PKT	0:214:185877:319:340469:0:0
542545	TX_ANT	ff	331:0:10:24:289
542545	PKT	0:218:191030:331:357158:0:0
[VISION][STATUS] FPS=32 | mavi=— kirmizi=— | tespit=BEKLİYOR | kuyruk=0
543544	TX_ANT	ff	324:0:10:18:201
543544	PKT	0:215:188611:324:348943:0:0
544544	TX_ANT	ff	329:0:10:22:197
544544	PKT	0:220:193655:329:354127:0:0
545545	TX_ANT	ff	334:0:10:43:3462
545545	PKT	0:221:198509:334:364721:0:0
546545	TX_ANT	ff	326:0:10:24:945
546545	PKT	0:217:193549:326:353937:0:0
547546	TX_ANT	ff	325:0:10:26:192
547546	PKT	0:216:189424:325:349784:0:0
[VISION][STATUS] FPS=32 | mavi=— kirmizi=— | tespit=BEKLİYOR | kuyruk=0
548544	TX_ANT	ff	312:0:10:23:304
548544	PKT	0:207:182851:312:337247:0:0
549544	TX_ANT	ff	325:0:10:22:203
549544	PKT	0:216:190610:325:350970:0:0
550544	TX_ANT	ff	329:0:10:28:1002
550544	PKT	0:220:197268:329:357740:0:0
551544	TX_ANT	ff	327:0:10:26:247
551544	PKT	0:218:190222:327:350638:0:0
552544	TX_ANT	ff	324:0:10:32:657
552544	PKT	0:215:188267:324:348599:0:0
[VISION][STATUS] FPS=32 | mavi=— kirmizi=— | tespit=BEKLİYOR | kuyruk=0
553544	TX_ANT	ff	331:0:11:35:1139
553544	PKT	0:218:190440:331:356568:0:0
554545	TX_ANT	ff	316:0:10:37:699
554545	PKT	0:211:181896:316:336404:0:0
555544	TX_ANT	ff	313:0:10:23:184
555544	PKT	0:208:182445:313:336869:0:0
556544	TX_ANT	ff	316:0:10:24:180
556544	PKT	0:211:185194:316:339702:0:0
557545	TX_ANT	ff	321:0:10:22:190
557545	PKT	0:212:186640:321:346888:0:0
[VISION][STATUS] FPS=32 | mavi=— kirmizi=— | tespit=BEKLİYOR | kuyruk=0
558544	TX_ANT	ff	316:0:10:19:190
558544	PKT	0:211:185674:316:340182:0:0
559544	TX_ANT	ff	314:0:10:20:282
559544	PKT	0:209:185439:314:339891:0:0
560544	TX_ANT	ff	312:0:10:39:980
560544	PKT	0:207:183316:312:337712:0:0
561545	TX_ANT	ff	311:0:10:23:278
561545	PKT	0:206:182911:311:337279:0:0
562544	TX_ANT	ff	311:0:10:30:846
562544	PKT	0:206:182646:311:337014:0:0
[VISION][STATUS] FPS=32 | mavi=— kirmizi=— | tespit=BEKLİYOR | kuyruk=0
563544	TX_ANT	ff	305:0:10:23:792
563544	PKT	0:204:182775:305:331375:0:0
564544	TX_ANT	ff	302:0:10:25:627
564544	PKT	0:201:178843:302:327359:0:0
565545	TX_ANT	ff	307:0:10:39:1458
565545	PKT	0:202:179274:307:333530:0:0
566545	TX_ANT	ff	301:0:10:25:738
566545	PKT	0:200:179103:301:327591:0:0
567544	TX_ANT	ff	313:0:10:24:295
567544	PKT	0:208:183441:313:337865:0:0
[VISION][STATUS] FPS=32 | mavi=— kirmizi=— | tespit=BEKLİYOR | kuyruk=0
568544	TX_ANT	ff	302:0:10:29:886
568544	PKT	0:201:180971:302:329487:0:0
569544	TX_ANT	ff	293:0:10:33:1151
569544	PKT	0:196:176149:293:318813:0:0
570544	TX_ANT	ff	308:0:10:26:886
570544	PKT	0:203:180401:308:334685:0:0
571544	TX_ANT	ff	325:0:10:28:399
571544	PKT	0:216:190210:325:350570:0:0
572544	TX_ANT	ff	307:0:10:31:683
572544	PKT	0:206:181816:307:330472:0:0
[VISION][STATUS] FPS=32 | mavi=— kirmizi=— | tespit=BEKLİYOR | kuyruk=0
573544	TX_ANT	ff	302:0:10:29:366
573544	PKT	0:201:179011:302:327527:0:0
574544	TX_ANT	ff	308:0:11:39:516
574544	PKT	0:203:181972:308:336256:0:0
575544	TX_ANT	ff	306:0:10:32:2318
575544	PKT	0:205:179375:306:328003:0:0
576544	TX_ANT	ff	310:0:10:18:153
576544	PKT	0:205:181575:310:335915:0:0
577545	TX_ANT	ff	313:0:10:23:678
577545	PKT	0:208:182518:313:336942:0:0
[VISION][STATUS] FPS=32 | mavi=— kirmizi=— | tespit=BEKLİYOR | kuyruk=0
578545	TX_ANT	ff	322:0:10:21:358
578545	PKT	0:213:187417:322:347693:0:0
579544	TX_ANT	ff	313:0:10:19:169
579544	PKT	0:208:184000:313:338424:0:0
580545	TX_ANT	ff	317:0:10:27:1005
580545	PKT	0:212:183507:317:338043:0:0
581548	TX_ANT	ff	323:0:10:20:232
581548	PKT	0:214:188880:323:349184:0:0
582544	TX_ANT	ff	314:0:10:19:207
582544	PKT	0:209:184566:314:339018:0:0
[VISION][STATUS] FPS=32 | mavi=— kirmizi=— | tespit=BEKLİYOR | kuyruk=0
583544	TX_ANT	ff	310:0:10:26:806
583544	PKT	0:205:177911:310:332251:0:0
584544	TX_ANT	ff	315:0:10:32:865
584544	PKT	0:210:186138:315:340618:0:0
585544	TX_ANT	ff	312:0:10:32:374
585544	PKT	0:207:182971:312:337367:0:0
586544	TX_ANT	ff	303:0:10:26:742
586544	PKT	0:202:180411:303:328955:0:0
587545	TX_ANT	ff	321:0:10:35:3426
587545	PKT	0:212:190308:321:350556:0:0
588544	TX_ANT	ff	314:0:11:30:1085
588544	PKT	0:209:183003:314:337455:0:0
[VISION][STATUS] FPS=32 | mavi=— kirmizi=— | tespit=BEKLİYOR | kuyruk=0
589544	TX_ANT	ff	312:0:11:27:388
589544	PKT	0:207:183620:312:338016:0:0
590544	TX_ANT	ff	296:0:10:29:433
590544	PKT	0:199:176224:296:318972:0:0
591544	TX_ANT	ff	307:0:11:41:536
591544	PKT	0:202:180709:307:334965:0:0
592544	TX_ANT	ff	307:0:10:38:2814
592544	PKT	0:206:182447:307:331103:0:0
593544	TX_ANT	ff	311:0:10:22:195
593544	PKT	0:206:182023:311:336391:0:0
[VISION][STATUS] FPS=32 | mavi=(620,461) kirmizi=— | tespit=BEKLİYOR | kuyruk=0
594545	TX_ANT	ff	309:0:10:26:337
594545	PKT	0:204:181153:309:335465:0:0
595544	TX_ANT	ff	313:0:11:22:129
595544	PKT	0:208:181461:313:335885:0:0
596544	TX_ANT	ff	306:0:10:32:1358
596544	PKT	0:205:182761:306:331389:0:0
597544	TX_ANT	ff	311:0:10:21:204
597544	PKT	0:206:180962:311:335330:0:0
598544	TX_ANT	ff	313:0:10:25:271
598544	PKT	0:208:184336:313:338760:0:0
[VISION][STATUS] FPS=32 | mavi=— kirmizi=— | tespit=BEKLİYOR | kuyruk=0
599544	TX_ANT	ff	309:0:10:31:647
599544	PKT	0:204:180571:309:334883:0:0
600545	TX_ANT	ff	307:0:10:31:779
600545	PKT	0:206:181749:307:330405:0:0
601545	TX_ANT	ff	308:0:10:24:316
601545	PKT	0:203:182588:308:336872:0:0
602544	TX_ANT	ff	304:0:10:25:448
602544	PKT	0:203:180143:304:328715:0:0
603544	TX_ANT	ff	309:0:10:23:254
603544	PKT	0:204:176934:309:331246:0:0
[VISION][STATUS] FPS=32 | mavi=— kirmizi=— | tespit=BEKLİYOR | kuyruk=0
604544	TX_ANT	ff	301:0:10:30:1428
604544	PKT	0:200:179352:301:327840:0:0
605546	TX_ANT	ff	296:0:10:29:871
605546	PKT	0:199:177163:296:319911:0:0
606544	TX_ANT	ff	308:0:10:20:197
606544	PKT	0:203:179719:308:334003:0:0
607544	TX_ANT	ff	305:0:10:20:177
607544	PKT	0:204:181214:305:329814:0:0
608544	TX_ANT	ff	321:0:9:36:1794
608544	PKT	0:212:186855:321:347103:0:0
[VISION][STATUS] FPS=32 | mavi=— kirmizi=— | tespit=BEKLİYOR | kuyruk=0
609544	TX_ANT	ff	305:0:10:27:1087
609544	PKT	0:204:179521:305:328121:0:0
610544	TX_ANT	ff	302:0:10:26:340
610544	PKT	0:201:179322:302:327838:0:0
611545	TX_ANT	ff	307:0:10:25:348
611545	PKT	0:202:178769:307:333025:0:0
612544	TX_ANT	ff	304:0:10:20:225
612544	PKT	0:203:179082:304:327654:0:0
613545	TX_ANT	ff	310:0:10:19:189
613545	PKT	0:205:181501:310:335841:0:0
[VISION][STATUS] FPS=32 | mavi=— kirmizi=— | tespit=BEKLİYOR | kuyruk=0
614544	TX_ANT	ff	303:0:11:26:758
614544	PKT	0:202:179578:303:328122:0:0
615544	TX_ANT	ff	298:0:10:22:200
615544	PKT	0:197:178780:298:327184:0:0
616544	TX_ANT	ff	294:0:10:30:759
616544	PKT	0:197:177408:294:320100:0:0
617544	TX_ANT	ff	299:0:10:25:424
617544	PKT	0:198:175779:299:324211:0:0
618544	TX_ANT	ff	304:0:10:20:191
618544	PKT	0:203:181061:304:329633:0:0
[VISION][STATUS] FPS=32 | mavi=— kirmizi=— | tespit=BEKLİYOR | kuyruk=0
619545	TX_ANT	ff	300:0:10:20:167
619545	PKT	0:199:179276:300:327736:0:0
620545	TX_ANT	ff	302:0:10:28:905
620545	PKT	0:201:181653:302:330169:0:0
621544	TX_ANT	ff	301:0:10:22:865
621544	PKT	0:200:177926:301:326414:0:0
622545	TX_ANT	ff	302:0:10:21:160
622545	PKT	0:201:178953:302:327469:0:0
623544	TX_ANT	ff	312:0:10:19:195
623544	PKT	0:207:185066:312:339462:0:0
[VISION][STATUS] FPS=32 | mavi=— kirmizi=— | tespit=BEKLİYOR | kuyruk=0
624544	TX_ANT	ff	299:0:10:23:150
624544	PKT	0:198:175663:299:324095:0:0
625545	TX_ANT	ff	302:0:10:25:380
625545	PKT	0:201:181691:302:330207:0:0
626544	TX_ANT	ff	313:0:10:22:226
626544	PKT	0:208:184703:313:339127:0:0
627544	TX_ANT	ff	299:0:10:28:855
627544	PKT	0:198:179212:299:327644:0:0
628544	TX_ANT	ff	304:0:10:37:1965
628544	PKT	0:203:179522:304:328094:0:0
[VISION][STATUS] FPS=32 | mavi=— kirmizi=— | tespit=BEKLİYOR | kuyruk=0
629544	TX_ANT	ff	319:0:10:23:185
629544	PKT	0:210:183619:319:343811:0:0
630545	TX_ANT	ff	295:0:10:30:971
630545	PKT	0:198:177157:295:319877:0:0
631545	TX_ANT	ff	301:0:10:28:994
631545	PKT	0:200:177392:301:325880:0:0
632545	TX_ANT	ff	307:0:11:24:257
632545	PKT	0:202:179409:307:333665:0:0
633544	TX_ANT	ff	295:0:10:25:196
633544	PKT	0:198:177011:295:319731:0:0
[VISION][STATUS] FPS=32 | mavi=— kirmizi=— | tespit=BEKLİYOR | kuyruk=0
634544	TX_ANT	ff	311:0:11:24:201
634544	PKT	0:206:184622:311:338990:0:0
635544	TX_ANT	ff	304:0:10:23:551
635544	PKT	0:203:180071:304:328643:0:0
636544	TX_ANT	ff	311:0:11:31:1269
636544	PKT	0:206:181622:311:335990:0:0
637545	TX_ANT	ff	303:0:11:43:1543
637545	PKT	0:202:179352:303:327896:0:0
638544	TX_ANT	ff	299:0:10:52:675
638544	PKT	0:198:177983:299:326415:0:0
[VISION][STATUS] FPS=32 | mavi=— kirmizi=— | tespit=BEKLİYOR | kuyruk=0
639544	TX_ANT	ff	290:0:10:27:588
639544	PKT	0:193:174658:290:317238:0:0
640544	TX_ANT	ff	298:0:11:45:927
640544	PKT	0:197:175972:298:324376:0:0
641544	TX_ANT	ff	299:0:11:28:1167
641544	PKT	0:198:178046:299:326478:0:0
642544	TX_ANT	ff	303:0:10:29:296
642544	PKT	0:202:180921:303:329465:0:0
643545	TX_ANT	ff	304:0:11:27:811
643545	PKT	0:203:179980:304:328552:0:0
[VISION][STATUS] FPS=32 | mavi=— kirmizi=— | tespit=BEKLİYOR | kuyruk=0
644544	TX_ANT	ff	308:0:10:25:196
644544	PKT	0:203:180106:308:334390:0:0
645545	TX_ANT	ff	304:0:10:25:334
645545	PKT	0:203:181935:304:330507:0:0
646545	TX_ANT	ff	303:0:10:18:103
646545	PKT	0:202:178863:303:327407:0:0
647544	TX_ANT	ff	301:0:10:49:1059
647544	PKT	0:200:178854:301:327342:0:0
648544	TX_ANT	ff	297:0:10:25:427
648544	PKT	0:196:176613:297:324989:0:0
[VISION][STATUS] FPS=32 | mavi=— kirmizi=— | tespit=BEKLİYOR | kuyruk=0
649544	TX_ANT	ff	300:0:10:23:419
649544	PKT	0:199:177148:300:325608:0:0
650545	TX_ANT	ff	302:0:10:22:195
650545	PKT	0:201:181562:302:330078:0:0
651547	TX_ANT	ff	293:0:10:27:315
651547	PKT	0:196:174887:293:317551:0:0
652544	TX_ANT	ff	297:0:10:24:199
652544	PKT	0:196:176377:297:324753:0:0
653544	TX_ANT	ff	301:0:10:24:206
653544	PKT	0:200:179677:301:328165:0:0
[VISION][STATUS] FPS=32 | mavi=— kirmizi=— | tespit=BEKLİYOR | kuyruk=0
                                                                                                                                                                                                                                                                                                                                                                                                                                                                                                                                                                                                                                                                                                                                                                                                                                                                                                                                                                                                                                                                                                                                                                                                                                                                                                                                                                                                                                                                                                                                                                                                                                                                                                                                                                                                                     ============================================================
TEKNOFEST 2026 - Sabit Kanat - Görev 2
  Video   : 640x480 @ 30fps
  FC      : /dev/ttyAMA3 @ 115200baud
  WFB     : MAC=6c:4c:bc:0a:62:a0  kanal=36
  Tarama  : WP 4 → 10.0m/s | loop çıkış WP=7
  Drop    : tetik=20m | USE_FC_SERVO=True
  Tespit  : WP 4'de aktif
============================================================
[SERVO] GPIO servo başlatılıyor...
[SERVO] Kırmızı yük → GPIO 18 | 50Hz PWM başladı (duty=7.5%)
[SERVO] Mavi yük    → GPIO 23 | 50Hz PWM başladı (duty=7.5%)
[SERVO] ✓ Tüm servolar nötr konumda hazır
[PIPELINE] WiFi arayüzü aranıyor (MAC=6c:4c:bc:0a:62:a0)...
[PIPELINE] 'ip link' çıktısı (675 karakter)
[PIPELINE] MAC satırı bulundu (indeks 5): link/ieee802.11/radiotap 6c:4c:bc:0a:62:a0 brd ff:ff:ff:ff:ff:ff
[PIPELINE] Önceki satır: 3: wlan0: <BROADCAST,MULTICAST,UP,LOWER_UP> mtu 1500 qdisc mq state UP mode DEFAULT group default qlen 1000 → arayüz=wlan0
[PIPELINE] ✓ Arayüz: wlan0
[PIPELINE] rfkill unblock + NetworkManager durduruluyor...
[PIPELINE] ✓  link set wlan0 down
[PIPELINE] ✓  dev wlan0 set monitor none
[PIPELINE] ✓  link set wlan0 up
[PIPELINE] ✓  dev wlan0 set channel 36
[PIPELINE] ✓  dev wlan0 set txpower fixed 2000
[PIPELINE] ✓ Monitor mode aktif: wlan0 | kanal=36

[PIPELINE] Pipeline başlatılıyor...
[PIPELINE] wfb_tx komutu: sudo wfb_tx -K /home/albatros/gs.key -i 7669206 -p 0 -u 5600 wlan0
[PIPELINE] wfb_tx başladı → PID=1539
137361	LISTEN_UDP_CONTROL	54318
137361	PKT	0:0:0:0:0:0:0
138362	PKT	0:0:0:0:0:0:0
[PIPELINE] rpicam-vid komutu: rpicam-vid -t 0 --inline --codec h264 --width 640 --height 480 --framerate 30 --bitrate 2000000 --intra 30 --listen -o tcp://127.0.0.1:8888
[PIPELINE] rpicam-vid başladı → PID=1543 | TCP:8888
139362	PKT	0:0:0:0:0:0:0
140361	PKT	0:0:0:0:0:0:0
141362	PKT	0:0:0:0:0:0:0
142362	PKT	0:0:0:0:0:0:0
143361	PKT	0:0:0:0:0:0:0
[PIPELINE] ✓ Pipeline hazır (FFmpeg + GStreamer vision thread'inde başlayacak)

[MAIN] OpenCV thread başlatılıyor...
[VISION] Thread başlatıldı — 7s bekleniyor (rpicam-vid hazırlanıyor)...[MAIN] OpenCV thread başladı (TID=547597250912)


[MAIN] MAVSDK bağlanıyor: serial:///dev/ttyAMA3:115200
144361	PKT	0:0:0:0:0:0:0
145362	PKT	0:0:0:0:0:0:0
146362	PKT	0:0:0:0:0:0:0
147362	PKT	0:0:0:0:0:0:0
148362	PKT	0:0:0:0:0:0:0
149362	PKT	0:0:0:0:0:0:0
150361	PKT	0:0:0:0:0:0:0
[VISION] FFmpeg decode başlatılıyor: ffmpeg -fflags nobuffer -flags low_delay -probesize 32 -analyzeduration 0 -i tcp://127.0.0.1:8888 -f rawvideo -pix_fmt bgr24 -s 640x480 -r 30 -
[VISION] FFmpeg decode başladı → PID=1574
[VISION] FFmpeg encode başlatılıyor: ffmpeg -f rawvideo -pix_fmt bgr24 -s 640x480 -r 30 -i - -c:v h264_v4l2m2m -b:v 2000k -g 15 -flush_packets 1 -f h264 -
[VISION] FFmpeg encode başladı → PID=1575 (h264_v4l2m2m)
[VISION] GStreamer başlatılıyor: gst-launch-1.0 fdsrc ! h264parse ! rtph264pay config-interval=1 pt=96 ! udpsink host=127.0.0.1 port=5600[VISION] Frame okuma döngüsü başladı — frame_size=921600 bytes

[VISION] GStreamer başladı → PID=1578
151362	PKT	0:0:0:0:0:0:0
152362	PKT	0:0:0:0:0:0:0
Setting pipeline to PAUSED ...
Pipeline is PREROLLING ...
153362	PKT	0:0:0:0:0:0:0
154362	PKT	0:0:0:0:0:0:0
155362	PKT	0:0:0:0:0:0:0
Redistribute latency...
Pipeline is PREROLLED ...
Setting pipeline to PLAYING ...
Redistribute latency...
New clock: GstSystemClock
156361	TX_ANT	ff	211:0:10:22:237
156361	PKT	0:142:108200:211:207044:0:0
[VISION][STATUS] FPS=32 | mavi=— kirmizi=— | tespit=BEKLİYOR | kuyruk=0
157362	TX_ANT	ff	287:0:11:22:176
157362	PKT	0:190:164012:287:306508:0:0
158361	TX_ANT	ff	286:0:10:21:212
158361	PKT	0:189:162672:286:305140:0:0
159361	TX_ANT	ff	282:0:10:21:167
159361	PKT	0:189:161535:282:298291:0:0
160361	TX_ANT	ff	287:0:10:23:216
160361	PKT	0:190:163142:287:305638:0:0
161362	TX_ANT	ff	288:0:10:25:331
161362	PKT	0:191:163211:288:305735:0:0
[VISION][STATUS] FPS=32 | mavi=— kirmizi=— | tespit=BEKLİYOR | kuyruk=0
162361	TX_ANT	ff	286:0:10:18:84
162361	PKT	0:189:161052:286:303520:0:0
163361	TX_ANT	ff	282:0:10:19:169
163361	PKT	0:189:160209:282:296965:0:0
164361	TX_ANT	ff	287:0:10:18:151
164361	PKT	0:190:158808:287:301304:0:0
165362	TX_ANT	ff	286:0:10:19:97
165362	PKT	0:189:158662:286:301130:0:0
166361	TX_ANT	ff	282:0:10:30:1725
166361	PKT	0:189:159376:282:296132:0:0
[VISION][STATUS] FPS=32 | mavi=— kirmizi=— | tespit=BEKLİYOR | kuyruk=0
167361	TX_ANT	ff	286:0:10:25:336
167361	PKT	0:189:159428:286:301896:0:0
168361	TX_ANT	ff	282:0:10:23:272
168361	PKT	0:189:158738:282:295494:0:0
169361	TX_ANT	ff	286:0:10:24:178
169361	PKT	0:189:158873:286:301341:0:0
170363	TX_ANT	ff	277:0:10:21:168
170363	PKT	0:184:155072:277:291688:0:0
171361	TX_ANT	ff	292:0:10:22:201
171361	PKT	0:195:163383:292:306019:0:0
[VISION][STATUS] FPS=32 | mavi=— kirmizi=— | tespit=BEKLİYOR | kuyruk=0
172362	TX_ANT	ff	348:0:10:29:691
172362	PKT	0:231:213124:348:385328:0:0
173361	TX_ANT	ff	332:0:10:24:868
173361	PKT	0:219:202234:332:368390:0:0
174361	TX_ANT	ff	445:0:10:18:182
174361	PKT	0:296:306673:445:526393:0:0
175361	TX_ANT	ff	469:0:10:18:176
175361	PKT	0:312:331647:469:563239:0:0
176361	TX_ANT	ff	484:0:10:18:152
176361	PKT	0:323:346618:484:584230:0:0
[VISION][STATUS] FPS=32 | mavi=— kirmizi=— | tespit=BEKLİYOR | kuyruk=0
177361	TX_ANT	ff	399:0:10:23:784
177361	PKT	0:266:265124:399:461156:0:0
178361	TX_ANT	ff	361:0:10:38:2012
178361	PKT	0:240:223801:361:401969:0:0
179361	TX_ANT	ff	370:0:10:29:1237
179361	PKT	0:245:236546:370:420566:0:0
180362	TX_ANT	ff	443:0:10:24:363
180362	PKT	0:294:302477:443:522141:0:0
181361	TX_ANT	ff	354:0:10:43:2324
181361	PKT	0:237:225572:354:397944:0:0
[VISION][STATUS] FPS=32 | mavi=— kirmizi=(307,392) | tespit=BEKLİYOR | kuyruk=0
182361	TX_ANT	ff	324:0:10:24:285
182361	PKT	0:215:196381:324:356713:0:0
183363	TX_ANT	ff	434:0:10:32:1289
183363	PKT	0:289:296431:434:510243:0:0
184361	TX_ANT	ff	511:0:10:36:4208
184361	PKT	0:338:367425:511:622593:0:0
185361	TX_ANT	ff	542:0:10:28:1413
185361	PKT	0:361:396155:542:663391:0:0
186362	TX_ANT	ff	499:0:10:27:507
186362	PKT	0:334:359262:499:602894:0:0
[VISION][STATUS] FPS=32 | mavi=— kirmizi=— | tespit=BEKLİYOR | kuyruk=0
187361	TX_ANT	ff	493:0:10:23:239
187361	PKT	0:328:352432:493:595896:0:0
188361	TX_ANT	ff	457:0:10:27:1999
188361	PKT	0:304:323164:457:548820:0:0
189361	TX_ANT	ff	477:0:10:32:1403
189361	PKT	0:316:329745:477:567161:0:0
190362	TX_ANT	ff	493:0:10:31:836
190362	PKT	0:328:349590:493:593054:0:0
191361	TX_ANT	ff	503:0:10:27:848
191361	PKT	0:334:361087:503:610431:0:0
[VISION][STATUS] FPS=32 | mavi=(618,304) kirmizi=(219,158) | tespit=BEKLİYOR | kuyruk=0
192362	TX_ANT	ff	487:0:10:26:917
192362	PKT	0:326:345820:487:583516:0:0
193361	TX_ANT	ff	492:0:10:19:171
193361	PKT	0:327:348431:492:591867:0:0
194361	TX_ANT	ff	500:0:10:19:195
194361	PKT	0:331:354523:500:603783:0:0
195361	TX_ANT	ff	499:0:10:26:1478
195361	PKT	0:334:361092:499:604724:0:0
196361	TX_ANT	ff	535:0:10:24:1248
196361	PKT	0:354:389786:535:656826:0:0
[VISION][STATUS] FPS=32 | mavi=(353,102) kirmizi=— | tespit=BEKLİYOR | kuyruk=0
197361	TX_ANT	ff	493:0:10:31:935
197361	PKT	0:328:353251:493:596715:0:0
198361	TX_ANT	ff	397:0:10:35:2011
198361	PKT	0:264:263033:397:459009:0:0
199361	TX_ANT	ff	294:0:10:21:207
199361	PKT	0:197:169944:294:312636:0:0
200361	TX_ANT	ff	464:0:10:19:227
200361	PKT	0:307:325375:464:556827:0:0
201362	TX_ANT	ff	365:0:9:23:216
201362	PKT	0:244:234288:365:412568:0:0
[VISION][STATUS] FPS=33 | mavi=— kirmizi=— | tespit=BEKLİYOR | kuyruk=0
202362	TX_ANT	ff	350:0:10:26:387
202362	PKT	0:233:219676:350:391936:0:0
203361	TX_ANT	ff	358:0:10:20:197
203361	PKT	0:237:225633:358:403717:0:0
204361	TX_ANT	ff	348:0:10:19:228
204361	PKT	0:231:222012:348:394216:0:0
205361	TX_ANT	ff	348:0:10:20:175
205361	PKT	0:231:221732:348:393936:0:0
206361	TX_ANT	ff	354:0:10:24:232
206361	PKT	0:237:228407:354:400779:0:0
[VISION][STATUS] FPS=32 | mavi=— kirmizi=— | tespit=BEKLİYOR | kuyruk=0
207364	TX_ANT	ff	358:0:10:28:337
207364	PKT	0:237:227783:358:405867:0:0
208361	TX_ANT	ff	300:0:10:23:186
208361	PKT	0:199:177949:300:326409:0:0
209363	TX_ANT	ff	302:0:10:21:347
209363	PKT	0:201:172581:302:321097:0:0
210361	TX_ANT	ff	322:0:10:21:183
210361	PKT	0:213:184091:322:344367:0:0
211361	TX_ANT	ff	308:0:10:30:667
211361	PKT	0:207:178217:308:326901:0:0
[VISION][STATUS] FPS=32 | mavi=— kirmizi=— | tespit=BEKLİYOR | kuyruk=0
212361	TX_ANT	ff	306:0:10:24:201
212361	PKT	0:201:176025:306:330253:0:0
213361	TX_ANT	ff	291:0:10:36:457
213361	PKT	0:194:174343:291:316951:0:0
214361	TX_ANT	ff	287:0:10:48:3155
214361	PKT	0:190:173420:287:315916:0:0
215361	TX_ANT	ff	293:0:10:28:255
215361	PKT	0:196:174625:293:317289:0:0
216361	TX_ANT	ff	290:0:10:19:122
216361	PKT	0:193:171886:290:314466:0:0
                                                                                                                                                     ============================================================
TEKNOFEST 2026 - Sabit Kanat - Görev 2
  Video   : 640x480 @ 30fps
  FC      : /dev/ttyAMA3 @ 115200baud
  WFB     : MAC=6c:4c:bc:0a:62:a0  kanal=36
  Tarama  : WP 4 → 10.0m/s | loop çıkış WP=7
  Drop    : tetik=20m | USE_FC_SERVO=True
  Tespit  : WP 4'de aktif
============================================================
[SERVO] GPIO servo başlatılıyor...
[SERVO] Kırmızı yük → GPIO 18 | 50Hz PWM başladı (duty=7.5%)
[SERVO] Mavi yük    → GPIO 23 | 50Hz PWM başladı (duty=7.5%)
[SERVO] ✓ Tüm servolar nötr konumda hazır
[PIPELINE] WiFi arayüzü aranıyor (MAC=6c:4c:bc:0a:62:a0)...
[PIPELINE] 'ip link' çıktısı (675 karakter)
[PIPELINE] MAC satırı bulundu (indeks 5): link/ieee802.11/radiotap 6c:4c:bc:0a:62:a0 brd ff:ff:ff:ff:ff:ff
[PIPELINE] Önceki satır: 3: wlan0: <BROADCAST,MULTICAST,UP,LOWER_UP> mtu 1500 qdisc mq state UP mode DEFAULT group default qlen 1000 → arayüz=wlan0
[PIPELINE] ✓ Arayüz: wlan0
[PIPELINE] rfkill unblock + NetworkManager durduruluyor...
[PIPELINE] ✓  link set wlan0 down
[PIPELINE] ✓  dev wlan0 set monitor none
[PIPELINE] ✓  link set wlan0 up
[PIPELINE] ✓  dev wlan0 set channel 36
[PIPELINE] ✓  dev wlan0 set txpower fixed 2000
[PIPELINE] ✓ Monitor mode aktif: wlan0 | kanal=36

[PIPELINE] Pipeline başlatılıyor...
[PIPELINE] wfb_tx komutu: sudo wfb_tx -K /home/albatros/gs.key -i 7669206 -p 0 -u 5600 wlan0
[PIPELINE] wfb_tx başladı → PID=1562
137714	LISTEN_UDP_CONTROL	35161
137714	PKT	0:0:0:0:0:0:0
138715	PKT	0:0:0:0:0:0:0
[PIPELINE] rpicam-vid komutu: rpicam-vid -t 0 --inline --codec h264 --width 640 --height 480 --framerate 30 --bitrate 2000000 --intra 30 --listen -o tcp://127.0.0.1:8888
[PIPELINE] rpicam-vid başladı → PID=1566 | TCP:8888
139715	PKT	0:0:0:0:0:0:0
140715	PKT	0:0:0:0:0:0:0
141715	PKT	0:0:0:0:0:0:0
142715	PKT	0:0:0:0:0:0:0
143715	PKT	0:0:0:0:0:0:0
[PIPELINE] ✓ Pipeline hazır (FFmpeg + GStreamer vision thread'inde başlayacak)

[MAIN] OpenCV thread başlatılıyor...
[VISION] Thread başlatıldı — 7s bekleniyor (rpicam-vid hazırlanıyor)...[MAIN] OpenCV thread başladı (TID=547654857056)


[MAIN] MAVSDK bağlanıyor: serial:///dev/ttyAMA3:115200
144715	PKT	0:0:0:0:0:0:0
145715	PKT	0:0:0:0:0:0:0
146715	PKT	0:0:0:0:0:0:0
147715	PKT	0:0:0:0:0:0:0
148714	PKT	0:0:0:0:0:0:0
149715	PKT	0:0:0:0:0:0:0
150715	PKT	0:0:0:0:0:0:0
[VISION] FFmpeg decode başlatılıyor: ffmpeg -fflags nobuffer -flags low_delay -probesize 32 -analyzeduration 0 -i tcp://127.0.0.1:8888 -f rawvideo -pix_fmt bgr24 -s 640x480 -r 30 -
[VISION] FFmpeg decode başladı → PID=1595
[VISION] FFmpeg encode başlatılıyor: ffmpeg -f rawvideo -pix_fmt bgr24 -s 640x480 -r 30 -i - -c:v h264_v4l2m2m -b:v 2000k -g 15 -flush_packets 1 -f h264 -
[VISION] FFmpeg encode başladı → PID=1596 (h264_v4l2m2m)
[VISION] GStreamer başlatılıyor: gst-launch-1.0 fdsrc ! h264parse ! rtph264pay config-interval=1 pt=96 ! udpsink host=127.0.0.1 port=5600[VISION] Frame okuma döngüsü başladı — frame_size=921600 bytes

[VISION] GStreamer başladı → PID=1599
151714	PKT	0:0:0:0:0:0:0
152716	PKT	0:0:0:0:0:0:0
Setting pipeline to PAUSED ...
Pipeline is PREROLLING ...
153715	PKT	0:0:0:0:0:0:0
154714	PKT	0:0:0:0:0:0:0
155716	PKT	0:0:0:0:0:0:0
Redistribute latency...
Pipeline is PREROLLED ...
Setting pipeline to PLAYING ...
Redistribute latency...
New clock: GstSystemClock
[VISION][STATUS] FPS=1 | mavi=— kirmizi=— | tespit=BEKLİYOR | kuyruk=0
156714	TX_ANT	ff	127:0:10:29:332
156714	PKT	0:86:31948:127:83708:0:0
157714	TX_ANT	ff	153:0:10:26:113
157714	PKT	0:100:47318:153:120834:0:0
158714	TX_ANT	ff	150:0:10:30:175
158714	PKT	0:101:47204:150:115156:0:0
159715	TX_ANT	ff	155:0:10:28:161
159715	PKT	0:102:48901:155:123789:0:0
160714	TX_ANT	ff	159:0:10:27:139
160714	PKT	0:106:50340:159:127360:0:0
161714	TX_ANT	ff	175:0:10:26:128
161714	PKT	0:114:51524:175:139936:0:0
[VISION][STATUS] FPS=32 | mavi=— kirmizi=— | tespit=BEKLİYOR | kuyruk=0
162714	TX_ANT	ff	162:0:10:26:89
162714	PKT	0:109:50570:162:127646:0:0
163714	TX_ANT	ff	169:0:10:26:170
163714	PKT	0:112:50596:169:133436:0:0
164714	TX_ANT	ff	176:0:10:24:197
164714	PKT	0:115:51387:176:140351:0:0
165714	TX_ANT	ff	160:0:9:29:166
165714	PKT	0:107:50214:160:127066:0:0
166714	TX_ANT	ff	160:0:10:28:294
166714	PKT	0:107:50480:160:127424:0:0
[VISION][STATUS] FPS=32 | mavi=— kirmizi=— | tespit=BEKLİYOR | kuyruk=0
167714	TX_ANT	ff	176:0:10:28:182
167714	PKT	0:115:51010:176:139522:0:0
168715	TX_ANT	ff	168:0:10:31:350
168715	PKT	0:111:50672:168:133376:0:0
169714	TX_ANT	ff	159:0:10:28:160
169714	PKT	0:106:50357:159:127185:0:0
170714	TX_ANT	ff	167:0:10:27:174
170714	PKT	0:110:50472:167:132876:0:0
171714	TX_ANT	ff	162:0:10:26:145
171714	PKT	0:109:50272:162:127024:0:0
[VISION][STATUS] FPS=32 | mavi=— kirmizi=— | tespit=BEKLİYOR | kuyruk=0
172714	TX_ANT	ff	166:0:10:26:145
172714	PKT	0:109:50454:166:133054:0:0
173714	TX_ANT	ff	161:0:10:24:119
173714	PKT	0:108:50580:161:127432:0:0
174714	TX_ANT	ff	169:0:9:27:187
174714	PKT	0:112:50748:169:133720:0:0
175714	TX_ANT	ff	169:0:10:25:170
175714	PKT	0:112:50896:169:133736:0:0
176714	TX_ANT	ff	169:0:10:27:196
176714	PKT	0:112:50860:169:133720:0:0
[VISION][STATUS] FPS=32 | mavi=— kirmizi=— | tespit=BEKLİYOR | kuyruk=0
177714	TX_ANT	ff	169:0:10:27:219
177714	PKT	0:112:50807:169:133675:0:0
178714	TX_ANT	ff	169:0:10:27:183
178714	PKT	0:112:50575:169:133291:0:0
179714	TX_ANT	ff	176:0:10:24:90
179714	PKT	0:115:51206:176:139782:0:0
180714	TX_ANT	ff	171:0:10:25:112
180714	PKT	0:114:51486:171:134390:0:0
181714	TX_ANT	ff	160:0:10:28:301
181714	PKT	0:107:50323:160:126843:0:0
[VISION][STATUS] FPS=32 | mavi=— kirmizi=— | tespit=BEKLİYOR | kuyruk=0
182714	TX_ANT	ff	175:0:10:23:127
182714	PKT	0:114:51369:175:140213:0:0
183714	TX_ANT	ff	168:0:10:25:171
183714	PKT	0:111:50562:168:133526:0:0
184715	TX_ANT	ff	170:0:10:27:209
184715	PKT	0:113:50953:170:134013:0:0
185714	TX_ANT	ff	174:0:10:27:182
185714	PKT	0:117:51457:174:134761:0:0
186714	TX_ANT	ff	180:0:10:24:170
186714	PKT	0:119:51960:180:141060:0:0
[VISION][STATUS] FPS=32 | mavi=— kirmizi=— | tespit=BEKLİYOR | kuyruk=0
187714	TX_ANT	ff	168:0:10:28:226
187714	PKT	0:111:50936:168:133716:0:0
188714	TX_ANT	ff	167:0:10:37:872
188714	PKT	0:110:50595:167:133275:0:0
189714	TX_ANT	ff	173:0:10:27:151
189714	PKT	0:116:51301:173:134293:0:0
190714	TX_ANT	ff	175:0:10:26:172
190714	PKT	0:114:51213:175:140045:0:0
191714	TX_ANT	ff	172:0:10:23:168
191714	PKT	0:115:51419:172:134563:0:0
[VISION][STATUS] FPS=32 | mavi=— kirmizi=— | tespit=BEKLİYOR | kuyruk=0
192714	TX_ANT	ff	178:0:10:25:153
192714	PKT	0:117:52034:178:141022:0:0
193714	TX_ANT	ff	161:0:10:27:198
193714	PKT	0:108:50659:161:127219:0:0
194714	TX_ANT	ff	180:0:10:29:267
194714	PKT	0:119:51897:180:140913:0:0
195714	TX_ANT	ff	178:0:10:22:95
195714	PKT	0:117:51671:178:140619:0:0
196714	TX_ANT	ff	162:0:10:30:217
196714	PKT	0:109:50324:162:126900:0:0
[VISION][STATUS] FPS=32 | mavi=— kirmizi=— | tespit=BEKLİYOR | kuyruk=0
197714	TX_ANT	ff	171:0:10:29:297
197714	PKT	0:114:51527:171:134311:0:0
198716	TX_ANT	ff	174:0:10:26:260
198716	PKT	0:113:51513:174:140105:0:0
199714	TX_ANT	ff	174:0:10:25:180
199714	PKT	0:117:51866:174:135030:0:0
200714	TX_ANT	ff	169:0:10:24:135
200714	PKT	0:112:51299:169:134023:0:0
201714	TX_ANT	ff	169:0:10:30:599
201714	PKT	0:112:51170:169:134170:0:0
[VISION][STATUS] FPS=32 | mavi=— kirmizi=— | tespit=BEKLİYOR | kuyruk=0
202714	TX_ANT	ff	159:0:10:27:180
202714	PKT	0:106:50299:159:126855:0:0
203714	TX_ANT	ff	163:0:10:24:144
203714	PKT	0:106:50600:163:132932:0:0
204714	TX_ANT	ff	170:0:10:27:188
204714	PKT	0:113:51322:170:133850:0:0
205715	TX_ANT	ff	169:0:10:27:159
205715	PKT	0:112:51038:169:133622:0:0
206714	TX_ANT	ff	172:0:10:27:231
206714	PKT	0:115:51753:172:134973:0:0
[VISION][STATUS] FPS=32 | mavi=— kirmizi=— | tespit=BEKLİYOR | kuyruk=0
207714	TX_ANT	ff	171:0:10:31:163
207714	PKT	0:114:52372:171:135564:0:0
208714	TX_ANT	ff	166:0:10:26:196
208714	PKT	0:109:50528:166:132832:0:0
209714	TX_ANT	ff	168:0:10:25:137
209714	PKT	0:111:50703:168:132751:0:0
210714	TX_ANT	ff	171:0:10:25:177
210714	PKT	0:114:51234:171:134334:0:0
211714	TX_ANT	ff	158:0:10:32:160
211714	PKT	0:105:50631:158:127327:0:0
[VISION][STATUS] FPS=32 | mavi=— kirmizi=— | tespit=BEKLİYOR | kuyruk=0
212714	TX_ANT	ff	158:0:10:32:327
212714	PKT	0:105:50388:158:127160:0:0
213714	TX_ANT	ff	164:0:10:30:369
213714	PKT	0:107:50695:164:132835:0:0
214714	TX_ANT	ff	162:0:10:28:222
214714	PKT	0:109:50659:162:127171:0:0
215714	TX_ANT	ff	166:0:10:29:267
215714	PKT	0:109:50692:166:133472:0:0
216714	TX_ANT	ff	165:0:10:30:267
216714	PKT	0:108:50582:165:133018:0:0
[VISION][STATUS] FPS=32 | mavi=— kirmizi=— | tespit=BEKLİYOR | kuyruk=0
217714	TX_ANT	ff	161:0:10:24:217
217714	PKT	0:108:50286:161:126494:0:0
218714	TX_ANT	ff	167:0:10:24:149
218714	PKT	0:110:50928:167:133620:0:0
219715	TX_ANT	ff	160:0:10:32:590
219715	PKT	0:107:50796:160:127648:0:0
220714	TX_ANT	ff	168:0:10:29:305
220714	PKT	0:111:50857:168:133697:0:0
221714	TX_ANT	ff	169:0:10:32:547
221714	PKT	0:112:51268:169:134028:0:0
[VISION][STATUS] FPS=32 | mavi=— kirmizi=— | tespit=BEKLİYOR | kuyruk=0
222714	TX_ANT	ff	167:0:10:27:240
222714	PKT	0:110:51245:167:133905:0:0
223714	TX_ANT	ff	172:0:10:27:338
223714	PKT	0:115:51956:172:135140:0:0
224714	TX_ANT	ff	171:0:10:38:1494
224714	PKT	0:114:51515:171:134591:0:0
225714	TX_ANT	ff	162:0:10:34:693
225714	PKT	0:105:50094:162:132106:0:0
226714	TX_ANT	ff	161:0:10:24:173
226714	PKT	0:108:50147:161:126567:0:0
[VISION][STATUS] FPS=32 | mavi=— kirmizi=— | tespit=BEKLİYOR | kuyruk=0
227714	TX_ANT	ff	167:0:10:27:287
227714	PKT	0:110:50737:167:133025:0:0
228714	TX_ANT	ff	180:0:10:25:144
228714	PKT	0:119:51847:180:140947:0:0
229714	TX_ANT	ff	168:0:10:25:218
229714	PKT	0:111:51373:168:134117:0:0
230714	TX_ANT	ff	176:0:10:29:423
230714	PKT	0:119:52087:176:135475:0:0
231714	TX_ANT	ff	187:0:10:22:194
231714	PKT	0:122:52318:187:147214:0:0
[VISION][STATUS] FPS=33 | mavi=— kirmizi=— | tespit=BEKLİYOR | kuyruk=0
232714	TX_ANT	ff	182:0:10:24:174
232714	PKT	0:121:52204:182:141360:0:0
233714	TX_ANT	ff	184:0:10:24:186
233714	PKT	0:123:52772:184:141984:0:0
234714	TX_ANT	ff	183:0:10:39:1619
234714	PKT	0:122:52983:183:142071:0:0
235714	TX_ANT	ff	186:0:10:26:644
235714	PKT	0:121:52944:186:147740:0:0
236714	TX_ANT	ff	173:0:10:26:183
236714	PKT	0:116:51526:173:134818:0:0
[VISION][STATUS] FPS=32 | mavi=— kirmizi=— | tespit=BEKLİYOR | kuyruk=0
237714	TX_ANT	ff	189:0:10:23:174
237714	PKT	0:124:52864:189:147816:0:0
238714	TX_ANT	ff	185:0:10:29:877
238714	PKT	0:124:52884:185:141968:0:0
239714	TX_ANT	ff	184:0:10:27:207
239714	PKT	0:123:52745:184:141957:0:0
240714	TX_ANT	ff	187:0:10:29:855
240714	PKT	0:122:52713:187:147549:0:0
241714	TX_ANT	ff	183:0:10:24:203
241714	PKT	0:122:52726:183:141902:0:0
[VISION][STATUS] FPS=32 | mavi=— kirmizi=— | tespit=BEKLİYOR | kuyruk=0
242714	TX_ANT	ff	184:0:10:22:156
242714	PKT	0:123:52541:184:141645:0:0
243716	TX_ANT	ff	177:0:10:25:410
243716	PKT	0:116:51982:177:140750:0:0
244714	TX_ANT	ff	184:0:10:38:2693
244714	PKT	0:123:52860:184:142072:0:0
245714	TX_ANT	ff	179:0:10:25:371
245714	PKT	0:118:52148:179:141180:0:0
246714	TX_ANT	ff	172:0:10:23:93
246714	PKT	0:115:51249:172:134161:0:0
[VISION][STATUS] FPS=32 | mavi=— kirmizi=— | tespit=BEKLİYOR | kuyruk=0
247714	TX_ANT	ff	176:0:9:27:215
247714	PKT	0:115:51899:176:140811:0:0
248714	TX_ANT	ff	173:0:10:23:182
248714	PKT	0:116:51565:173:134825:0:0
249714	TX_ANT	ff	181:0:10:32:480
249714	PKT	0:120:52140:181:141268:0:0
250714	TX_ANT	ff	178:0:10:41:480
250714	PKT	0:117:52012:178:141016:0:0
251714	TX_ANT	ff	172:0:10:30:267
251714	PKT	0:115:51613:172:134693:0:0
[VISION][STATUS] FPS=33 | mavi=— kirmizi=— | tespit=BEKLİYOR | kuyruk=0
252714	TX_ANT	ff	178:0:10:28:311
252714	PKT	0:117:52171:178:141131:0:0
253714	TX_ANT	ff	180:0:10:31:542
253714	PKT	0:119:52318:180:141418:0:0
254714	TX_ANT	ff	184:0:10:25:170
254714	PKT	0:123:52912:184:142124:0:0
255714	TX_ANT	ff	183:0:9:30:181
255714	PKT	0:122:52787:183:141855:0:0
256714	TX_ANT	ff	175:0:10:37:930
256714	PKT	0:114:51786:175:140518:0:0
[VISION][STATUS] FPS=32 | mavi=— kirmizi=— | tespit=BEKLİYOR | kuyruk=0
257714	TX_ANT	ff	182:0:9:27:211
257714	PKT	0:121:51585:182:140741:0:0
258714	TX_ANT	ff	174:0:10:25:176
258714	PKT	0:117:52064:174:135276:0:0
259714	TX_ANT	ff	178:0:10:26:154
259714	PKT	0:117:51822:178:140730:0:0
260714	TX_ANT	ff	179:0:10:26:172
260714	PKT	0:118:52318:179:141254:0:0
261714	TX_ANT	ff	175:0:10:28:311
261714	PKT	0:118:52367:175:135691:0:0
[VISION][STATUS] FPS=33 | mavi=— kirmizi=— | tespit=BEKLİYOR | kuyruk=0
262714	TX_ANT	ff	186:0:10:29:753
262714	PKT	0:121:52825:186:147693:0:0
263714	TX_ANT	ff	174:0:10:31:756
263714	PKT	0:117:52606:174:135866:0:0
264715	TX_ANT	ff	177:0:10:24:100
264715	PKT	0:116:52204:177:141004:0:0
265714	TX_ANT	ff	170:0:10:29:255
265714	PKT	0:113:51744:170:134652:0:0
266714	TX_ANT	ff	168:0:10:26:148
266714	PKT	0:111:50871:168:133759:0:0
[VISION][STATUS] FPS=32 | mavi=— kirmizi=— | tespit=BEKLİYOR | kuyruk=0
267714	TX_ANT	ff	162:0:10:29:176
267714	PKT	0:109:50824:162:127636:0:0
268714	TX_ANT	ff	177:0:10:28:476
268714	PKT	0:116:51706:177:140482:0:0
269714	TX_ANT	ff	179:0:10:29:186
269714	PKT	0:118:51992:179:140984:0:0
270714	TX_ANT	ff	183:0:10:26:183
270714	PKT	0:122:53006:183:142146:0:0
271714	TX_ANT	ff	179:0:10:31:264
271714	PKT	0:118:52325:179:141261:0:0
[VISION][STATUS] FPS=32 | mavi=— kirmizi=— | tespit=BEKLİYOR | kuyruk=0
272714	TX_ANT	ff	172:0:10:26:238
272714	PKT	0:115:51811:172:135023:0:0
273714	TX_ANT	ff	169:0:10:25:94
273714	PKT	0:112:51597:169:134681:0:0
274714	TX_ANT	ff	170:0:10:24:109
274714	PKT	0:113:51113:170:134089:0:0
275714	TX_ANT	ff	170:0:10:28:254
275714	PKT	0:113:50891:170:133587:0:0
276715	TX_ANT	ff	165:0:10:27:159
276715	PKT	0:108:50634:165:132654:0:0
[VISION][STATUS] FPS=32 | mavi=— kirmizi=— | tespit=BEKLİYOR | kuyruk=0
277714	TX_ANT	ff	159:0:10:35:717
277714	PKT	0:106:49922:159:126270:0:0
278714	TX_ANT	ff	166:0:9:25:89
278714	PKT	0:109:51086:166:134018:0:0
279714	TX_ANT	ff	163:0:10:31:507
279714	PKT	0:110:51407:163:128083:0:0
280714	TX_ANT	ff	168:0:10:29:261
280714	PKT	0:111:50812:168:133376:0:0
281714	TX_ANT	ff	168:0:10:27:477
281714	PKT	0:111:50845:168:133813:0:0
[VISION][STATUS] FPS=32 | mavi=— kirmizi=— | tespit=BEKLİYOR | kuyruk=0
282714	TX_ANT	ff	167:0:10:27:179
282714	PKT	0:110:50692:167:133544:0:0
283714	TX_ANT	ff	162:0:10:32:271
283714	PKT	0:109:50564:162:127708:0:0
284714	TX_ANT	ff	163:0:10:28:169
284714	PKT	0:106:50452:163:132104:0:0
285714	TX_ANT	ff	163:0:10:32:344
285714	PKT	0:110:50679:163:127555:0:0
286714	TX_ANT	ff	165:0:10:30:446
286714	PKT	0:108:50523:165:133183:0:0
[VISION][STATUS] FPS=32 | mavi=— kirmizi=— | tespit=BEKLİYOR | kuyruk=0
287714	TX_ANT	ff	167:0:10:23:107
287714	PKT	0:110:50365:167:132897:0:0
288714	TX_ANT	ff	162:0:10:27:132
288714	PKT	0:109:50318:162:127178:0:0
289714	TX_ANT	ff	166:0:10:27:258
289714	PKT	0:109:50393:166:132753:0:0
290714	TX_ANT	ff	161:0:10:37:954
290714	PKT	0:108:50413:161:127257:0:0
291714	TX_ANT	ff	164:0:10:23:121
291714	PKT	0:107:50309:164:132561:0:0
[VISION][STATUS] FPS=32 | mavi=— kirmizi=— | tespit=BEKLİYOR | kuyruk=0
292714	TX_ANT	ff	159:0:10:24:154
292714	PKT	0:106:50425:159:126813:0:0
293714	TX_ANT	ff	159:0:10:27:161
293714	PKT	0:106:49716:159:126156:0:0
294714	TX_ANT	ff	165:0:10:23:109
294714	PKT	0:108:50465:165:132565:0:0
295714	TX_ANT	ff	162:0:10:26:304
295714	PKT	0:109:50979:162:128059:0:0
296716	TX_ANT	ff	165:0:10:30:274
296716	PKT	0:108:50291:165:133079:0:0
[VISION][STATUS] FPS=32 | mavi=— kirmizi=— | tespit=BEKLİYOR | kuyruk=0
297714	TX_ANT	ff	161:0:10:27:183
297714	PKT	0:108:50319:161:127395:0:0
298714	TX_ANT	ff	164:0:10:26:160
298714	PKT	0:107:50017:164:132001:0:0
299714	TX_ANT	ff	159:0:10:24:133
299714	PKT	0:106:49907:159:126307:0:0
300714	TX_ANT	ff	167:0:10:25:177
300714	PKT	0:110:50661:167:133121:0:0
301714	TX_ANT	ff	172:0:10:26:190
301714	PKT	0:115:51289:172:134377:0:0
[VISION][STATUS] FPS=32 | mavi=— kirmizi=— | tespit=BEKLİYOR | kuyruk=0
302714	TX_ANT	ff	164:0:10:29:465
302714	PKT	0:107:50247:164:132575:0:0
303714	TX_ANT	ff	161:0:10:26:166
303714	PKT	0:108:50218:161:126662:0:0
304714	TX_ANT	ff	157:0:10:33:1359
304714	PKT	0:104:49750:157:126070:0:0
305714	TX_ANT	ff	159:0:10:26:181
305714	PKT	0:106:49893:159:126449:0:0
306714	TX_ANT	ff	164:0:10:40:2777
306714	PKT	0:107:49847:164:131975:0:0
[VISION][STATUS] FPS=32 | mavi=— kirmizi=— | tespit=BEKLİYOR | kuyruk=0
307714	TX_ANT	ff	159:0:10:24:211
307714	PKT	0:106:49748:159:126452:0:0
308714	TX_ANT	ff	167:0:10:25:150
308714	PKT	0:110:50648:167:133368:0:0
309714	TX_ANT	ff	158:0:10:28:347
309714	PKT	0:105:50251:158:126655:0:0
310714	TX_ANT	ff	167:0:10:25:93
310714	PKT	0:110:50283:167:132651:0:0
311715	TX_ANT	ff	160:0:10:27:173
311715	PKT	0:107:49794:160:126246:0:0
[VISION][STATUS] FPS=32 | mavi=— kirmizi=— | tespit=BEKLİYOR | kuyruk=0
312714	TX_ANT	ff	166:0:10:28:199
312714	PKT	0:109:50308:166:132520:0:0
313714	TX_ANT	ff	158:0:10:32:291
313714	PKT	0:105:49240:158:125600:0:0
314714	TX_ANT	ff	156:0:11:27:127
314714	PKT	0:103:49310:156:124702:0:0
315714	TX_ANT	ff	160:0:10:27:204
315714	PKT	0:107:49622:160:125710:0:0
316714	TX_ANT	ff	159:0:10:26:195
316714	PKT	0:106:49435:159:125007:0:0
[VISION][STATUS] FPS=32 | mavi=— kirmizi=— | tespit=BEKLİYOR | kuyruk=0
317714	TX_ANT	ff	157:0:10:28:482
317714	PKT	0:104:49527:157:124867:0:0
318714	TX_ANT	ff	158:0:10:25:240
318714	PKT	0:105:50107:158:126255:0:0
319714	TX_ANT	ff	158:0:10:26:176
319714	PKT	0:105:49681:158:125817:0:0
320714	TX_ANT	ff	165:0:10:28:330
320714	PKT	0:108:50588:165:133036:0:0
321714	TX_ANT	ff	161:0:10:24:94
321714	PKT	0:108:49936:161:126316:0:0
[VISION][STATUS] FPS=32 | mavi=— kirmizi=— | tespit=BEKLİYOR | kuyruk=0
322714	TX_ANT	ff	165:0:10:25:160
322714	PKT	0:108:50177:165:132561:0:0
323714	TX_ANT	ff	157:0:10:25:235
323714	PKT	0:104:49448:157:125664:0:0
324714	TX_ANT	ff	161:0:10:25:128
324714	PKT	0:108:50046:161:126422:0:0
325714	TX_ANT	ff	156:0:10:25:131
325714	PKT	0:103:49116:156:124692:0:0
326714	TX_ANT	ff	156:0:10:24:99
326714	PKT	0:103:49165:156:124353:0:0
[VISION][STATUS] FPS=32 | mavi=— kirmizi=— | tespit=BEKLİYOR | kuyruk=0
327714	TX_ANT	ff	157:0:10:24:112
327714	PKT	0:104:49124:157:125348:0:0
328714	TX_ANT	ff	158:0:10:26:323
328714	PKT	0:105:50150:158:126310:0:0
329714	TX_ANT	ff	165:0:10:22:91
329714	PKT	0:108:50986:165:133478:0:0
330714	TX_ANT	ff	161:0:10:28:270
330714	PKT	0:108:50383:161:126983:0:0
331714	TX_ANT	ff	158:0:10:24:175
331714	PKT	0:105:49557:158:125653:0:0
[VISION][STATUS] FPS=32 | mavi=— kirmizi=— | tespit=BEKLİYOR | kuyruk=0
332714	TX_ANT	ff	165:0:10:25:165
332714	PKT	0:108:49934:165:132146:0:0
333714	TX_ANT	ff	158:0:10:28:275
333714	PKT	0:105:49638:158:125322:0:0
334714	TX_ANT	ff	157:0:10:28:175
334714	PKT	0:104:49314:157:125158:0:0
335714	TX_ANT	ff	160:0:10:28:108
335714	PKT	0:107:49756:160:126012:0:0
336714	TX_ANT	ff	163:0:10:27:268
336714	PKT	0:106:49293:163:130317:0:0
[VISION][STATUS] FPS=32 | mavi=— kirmizi=— | tespit=BEKLİYOR | kuyruk=0
337714	TX_ANT	ff	157:0:10:26:243
337714	PKT	0:104:49193:157:124277:0:0
338714	TX_ANT	ff	157:0:10:27:169
338714	PKT	0:104:48861:157:124445:0:0
339714	TX_ANT	ff	151:0:10:29:211
339714	PKT	0:102:48811:151:118807:0:0
340714	TX_ANT	ff	163:0:10:28:919
340714	PKT	0:106:49304:163:130972:0:0
341714	TX_ANT	ff	156:0:10:27:176
341714	PKT	0:103:48906:156:124102:0:0
[VISION][STATUS] FPS=33 | mavi=— kirmizi=— | tespit=BEKLİYOR | kuyruk=0
342714	TX_ANT	ff	158:0:10:25:95
342714	PKT	0:105:49437:158:125285:0:0
343714	TX_ANT	ff	160:0:10:25:133
343714	PKT	0:107:49870:160:126238:0:0
344714	TX_ANT	ff	165:0:10:28:201
344714	PKT	0:108:50180:165:132160:0:0
345714	TX_ANT	ff	160:0:10:28:215
345714	PKT	0:107:50236:160:126676:0:0
346714	TX_ANT	ff	159:0:10:27:154
346714	PKT	0:106:49485:159:126017:0:0
[VISION][STATUS] FPS=32 | mavi=— kirmizi=— | tespit=BEKLİYOR | kuyruk=0
347714	TX_ANT	ff	157:0:10:33:267
347714	PKT	0:104:49384:157:125336:0:0
348715	TX_ANT	ff	157:0:10:28:174
348715	PKT	0:104:49228:157:125084:0:0
349714	TX_ANT	ff	156:0:10:25:162
349714	PKT	0:103:48953:156:124141:0:0
350714	TX_ANT	ff	156:0:10:33:696
350714	PKT	0:103:48923:156:124271:0:0
351714	TX_ANT	ff	155:0:11:40:823
351714	PKT	0:102:48580:155:123108:0:0
[VISION][STATUS] FPS=32 | mavi=— kirmizi=— | tespit=BEKLİYOR | kuyruk=0
352714	TX_ANT	ff	156:0:10:27:145
352714	PKT	0:103:48929:156:124285:0:0
353714	TX_ANT	ff	158:0:10:27:177
353714	PKT	0:105:49548:158:125500:0:0
354714	TX_ANT	ff	160:0:10:26:165
354714	PKT	0:107:49086:160:124902:0:0
355714	TX_ANT	ff	160:0:10:26:112
355714	PKT	0:107:49204:160:124860:0:0
356716	TX_ANT	ff	157:0:10:36:949
356716	PKT	0:104:49140:157:124952:0:0
[VISION][STATUS] FPS=32 | mavi=— kirmizi=— | tespit=BEKLİYOR | kuyruk=0
357714	TX_ANT	ff	157:0:10:26:127
357714	PKT	0:104:49104:157:124408:0:0
358714	TX_ANT	ff	157:0:10:25:164
358714	PKT	0:104:49215:157:124979:0:0
359714	TX_ANT	ff	157:0:10:25:186
359714	PKT	0:104:48894:157:124294:0:0
360714	TX_ANT	ff	157:0:10:28:187
360714	PKT	0:104:48697:157:124581:0:0
361714	TX_ANT	ff	156:0:10:29:182
361714	PKT	0:103:48875:156:124475:0:0
[VISION][STATUS] FPS=32 | mavi=— kirmizi=— | tespit=BEKLİYOR | kuyruk=0
362714	TX_ANT	ff	157:0:10:35:520
362714	PKT	0:104:48676:157:124052:0:0
363714	TX_ANT	ff	164:0:10:29:210
363714	PKT	0:107:49683:164:130667:0:0
364714	TX_ANT	ff	156:0:10:32:665
364714	PKT	0:103:49438:156:125574:0:0
365714	TX_ANT	ff	163:0:10:25:190
365714	PKT	0:110:50046:163:126602:0:0
366714	TX_ANT	ff	163:0:10:25:129
366714	PKT	0:106:49859:163:132067:0:0
[VISION][STATUS] FPS=33 | mavi=— kirmizi=— | tespit=BEKLİYOR | kuyruk=0
367714	TX_ANT	ff	160:0:10:30:248
367714	PKT	0:107:50192:160:126628:0:0
368714	TX_ANT	ff	159:0:11:29:169
368714	PKT	0:106:49681:159:125713:0:0
369714	TX_ANT	ff	164:0:10:32:622
369714	PKT	0:107:50239:164:132215:0:0
370714	TX_ANT	ff	161:0:10:26:183
370714	PKT	0:108:49743:161:125859:0:0
371714	TX_ANT	ff	165:0:10:27:283
371714	PKT	0:108:50525:165:132633:0:0
[VISION][STATUS] FPS=33 | mavi=— kirmizi=— | tespit=BEKLİYOR | kuyruk=0
372714	TX_ANT	ff	157:0:10:27:251
372714	PKT	0:104:49212:157:125300:0:0
373714	TX_ANT	ff	159:0:10:24:137
373714	PKT	0:106:49469:159:125065:0:0
374714	TX_ANT	ff	157:0:10:27:202
374714	PKT	0:104:49652:157:125328:0:0
375714	TX_ANT	ff	158:0:9:28:189
375714	PKT	0:105:50121:158:126561:0:0
376714	TX_ANT	ff	160:0:10:25:159
376714	PKT	0:107:50746:160:127502:0:0
377714	TX_ANT	ff	168:0:10:24:133
377714	PKT	0:111:51305:168:133841:0:0
[VISION][STATUS] FPS=32 | mavi=— kirmizi=— | tespit=BEKLİYOR | kuyruk=0
378714	TX_ANT	ff	164:0:10:24:142
378714	PKT	0:107:50354:164:132722:0:0
379714	TX_ANT	ff	160:0:10:33:227
379714	PKT	0:107:50285:160:126645:0:0
380714	TX_ANT	ff	158:0:10:28:152
380714	PKT	0:105:49043:158:124835:0:0
381714	TX_ANT	ff	157:0:10:29:269
381714	PKT	0:104:50308:157:125596:0:0
382714	TX_ANT	ff	155:0:10:28:193
382714	PKT	0:102:49535:155:125407:0:0
[VISION][STATUS] FPS=33 | mavi=— kirmizi=— | tespit=BEKLİYOR | kuyruk=0
383715	TX_ANT	ff	157:0:10:29:207
383715	PKT	0:104:48990:157:124646:0:0
384714	TX_ANT	ff	156:0:10:30:377
384714	PKT	0:103:48876:156:123956:0:0
385714	TX_ANT	ff	157:0:10:31:193
385714	PKT	0:104:49338:157:124866:0:0
386714	TX_ANT	ff	162:0:10:36:724
386714	PKT	0:109:50075:162:126467:0:0
387714	TX_ANT	ff	163:0:10:27:213
387714	PKT	0:106:49297:163:130037:0:0
[VISION][STATUS] FPS=32 | mavi=— kirmizi=— | tespit=BEKLİYOR | kuyruk=0
388714	TX_ANT	ff	152:0:10:31:412
388714	PKT	0:103:48551:152:118115:0:0
389714	TX_ANT	ff	162:0:10:31:872
389714	PKT	0:105:51041:162:131997:0:0
390714	TX_ANT	ff	157:0:10:34:554
390714	PKT	0:104:49160:157:124804:0:0
391714	TX_ANT	ff	157:0:10:31:637
391714	PKT	0:104:49277:157:125353:0:0
392714	TX_ANT	ff	157:0:10:29:345
392714	PKT	0:104:49448:157:125164:0:0
[VISION][STATUS] FPS=32 | mavi=— kirmizi=— | tespit=BEKLİYOR | kuyruk=0
393714	TX_ANT	ff	160:0:10:27:134
393714	PKT	0:107:49727:160:125335:0:0
394714	TX_ANT	ff	160:0:10:29:255
394714	PKT	0:107:49874:160:126046:0:0
395714	TX_ANT	ff	156:0:10:33:291
395714	PKT	0:103:50228:156:125676:0:0
396714	TX_ANT	ff	157:0:10:32:719
396714	PKT	0:104:48901:157:124405:0:0
397714	TX_ANT	ff	158:0:10:34:1198
397714	PKT	0:105:49161:158:124677:0:0
[VISION][STATUS] FPS=32 | mavi=— kirmizi=— | tespit=BEKLİYOR | kuyruk=0
398714	TX_ANT	ff	166:0:10:25:153
398714	PKT	0:109:51749:166:134037:0:0
399714	TX_ANT	ff	156:0:10:27:152
399714	PKT	0:103:49452:156:125028:0:0
400714	TX_ANT	ff	159:0:10:27:161
400714	PKT	0:106:49992:159:126116:0:0
401714	TX_ANT	ff	156:0:10:25:128
401714	PKT	0:103:49131:156:124719:0:0
402714	TX_ANT	ff	157:0:10:32:944
402714	PKT	0:104:50326:157:125950:0:0
[VISION][STATUS] FPS=33 | mavi=— kirmizi=— | tespit=BEKLİYOR | kuyruk=0
403714	TX_ANT	ff	157:0:10:24:97
403714	PKT	0:104:48842:157:124182:0:0
404714	TX_ANT	ff	157:0:10:25:109
404714	PKT	0:104:49008:157:124984:0:0
405714	TX_ANT	ff	157:0:10:26:175
405714	PKT	0:104:49754:157:125726:0:0
406715	TX_ANT	ff	158:0:10:29:170
406715	PKT	0:105:50800:158:126708:0:0
407714	TX_ANT	ff	159:0:10:32:268
407714	PKT	0:106:49475:159:125199:0:0
[VISION][STATUS] FPS=32 | mavi=— kirmizi=— | tespit=BEKLİYOR | kuyruk=0
408714	TX_ANT	ff	157:0:10:27:138
408714	PKT	0:104:48778:157:123846:0:0
409714	TX_ANT	ff	154:0:10:25:196
409714	PKT	0:101:48237:154:122889:0:0
410715	TX_ANT	ff	155:0:10:25:95
410715	PKT	0:102:48450:155:123154:0:0
411714	TX_ANT	ff	157:0:10:36:865
411714	PKT	0:104:49003:157:124411:0:0
412714	TX_ANT	ff	157:0:11:30:203
412714	PKT	0:104:48589:157:123553:0:0
[VISION][STATUS] FPS=32 | mavi=— kirmizi=— | tespit=BEKLİYOR | kuyruk=0
413714	TX_ANT	ff	157:0:10:30:251
413714	PKT	0:104:48480:157:123500:0:0
414715	TX_ANT	ff	157:0:10:25:111
414715	PKT	0:104:48434:157:123126:0:0
415714	TX_ANT	ff	158:0:10:26:106
415714	PKT	0:105:48748:158:123704:0:0
416714	TX_ANT	ff	160:0:10:28:211
416714	PKT	0:107:49881:160:126829:0:0
417714	TX_ANT	ff	169:0:10:23:93
417714	PKT	0:112:55380:169:138384:0:0
[VISION][STATUS] FPS=33 | mavi=— kirmizi=— | tespit=BEKLİYOR | kuyruk=0
418714	TX_ANT	ff	166:0:10:25:122
418714	PKT	0:109:52341:166:134397:0:0
419714	TX_ANT	ff	158:0:10:31:625
419714	PKT	0:105:49322:158:125030:0:0
420714	TX_ANT	ff	158:0:10:29:291
420714	PKT	0:105:49174:158:124662:0:0
421714	TX_ANT	ff	159:0:10:27:88
421714	PKT	0:106:49163:159:124915:0:0
422714	TX_ANT	ff	157:0:10:34:321
422714	PKT	0:104:49019:157:124247:0:0
[VISION][STATUS] FPS=32 | mavi=— kirmizi=— | tespit=BEKLİYOR | kuyruk=0
423714	TX_ANT	ff	156:0:10:34:909
423714	PKT	0:103:49370:156:125218:0:0
424714	TX_ANT	ff	158:0:10:30:450
424714	PKT	0:105:49510:158:125798:0:0
425714	TX_ANT	ff	165:0:10:26:189
425714	PKT	0:108:52017:165:133953:0:0
426714	TX_ANT	ff	160:0:10:25:154
426714	PKT	0:107:51357:160:127973:0:0
427714	TX_ANT	ff	166:0:10:26:204
427714	PKT	0:109:52119:166:134651:0:0
[VISION][STATUS] FPS=32 | mavi=— kirmizi=— | tespit=BEKLİYOR | kuyruk=0
428718	TX_ANT	ff	162:0:10:24:97
428718	PKT	0:109:52778:162:129378:0:0
429714	TX_ANT	ff	162:0:10:24:95
429714	PKT	0:105:51200:162:133416:0:0
430714	TX_ANT	ff	169:0:10:24:144
430714	PKT	0:112:52980:169:135800:0:0
431716	TX_ANT	ff	159:0:10:39:1762
431716	PKT	0:106:52073:159:128461:0:0
432714	TX_ANT	ff	160:0:10:32:250
432714	PKT	0:107:51304:160:127080:0:0
[VISION][STATUS] FPS=32 | mavi=— kirmizi=— | tespit=BEKLİYOR | kuyruk=0
433714	TX_ANT	ff	157:0:10:26:95
433714	PKT	0:104:49161:157:124745:0:0
434714	TX_ANT	ff	166:0:10:31:217
434714	PKT	0:109:53585:166:135757:0:0
435714	TX_ANT	ff	160:0:10:27:153
435714	PKT	0:107:53740:160:130200:0:0
436714	TX_ANT	ff	159:0:10:27:170
436714	PKT	0:106:50017:159:126157:0:0
437714	TX_ANT	ff	162:0:10:26:120
437714	PKT	0:105:49133:162:130017:0:0
[VISION][STATUS] FPS=32 | mavi=— kirmizi=— | tespit=BEKLİYOR | kuyruk=0
438715	TX_ANT	ff	162:0:10:34:311
438715	PKT	0:109:50437:162:127509:0:0
439714	TX_ANT	ff	165:0:10:26:183
439714	PKT	0:108:50337:165:132941:0:0
440714	TX_ANT	ff	162:0:10:27:192
440714	PKT	0:109:50251:162:127247:0:0
441714	TX_ANT	ff	176:0:10:23:105
441714	PKT	0:115:53772:176:142356:0:0
442714	TX_ANT	ff	159:0:10:25:109
442714	PKT	0:106:51517:159:127801:0:0
[VISION][STATUS] FPS=32 | mavi=— kirmizi=— | tespit=BEKLİYOR | kuyruk=0
443714	TX_ANT	ff	171:0:10:27:222
443714	PKT	0:114:56901:171:139257:0:0
444714	TX_ANT	ff	156:0:10:34:970
444714	PKT	0:103:48904:156:124496:0:0
445714	TX_ANT	ff	155:0:10:30:125
445714	PKT	0:102:48550:155:123518:0:0
446714	TX_ANT	ff	160:0:10:31:188
446714	PKT	0:107:49622:160:125794:0:0
447714	TX_ANT	ff	167:0:10:27:196
447714	PKT	0:110:50601:167:132853:0:0
[VISION][STATUS] FPS=32 | mavi=— kirmizi=— | tespit=BEKLİYOR | kuyruk=0
448714	TX_ANT	ff	161:0:10:30:142
448714	PKT	0:108:51565:161:127425:0:0
449714	TX_ANT	ff	166:0:10:28:202
449714	PKT	0:109:51925:166:134113:0:0
450714	TX_ANT	ff	159:0:10:44:2773
450714	PKT	0:106:49866:159:126442:0:0
451715	TX_ANT	ff	165:0:10:27:153
451715	PKT	0:108:51261:165:133129:0:0
452715	TX_ANT	ff	160:0:10:28:182
452715	PKT	0:107:49585:160:125573:0:0
[VISION][STATUS] FPS=32 | mavi=— kirmizi=— | tespit=BEKLİYOR | kuyruk=0
453714	TX_ANT	ff	159:0:10:35:511
453714	PKT	0:106:51299:159:127779:0:0
454716	TX_ANT	ff	175:0:10:27:190
454716	PKT	0:114:51982:175:140262:0:0
455714	TX_ANT	ff	168:0:10:26:90
455714	PKT	0:111:55313:168:137705:0:0
456714	TX_ANT	ff	164:0:10:27:180
456714	PKT	0:111:54691:164:131283:0:0
457714	TX_ANT	ff	167:0:10:29:154
457714	PKT	0:110:52937:167:135337:0:0
[VISION][STATUS] FPS=33 | mavi=— kirmizi=— | tespit=BEKLİYOR | kuyruk=0
458715	TX_ANT	ff	164:0:10:27:245
458715	PKT	0:107:49477:164:131613:0:0
459714	TX_ANT	ff	160:0:10:25:219
459714	PKT	0:107:52097:160:128357:0:0
460714	TX_ANT	ff	166:0:10:30:173
460714	PKT	0:109:51106:166:132558:0:0
461714	TX_ANT	ff	159:0:10:24:106
461714	PKT	0:106:51303:159:127139:0:0
462714	TX_ANT	ff	157:0:10:29:152
462714	PKT	0:104:48762:157:123954:0:0
[VISION][STATUS] FPS=32 | mavi=— kirmizi=— | tespit=BEKLİYOR | kuyruk=0
463714	TX_ANT	ff	160:0:10:32:298
463714	PKT	0:107:51359:160:127139:0:0
464714	TX_ANT	ff	158:0:11:50:2945
464714	PKT	0:105:49324:158:125416:0:0
465714	TX_ANT	ff	158:0:10:26:148
465714	PKT	0:105:48959:158:125163:0:0
466714	TX_ANT	ff	156:0:10:25:152
466714	PKT	0:103:48996:156:124348:0:0
467714	TX_ANT	ff	158:0:10:28:187
467714	PKT	0:105:49745:158:125605:0:0
[VISION][STATUS] FPS=32 | mavi=— kirmizi=— | tespit=BEKLİYOR | kuyruk=0
468714	TX_ANT	ff	166:0:10:26:156
468714	PKT	0:109:50482:166:133010:0:0
469714	TX_ANT	ff	159:0:10:27:173
469714	PKT	0:106:49542:159:125778:0:0
470714	TX_ANT	ff	165:0:10:30:250
470714	PKT	0:108:51968:165:133892:0:0
471714	TX_ANT	ff	161:0:10:28:204
471714	PKT	0:108:51717:161:127433:0:0
472714	TX_ANT	ff	166:0:10:26:206
472714	PKT	0:109:52829:166:134821:0:0
[VISION][STATUS] FPS=33 | mavi=— kirmizi=— | tespit=BEKLİYOR | kuyruk=0
473714	TX_ANT	ff	159:0:10:40:2096
473714	PKT	0:106:49550:159:126106:0:0
474714	TX_ANT	ff	167:0:10:42:1444
474714	PKT	0:110:53314:167:135610:0:0
475714	TX_ANT	ff	160:0:10:33:292
475714	PKT	0:107:51947:160:128247:0:0
476714	TX_ANT	ff	158:0:10:27:106
476714	PKT	0:105:49667:158:125607:0:0
477714	TX_ANT	ff	163:0:10:25:192
477714	PKT	0:106:52038:163:133146:0:0
[VISION][STATUS] FPS=32 | mavi=— kirmizi=— | tespit=BEKLİYOR | kuyruk=0
478714	TX_ANT	ff	171:0:10:26:211
478714	PKT	0:114:57687:171:140111:0:0
479714	TX_ANT	ff	166:0:10:30:230
479714	PKT	0:109:51461:166:133557:0:0
480714	TX_ANT	ff	157:0:10:26:174
480714	PKT	0:104:49338:157:125218:0:0
481714	TX_ANT	ff	162:0:10:26:164
481714	PKT	0:109:53230:162:128902:0:0
482714	TX_ANT	ff	164:0:10:25:121
482714	PKT	0:107:51736:164:132664:0:0
[VISION][STATUS] FPS=32 | mavi=— kirmizi=— | tespit=BEKLİYOR | kuyruk=0
483714	TX_ANT	ff	152:0:10:29:160
483714	PKT	0:103:48961:152:118981:0:0
484714	TX_ANT	ff	156:0:10:24:143
484714	PKT	0:103:48522:156:124334:0:0
485714	TX_ANT	ff	157:0:10:25:118
485714	PKT	0:104:48474:157:123182:0:0
486714	TX_ANT	ff	168:0:10:29:851
486714	PKT	0:111:55984:168:137524:0:0
487714	TX_ANT	ff	156:0:10:28:250
487714	PKT	0:103:48971:156:124539:0:0
[VISION][STATUS] FPS=33 | mavi=— kirmizi=— | tespit=BEKLİYOR | kuyruk=0
488714	TX_ANT	ff	168:0:10:24:93
488714	PKT	0:111:55321:168:137597:0:0
489714	TX_ANT	ff	159:0:10:28:181
489714	PKT	0:106:49946:159:126614:0:0
490714	TX_ANT	ff	165:0:10:26:187
490714	PKT	0:108:49658:165:131890:0:0
491714	TX_ANT	ff	161:0:10:25:142
491714	PKT	0:108:52901:161:129297:0:0
492715	TX_ANT	ff	170:0:10:24:100
492715	PKT	0:113:56541:170:138781:0:0
[VISION][STATUS] FPS=32 | mavi=— kirmizi=— | tespit=BEKLİYOR | kuyruk=0
493714	TX_ANT	ff	158:0:10:28:178
493714	PKT	0:105:48831:158:124291:0:0
494714	TX_ANT	ff	155:0:10:25:110
494714	PKT	0:103:48658:155:123466:0:0
495714	TX_ANT	ff	166:0:11:31:459
495714	PKT	0:109:55813:166:137501:0:0
496714	TX_ANT	ff	156:0:10:31:496
496714	PKT	0:103:48032:156:122428:0:0
497714	TX_ANT	ff	157:0:10:32:219
497714	PKT	0:104:48738:157:124466:0:0
[VISION][STATUS] FPS=32 | mavi=— kirmizi=— | tespit=BEKLİYOR | kuyruk=0
498714	TX_ANT	ff	158:0:10:28:97
498714	PKT	0:105:50716:158:125832:0:0
499714	TX_ANT	ff	155:0:10:30:172
499714	PKT	0:102:47795:155:121807:0:0
500714	TX_ANT	ff	157:0:10:33:1035
500714	PKT	0:104:47726:157:122118:0:0
501714	TX_ANT	ff	170:0:10:29:397
501714	PKT	0:113:55857:170:137433:0:0
502714	TX_ANT	ff	161:0:10:24:194
502714	PKT	0:108:51729:161:127681:0:0
[VISION][STATUS] FPS=32 | mavi=— kirmizi=— | tespit=BEKLİYOR | kuyruk=0
503714	TX_ANT	ff	170:0:10:25:141
503714	PKT	0:113:55360:170:137732:0:0
504714	TX_ANT	ff	157:0:10:29:167
504714	PKT	0:104:48370:157:123678:0:0
505714	TX_ANT	ff	163:0:10:26:173
505714	PKT	0:106:52028:163:131884:0:0
506714	TX_ANT	ff	156:0:10:25:187
506714	PKT	0:103:48509:156:123949:0:0
507714	TX_ANT	ff	157:0:10:26:218
507714	PKT	0:104:50032:157:125508:0:0
[VISION][STATUS] FPS=32 | mavi=— kirmizi=— | tespit=BEKLİYOR | kuyruk=0
508714	TX_ANT	ff	164:0:10:28:165
508714	PKT	0:111:55977:164:132589:0:0
509714	TX_ANT	ff	165:0:10:33:770
509714	PKT	0:108:51122:165:132678:0:0
510714	TX_ANT	ff	157:0:11:40:948
510714	PKT	0:104:48625:157:124001:0:0
511714	TX_ANT	ff	161:0:10:28:163
511714	PKT	0:108:53662:161:129290:0:0
512714	TX_ANT	ff	156:0:10:27:204
512714	PKT	0:103:48582:156:123182:0:0
[VISION][STATUS] FPS=32 | mavi=— kirmizi=— | tespit=BEKLİYOR | kuyruk=0
513714	TX_ANT	ff	167:0:10:24:127
513714	PKT	0:110:54153:167:136273:0:0
514714	TX_ANT	ff	166:0:10:28:164
514714	PKT	0:109:55459:166:137259:0:0
515714	TX_ANT	ff	161:0:10:29:323
515714	PKT	0:108:50796:161:126428:0:0
516714	TX_ANT	ff	166:0:10:24:127
516714	PKT	0:109:51498:166:133514:0:0
517714	TX_ANT	ff	157:0:10:51:3512
517714	PKT	0:104:49224:157:124628:0:0
[VISION][STATUS] FPS=32 | mavi=— kirmizi=— | tespit=BEKLİYOR | kuyruk=0
518714	TX_ANT	ff	171:0:10:32:274
518714	PKT	0:114:61179:171:143215:0:0
519714	TX_ANT	ff	168:0:10:26:117
519714	PKT	0:111:53999:168:135815:0:0
520714	TX_ANT	ff	180:0:10:24:147
520714	PKT	0:119:64883:180:153303:0:0
521714	TX_ANT	ff	171:0:10:28:179
521714	PKT	0:114:56070:171:138034:0:0
522714	TX_ANT	ff	169:0:10:24:178
522714	PKT	0:112:58623:169:140639:0:0
[VISION][STATUS] FPS=32 | mavi=— kirmizi=— | tespit=BEKLİYOR | kuyruk=0
523714	TX_ANT	ff	168:0:10:31:340
523714	PKT	0:111:58145:168:139937:0:0
524715	TX_ANT	ff	154:0:10:37:441
524715	PKT	0:101:47827:154:121619:0:0
525714	TX_ANT	ff	159:0:10:32:196
525714	PKT	0:106:50867:159:126335:0:0
526714	TX_ANT	ff	155:0:9:29:274
526714	PKT	0:102:48604:155:124132:0:0
527714	TX_ANT	ff	158:0:9:24:203
527714	PKT	0:105:49296:158:125284:0:0
[VISION][STATUS] FPS=32 | mavi=— kirmizi=— | tespit=BEKLİYOR | kuyruk=0
528714	TX_ANT	ff	170:0:10:29:877
528714	PKT	0:113:58478:170:140686:0:0
529714	TX_ANT	ff	158:0:10:28:233
529714	PKT	0:105:51476:158:126964:0:0
530714	TX_ANT	ff	161:0:10:30:515
530714	PKT	0:108:50612:161:127140:0:0
531715	TX_ANT	ff	166:0:10:28:178
531715	PKT	0:109:53544:166:134688:0:0
532714	TX_ANT	ff	156:0:10:29:247
532714	PKT	0:103:48075:156:122951:0:0
[VISION][STATUS] FPS=32 | mavi=— kirmizi=— | tespit=BEKLİYOR | kuyruk=0
533714	TX_ANT	ff	158:0:10:30:319
533714	PKT	0:105:48846:158:124602:0:0
534714	TX_ANT	ff	160:0:10:30:233
534714	PKT	0:107:50874:160:126058:0:0
535714	TX_ANT	ff	156:0:10:30:323
535714	PKT	0:103:49081:156:124817:0:0
536714	TX_ANT	ff	157:0:10:30:213
536714	PKT	0:104:48754:157:124830:0:0
537714	TX_ANT	ff	164:0:10:24:93
537714	PKT	0:107:51846:164:133154:0:0
[VISION][STATUS] FPS=32 | mavi=— kirmizi=— | tespit=BEKLİYOR | kuyruk=0
538714	TX_ANT	ff	168:0:10:32:347
538714	PKT	0:111:57457:168:139425:0:0
539714	TX_ANT	ff	160:0:10:31:204
539714	PKT	0:107:52184:160:127812:0:0
540714	TX_ANT	ff	172:0:10:28:190
540714	PKT	0:115:57892:172:140456:0:0
541714	TX_ANT	ff	165:0:10:27:183
541714	PKT	0:108:54182:165:135478:0:0
542714	TX_ANT	ff	162:0:10:26:244
542714	PKT	0:109:53771:162:129943:0:0
[VISION][STATUS] FPS=33 | mavi=— kirmizi=— | tespit=BEKLİYOR | kuyruk=0
543714	TX_ANT	ff	164:0:10:26:139
543714	PKT	0:107:51914:164:132894:0:0
544714	TX_ANT	ff	156:0:10:25:105
544714	PKT	0:103:48092:156:122388:0:0
545714	TX_ANT	ff	158:0:10:25:169
545714	PKT	0:105:50332:158:125012:0:0
546714	TX_ANT	ff	179:0:10:35:1264
546714	PKT	0:118:65652:179:153476:0:0
547714	TX_ANT	ff	169:0:11:36:1324
547714	PKT	0:112:56590:169:138258:0:0
[VISION][STATUS] FPS=32 | mavi=— kirmizi=— | tespit=BEKLİYOR | kuyruk=0
548714	TX_ANT	ff	161:0:10:25:149
548714	PKT	0:108:53315:161:129943:0:0
549714	TX_ANT	ff	170:0:10:28:197
549714	PKT	0:113:58455:170:139771:0:0
550714	TX_ANT	ff	167:0:10:28:174
550714	PKT	0:110:57648:167:140096:0:0
551714	TX_ANT	ff	157:0:10:25:177
551714	PKT	0:104:48905:157:124581:0:0
552714	TX_ANT	ff	170:0:10:27:178
552714	PKT	0:113:58093:170:140061:0:0
[VISION][STATUS] FPS=32 | mavi=— kirmizi=— | tespit=BEKLİYOR | kuyruk=0
553714	TX_ANT	ff	159:0:10:26:146
553714	PKT	0:106:50733:159:126305:0:0
554714	TX_ANT	ff	187:0:10:25:137
554714	PKT	0:122:65844:187:160036:0:0
555714	TX_ANT	ff	163:0:10:26:111
555714	PKT	0:110:55873:163:131377:0:0
556714	TX_ANT	ff	163:0:10:26:166
556714	PKT	0:106:49868:163:132020:0:0
557714	TX_ANT	ff	160:0:10:28:164
557714	PKT	0:107:52692:160:128052:0:0
[VISION][STATUS] FPS=32 | mavi=— kirmizi=— | tespit=BEKLİYOR | kuyruk=0
558714	TX_ANT	ff	158:0:10:26:176
558714	PKT	0:105:48873:158:124285:0:0
559714	TX_ANT	ff	167:0:10:25:179
559714	PKT	0:110:56038:167:137234:0:0
560714	TX_ANT	ff	168:0:10:26:125
560714	PKT	0:111:56891:168:138259:0:0
561714	TX_ANT	ff	168:0:10:28:240
561714	PKT	0:111:53743:168:135571:0:0
562715	TX_ANT	ff	162:0:10:24:98
562715	PKT	0:109:54915:162:131423:0:0
[VISION][STATUS] FPS=32 | mavi=— kirmizi=— | tespit=BEKLİYOR | kuyruk=0
563714	TX_ANT	ff	168:0:10:27:186
563714	PKT	0:111:56425:168:137841:0:0
564714	TX_ANT	ff	165:0:10:24:193
564714	PKT	0:108:51613:165:133485:0:0
565715	TX_ANT	ff	173:0:10:36:922
565715	PKT	0:116:60979:173:143707:0:0
566714	TX_ANT	ff	159:0:9:25:185
566714	PKT	0:106:51141:159:126769:0:0
567714	TX_ANT	ff	163:0:10:31:291
567714	PKT	0:106:53406:163:133730:0:0
[VISION][STATUS] FPS=32 | mavi=— kirmizi=— | tespit=BEKLİYOR | kuyruk=0
568714	TX_ANT	ff	159:0:10:29:207
568714	PKT	0:106:50433:159:125289:0:0
569714	TX_ANT	ff	156:0:10:35:327
569714	PKT	0:103:48172:156:122520:0:0
570714	TX_ANT	ff	161:0:10:29:236
570714	PKT	0:108:52345:161:127021:0:0
571714	TX_ANT	ff	159:0:10:34:599
571714	PKT	0:106:51901:159:126993:0:0
572714	TX_ANT	ff	166:0:10:23:93
572714	PKT	0:109:55018:166:135322:0:0
[VISION][STATUS] FPS=32 | mavi=— kirmizi=— | tespit=BEKLİYOR | kuyruk=0
573714	TX_ANT	ff	201:0:10:23:147
573714	PKT	0:132:76479:201:176939:0:0
574714	TX_ANT	ff	208:0:10:37:1165
574714	PKT	0:139:76058:208:177142:0:0
575715	TX_ANT	ff	203:0:10:26:153
575715	PKT	0:134:67401:203:168345:0:0
576714	TX_ANT	ff	193:0:10:27:217
576714	PKT	0:128:64839:193:159767:0:0
577716	TX_ANT	ff	204:0:10:29:492
577716	PKT	0:135:69079:204:170051:0:0
[VISION][STATUS] FPS=32 | mavi=— kirmizi=— | tespit=BEKLİYOR | kuyruk=0
578714	TX_ANT	ff	186:0:10:25:171
578714	PKT	0:125:56439:186:145683:0:0
579714	TX_ANT	ff	156:0:10:33:443
579714	PKT	0:103:47093:156:120349:0:0
580714	TX_ANT	ff	155:0:10:24:92
580714	PKT	0:102:47047:155:120399:0:0
581714	TX_ANT	ff	181:0:10:51:3937
581714	PKT	0:120:66752:181:153404:0:0
582714	TX_ANT	ff	174:0:10:26:185
582714	PKT	0:117:65708:174:147596:0:0
[VISION][STATUS] FPS=32 | mavi=— kirmizi=— | tespit=BEKLİYOR | kuyruk=0
583714	TX_ANT	ff	211:0:10:31:194
583714	PKT	0:138:88323:211:194943:0:0
584714	TX_ANT	ff	204:0:10:28:276
584714	PKT	0:135:81091:204:181643:0:0
585714	TX_ANT	ff	194:0:10:31:415
585714	PKT	0:129:77158:194:171382:0:0
586714	TX_ANT	ff	206:0:11:29:252
586714	PKT	0:137:88490:206:188886:0:0
587714	TX_ANT	ff	155:0:10:30:132
587714	PKT	0:102:47255:155:120907:0:0
[VISION][STATUS] FPS=32 | mavi=— kirmizi=— | tespit=BEKLİYOR | kuyruk=0
588714	TX_ANT	ff	150:0:10:34:941
588714	PKT	0:101:47306:150:115770:0:0
589714	TX_ANT	ff	164:0:10:26:213
589714	PKT	0:107:51611:164:131963:0:0
590714	TX_ANT	ff	158:0:10:28:156
590714	PKT	0:105:50377:158:124609:0:0
591714	TX_ANT	ff	150:0:10:30:201
591714	PKT	0:101:45434:150:112258:0:0
592714	TX_ANT	ff	154:0:10:26:163
592714	PKT	0:101:45873:154:116893:0:0
[VISION][STATUS] FPS=32 | mavi=— kirmizi=— | tespit=BEKLİYOR | kuyruk=0
593714	TX_ANT	ff	156:0:9:27:331
593714	PKT	0:103:45950:156:118174:0:0
594714	TX_ANT	ff	150:0:10:26:160
594714	PKT	0:101:46085:150:113121:0:0
595714	TX_ANT	ff	162:0:10:28:305
595714	PKT	0:105:49231:162:128027:0:0
596714	TX_ANT	ff	151:0:10:47:2926
596714	PKT	0:102:46833:151:114841:0:0
597714	TX_ANT	ff	156:0:10:37:334
597714	PKT	0:103:47281:156:120089:0:0
[VISION][STATUS] FPS=32 | mavi=— kirmizi=— | tespit=BEKLİYOR | kuyruk=0
598714	TX_ANT	ff	159:0:10:26:203
598714	PKT	0:106:49371:159:122691:0:0
599714	TX_ANT	ff	154:0:10:29:264
599714	PKT	0:101:47258:154:120834:0:0
600714	TX_ANT	ff	158:0:10:28:290
600714	PKT	0:105:49748:158:124188:0:0
601714	TX_ANT	ff	154:0:10:30:203
601714	PKT	0:101:46252:154:118268:0:0
602714	TX_ANT	ff	150:0:10:27:153
602714	PKT	0:101:46272:150:112968:0:0
[VISION][STATUS] FPS=32 | mavi=— kirmizi=— | tespit=BEKLİYOR | kuyruk=0
603714	TX_ANT	ff	157:0:10:23:133
603714	PKT	0:104:48746:157:122110:0:0
604714	TX_ANT	ff	154:0:10:26:204
604714	PKT	0:101:46683:154:119323:0:0
605714	TX_ANT	ff	156:0:10:29:302
605714	PKT	0:103:47137:156:120817:0:0
606714	TX_ANT	ff	157:0:10:28:155
606714	PKT	0:104:48966:157:122514:0:0
607714	TX_ANT	ff	157:0:10:23:153
607714	PKT	0:104:48316:157:121488:0:0
608714	TX_ANT	ff	161:0:10:27:193
608714	PKT	0:108:49275:161:123663:0:0
[VISION][STATUS] FPS=32 | mavi=— kirmizi=— | tespit=BEKLİYOR | kuyruk=0
609714	TX_ANT	ff	155:0:10:25:140
609714	PKT	0:102:47544:155:120260:0:0
610714	TX_ANT	ff	156:0:10:26:167
610714	PKT	0:103:49674:156:122770:0:0
611714	TX_ANT	ff	160:0:10:26:183
611714	PKT	0:107:50940:160:125372:0:0
612714	TX_ANT	ff	163:0:10:26:168
612714	PKT	0:106:52311:163:131651:0:0
613714	TX_ANT	ff	156:0:10:30:233
613714	PKT	0:103:47808:156:122460:0:0
[VISION][STATUS] FPS=32 | mavi=— kirmizi=— | tespit=BEKLİYOR | kuyruk=0
614714	TX_ANT	ff	160:0:10:36:914
614714	PKT	0:107:52855:160:126375:0:0
615714	TX_ANT	ff	161:0:10:28:138
615714	PKT	0:108:51793:161:126549:0:0
616716	TX_ANT	ff	165:0:10:28:210
616716	PKT	0:108:52702:165:132594:0:0
617714	TX_ANT	ff	161:0:10:26:107
617714	PKT	0:108:53051:161:128811:0:0
618715	TX_ANT	ff	162:0:10:24:177
618715	PKT	0:105:49896:162:128416:0:0
[VISION][STATUS] FPS=32 | mavi=— kirmizi=— | tespit=BEKLİYOR | kuyruk=0
619714	TX_ANT	ff	157:0:10:27:183
619714	PKT	0:104:50206:157:124862:0:0
620714	TX_ANT	ff	150:0:10:36:890
620714	PKT	0:101:46492:150:114296:0:0
621714	TX_ANT	ff	165:0:10:27:131
621714	PKT	0:108:54422:165:134946:0:0
622714	TX_ANT	ff	150:0:10:26:177
622714	PKT	0:101:46541:150:114097:0:0
623714	TX_ANT	ff	165:0:10:24:143
623714	PKT	0:108:52147:165:132319:0:0
[VISION][STATUS] FPS=32 | mavi=— kirmizi=— | tespit=BEKLİYOR | kuyruk=0
624714	TX_ANT	ff	156:0:10:30:189
624714	PKT	0:103:46893:156:119849:0:0
625714	TX_ANT	ff	156:0:10:26:185
625714	PKT	0:103:47152:156:121004:0:0
626714	TX_ANT	ff	157:0:10:26:216
626714	PKT	0:104:49322:157:122990:0:0
627714	TX_ANT	ff	150:0:10:24:102
627714	PKT	0:101:46715:150:114355:0:0
628714	TX_ANT	ff	158:0:10:24:177
628714	PKT	0:105:50920:158:123860:0:0
[VISION][STATUS] FPS=32 | mavi=— kirmizi=— | tespit=BEKLİYOR | kuyruk=0
629714	TX_ANT	ff	155:0:10:25:185
629714	PKT	0:102:47151:155:120411:0:0
630714	TX_ANT	ff	156:0:10:29:203
630714	PKT	0:103:47761:156:122229:0:0
631714	TX_ANT	ff	167:0:10:25:177
631714	PKT	0:110:56714:167:136966:0:0
632714	TX_ANT	ff	151:0:10:34:894
632714	PKT	0:102:47522:151:115858:0:0
633714	TX_ANT	ff	177:0:10:26:176
633714	PKT	0:116:61966:177:149026:0:0
[VISION][STATUS] FPS=32 | mavi=— kirmizi=— | tespit=BEKLİYOR | kuyruk=0
634714	TX_ANT	ff	159:0:10:29:290
634714	PKT	0:106:51002:159:124938:0:0
635714	TX_ANT	ff	168:0:10:28:376
635714	PKT	0:111:55652:168:136364:0:0
636714	TX_ANT	ff	167:0:10:27:240
636714	PKT	0:110:55079:167:136155:0:0
637714	TX_ANT	ff	158:0:10:31:237
637714	PKT	0:105:49660:158:123584:0:0
638714	TX_ANT	ff	159:0:10:29:189
638714	PKT	0:106:51256:159:124172:0:0
[VISION][STATUS] FPS=32 | mavi=— kirmizi=— | tespit=BEKLİYOR | kuyruk=0
639714	TX_ANT	ff	154:0:10:26:210
639714	PKT	0:101:46379:154:119039:0:0
640714	TX_ANT	ff	150:0:10:33:260
640714	PKT	0:101:46732:150:114292:0:0
641714	TX_ANT	ff	154:0:10:33:364
641714	PKT	0:101:45894:154:118114:0:0
642715	TX_ANT	ff	157:0:10:53:1983
642715	PKT	0:104:48081:157:121609:0:0
643714	TX_ANT	ff	155:0:11:30:155
643714	PKT	0:102:46313:155:118637:0:0
[VISION][STATUS] FPS=33 | mavi=— kirmizi=— | tespit=BEKLİYOR | kuyruk=0
644714	TX_ANT	ff	161:0:10:28:182
644714	PKT	0:108:52610:161:127126:0:0
645714	TX_ANT	ff	166:0:10:28:162
645714	PKT	0:109:54449:166:134477:0:0
646714	TX_ANT	ff	170:0:10:27:166
646714	PKT	0:113:56455:170:136959:0:0
647714	TX_ANT	ff	158:0:9:26:145
647714	PKT	0:105:49750:158:123974:0:0
648714	TX_ANT	ff	155:0:10:29:251
648714	PKT	0:102:47011:155:119671:0:0
[VISION][STATUS] FPS=32 | mavi=— kirmizi=— | tespit=BEKLİYOR | kuyruk=0
649714	TX_ANT	ff	160:0:10:28:316
649714	PKT	0:107:53195:160:127079:0:0
650714	TX_ANT	ff	168:0:10:31:196
650714	PKT	0:111:56803:168:137495:0:0
651714	TX_ANT	ff	159:0:10:29:134
651714	PKT	0:106:50043:159:123991:0:0
652714	TX_ANT	ff	155:0:10:25:246
652714	PKT	0:102:47013:155:120589:0:0
653714	TX_ANT	ff	159:0:10:25:170
653714	PKT	0:106:52259:159:126499:0:0
[VISION][STATUS] FPS=32 | mavi=— kirmizi=— | tespit=BEKLİYOR | kuyruk=0
654715	TX_ANT	ff	175:0:10:26:182
654715	PKT	0:114:60522:175:147262:0:0
655714	TX_ANT	ff	163:0:10:27:168
655714	PKT	0:110:55394:163:130714:0:0
656714	TX_ANT	ff	163:0:10:39:1286
656714	PKT	0:106:49414:163:129242:0:0
657714	TX_ANT	ff	151:0:10:27:128
657714	PKT	0:102:47086:151:114778:0:0
658714	TX_ANT	ff	163:0:10:26:160
658714	PKT	0:106:50579:163:129707:0:0
[VISION][STATUS] FPS=32 | mavi=— kirmizi=— | tespit=BEKLİYOR | kuyruk=0
659714	TX_ANT	ff	150:0:10:27:119
659714	PKT	0:101:46570:150:114086:0:0
660714	TX_ANT	ff	168:0:10:31:431
660714	PKT	0:111:57032:168:137912:0:0
661714	TX_ANT	ff	156:0:10:24:130
661714	PKT	0:103:47380:156:120884:0:0
662714	TX_ANT	ff	156:0:10:25:124
662714	PKT	0:103:47356:156:121384:0:0
663714	TX_ANT	ff	169:0:10:26:137
663714	PKT	0:112:55960:169:136676:0:0
[VISION][STATUS] FPS=32 | mavi=— kirmizi=— | tespit=BEKLİYOR | kuyruk=0
664714	TX_ANT	ff	157:0:10:23:118
664714	PKT	0:104:48663:157:122283:0:0
665714	TX_ANT	ff	159:0:10:27:178
665714	PKT	0:106:50970:159:126090:0:0
666714	TX_ANT	ff	168:0:10:31:315
666714	PKT	0:111:55823:168:135811:0:0
667714	TX_ANT	ff	156:0:10:35:336
667714	PKT	0:103:47094:156:121362:0:0
668714	TX_ANT	ff	167:0:10:28:205
668714	PKT	0:110:54529:167:135961:0:0
[VISION][STATUS] FPS=32 | mavi=— kirmizi=— | tespit=BEKLİYOR | kuyruk=0
669714	TX_ANT	ff	157:0:10:27:173
669714	PKT	0:104:49141:157:122953:0:0
670714	TX_ANT	ff	163:0:10:28:189
670714	PKT	0:110:51650:163:126938:0:0
671714	TX_ANT	ff	157:0:10:25:226
671714	PKT	0:104:49288:157:123684:0:0
672714	TX_ANT	ff	165:0:10:29:174
672714	PKT	0:108:52895:165:132179:0:0
673714	TX_ANT	ff	155:0:10:28:169
673714	PKT	0:102:47032:155:120216:0:0
[VISION][STATUS] FPS=32 | mavi=— kirmizi=— | tespit=BEKLİYOR | kuyruk=0
674714	TX_ANT	ff	156:0:10:28:148
674714	PKT	0:103:47276:156:121052:0:0
675714	TX_ANT	ff	158:0:10:26:175
675714	PKT	0:105:48973:158:122129:0:0
676714	TX_ANT	ff	157:0:10:26:207
676714	PKT	0:104:49526:157:123114:0:0
677714	TX_ANT	ff	160:0:10:26:170
677714	PKT	0:107:52335:160:126283:0:0
678714	TX_ANT	ff	158:0:10:25:150
678714	PKT	0:105:49620:158:122844:0:0
[VISION][STATUS] FPS=32 | mavi=— kirmizi=— | tespit=BEKLİYOR | kuyruk=0
679714	TX_ANT	ff	156:0:10:24:117
679714	PKT	0:103:48969:156:121889:0:0
680714	TX_ANT	ff	157:0:10:24:174
680714	PKT	0:104:48660:157:121544:0:0
681714	TX_ANT	ff	155:0:10:31:577
681714	PKT	0:102:46917:155:121117:0:0
682714	TX_ANT	ff	150:0:10:28:166
682714	PKT	0:101:46503:150:113775:0:0
683714	TX_ANT	ff	157:0:10:23:167
683714	PKT	0:104:48950:157:120490:0:0
[VISION][STATUS] FPS=32 | mavi=— kirmizi=— | tespit=BEKLİYOR | kuyruk=0
684714	TX_ANT	ff	166:0:10:41:2418
684714	PKT	0:109:53476:166:132084:0:0
685714	TX_ANT	ff	154:0:10:30:978
685714	PKT	0:101:45708:154:117868:0:0
686714	TX_ANT	ff	150:0:10:31:179
686714	PKT	0:101:46183:150:113351:0:0
687714	TX_ANT	ff	157:0:10:29:277
687714	PKT	0:104:47888:157:120416:0:0
688714	TX_ANT	ff	154:0:10:40:2022
688714	PKT	0:101:46558:154:118982:0:0
[VISION][STATUS] FPS=32 | mavi=— kirmizi=— | tespit=BEKLİYOR | kuyruk=0
689714	TX_ANT	ff	157:0:10:28:174
689714	PKT	0:104:48800:157:121816:0:0
690715	TX_ANT	ff	159:0:10:26:175
690715	PKT	0:106:50541:159:124725:0:0
691714	TX_ANT	ff	165:0:11:29:248
691714	PKT	0:108:51389:165:130457:0:0
692714	TX_ANT	ff	151:0:10:38:1005
692714	PKT	0:102:46651:151:114343:0:0
693714	TX_ANT	ff	154:0:10:36:1421
693714	PKT	0:101:46094:154:118466:0:0
[VISION][STATUS] FPS=32 | mavi=— kirmizi=— | tespit=BEKLİYOR | kuyruk=0
694714	TX_ANT	ff	158:0:10:27:156
694714	PKT	0:105:48349:158:122153:0:0
695714	TX_ANT	ff	156:0:10:27:144
695714	PKT	0:103:46527:156:118395:0:0
696714	TX_ANT	ff	158:0:10:27:178
696714	PKT	0:105:49309:158:121793:0:0
697714	TX_ANT	ff	157:0:10:29:355
697714	PKT	0:104:48340:157:121480:0:0
698714	TX_ANT	ff	156:0:10:30:208
698714	PKT	0:103:45785:156:117397:0:0
[VISION][STATUS] FPS=32 | mavi=— kirmizi=— | tespit=BEKLİYOR | kuyruk=0
699714	TX_ANT	ff	154:0:10:31:534
699714	PKT	0:101:45617:154:116905:0:0
700714	TX_ANT	ff	151:0:10:33:238
700714	PKT	0:102:46639:151:114307:0:0
701714	TX_ANT	ff	156:0:10:26:170
701714	PKT	0:103:48615:156:121291:0:0
702714	TX_ANT	ff	157:0:10:26:241
702714	PKT	0:104:48595:157:121343:0:0
703714	TX_ANT	ff	154:0:10:25:108
703714	PKT	0:101:45796:154:116156:0:0
[VISION][STATUS] FPS=32 | mavi=— kirmizi=— | tespit=BEKLİYOR | kuyruk=0
704714	TX_ANT	ff	155:0:10:25:133
704714	PKT	0:102:45633:155:117749:0:0
705714	TX_ANT	ff	156:0:10:26:168
705714	PKT	0:103:47616:156:119728:0:0
706714	TX_ANT	ff	150:0:10:25:157
706714	PKT	0:101:45663:150:112275:0:0
707714	TX_ANT	ff	159:0:10:27:164
707714	PKT	0:106:48268:159:120460:0:0
708714	TX_ANT	ff	157:0:10:30:530
708714	PKT	0:104:49787:157:123251:0:0
[VISION][STATUS] FPS=32 | mavi=— kirmizi=— | tespit=BEKLİYOR | kuyruk=0
709714	TX_ANT	ff	154:0:10:30:235
709714	PKT	0:101:46053:154:117901:0:0
710714	TX_ANT	ff	154:0:10:26:127
710714	PKT	0:101:46450:154:119858:0:0
711714	TX_ANT	ff	159:0:10:24:159
711714	PKT	0:106:51411:159:125747:0:0
712714	TX_ANT	ff	157:0:10:33:1169
712714	PKT	0:104:48051:157:120487:0:0
713714	TX_ANT	ff	154:0:10:27:177
713714	PKT	0:101:45685:154:118165:0:0
[VISION][STATUS] FPS=32 | mavi=— kirmizi=— | tespit=BEKLİYOR | kuyruk=0
714714	TX_ANT	ff	158:0:10:27:145
714714	PKT	0:105:48118:158:120886:0:0
715714	TX_ANT	ff	156:0:10:35:783
715714	PKT	0:103:47876:156:119804:0:0
716714	TX_ANT	ff	160:0:10:39:1732
716714	PKT	0:107:50982:160:125446:0:0
717714	TX_ANT	ff	156:0:11:30:165
717714	PKT	0:103:47347:156:121347:0:0
718714	TX_ANT	ff	155:0:10:25:93
718714	PKT	0:102:46509:155:118541:0:0
[VISION][STATUS] FPS=32 | mavi=— kirmizi=— | tespit=BEKLİYOR | kuyruk=0
719714	TX_ANT	ff	151:0:10:31:208
719714	PKT	0:102:45411:151:112275:0:0
720714	TX_ANT	ff	154:0:9:25:235
720714	PKT	0:101:44434:154:114042:0:0
721714	TX_ANT	ff	154:0:10:26:219
721714	PKT	0:101:44835:154:115299:0:0
722714	TX_ANT	ff	150:0:10:34:268
722714	PKT	0:101:44135:150:109171:0:0
723714	TX_ANT	ff	156:0:10:28:252
723714	PKT	0:103:44491:156:114079:0:0
[VISION][STATUS] FPS=32 | mavi=— kirmizi=— | tespit=BEKLİYOR | kuyruk=0
724714	TX_ANT	ff	155:0:10:26:105
724714	PKT	0:102:44460:155:114600:0:0
725714	TX_ANT	ff	155:0:10:26:98
725714	PKT	0:102:44447:155:115871:0:0
726714	TX_ANT	ff	152:0:10:27:168
726714	PKT	0:103:45868:152:113008:0:0
727714	TX_ANT	ff	154:0:10:58:4311
727714	PKT	0:101:45936:154:117484:0:0
728714	TX_ANT	ff	154:0:10:28:571
728714	PKT	0:101:45947:154:117095:0:0
[VISION][STATUS] FPS=32 | mavi=— kirmizi=— | tespit=BEKLİYOR | kuyruk=0
729715	TX_ANT	ff	156:0:10:28:170
729715	PKT	0:103:47620:156:120992:0:0
730714	TX_ANT	ff	157:0:10:25:147
730714	PKT	0:104:47933:157:121777:0:0
731714	TX_ANT	ff	157:0:10:27:178
731714	PKT	0:104:47400:157:120112:0:0
732714	TX_ANT	ff	151:0:10:33:231
732714	PKT	0:102:47614:151:116202:0:0
733714	TX_ANT	ff	155:0:10:26:145
733714	PKT	0:102:47512:155:120960:0:0
[VISION][STATUS] FPS=32 | mavi=— kirmizi=— | tespit=BEKLİYOR | kuyruk=0
734714	TX_ANT	ff	155:0:10:29:188
734714	PKT	0:102:47381:155:121273:0:0
735714	TX_ANT	ff	150:0:10:26:130
735714	PKT	0:101:47276:150:114336:0:0
736715	TX_ANT	ff	154:0:10:30:166
736715	PKT	0:101:46458:154:118590:0:0
737714	TX_ANT	ff	155:0:10:34:1313
737714	PKT	0:102:47133:155:119405:0:0
738714	TX_ANT	ff	156:0:10:26:124
738714	PKT	0:103:47145:156:120613:0:0
[VISION][STATUS] FPS=33 | mavi=— kirmizi=— | tespit=BEKLİYOR | kuyruk=0
739714	TX_ANT	ff	151:0:10:29:181
739714	PKT	0:102:47068:151:114432:0:0
740714	TX_ANT	ff	155:0:10:23:101
740714	PKT	0:102:46817:155:120481:0:0
741714	TX_ANT	ff	155:0:10:28:164
741714	PKT	0:102:47243:155:119763:0:0
742714	TX_ANT	ff	158:0:10:26:176
742714	PKT	0:105:48042:158:121658:0:0
743714	TX_ANT	ff	153:0:10:29:355
743714	PKT	0:100:45992:153:117576:0:0
[VISION][STATUS] FPS=32 | mavi=— kirmizi=— | tespit=BEKLİYOR | kuyruk=0
744714	TX_ANT	ff	151:0:10:27:158
744714	PKT	0:102:46620:151:114468:0:0
745714	TX_ANT	ff	155:0:10:25:167
745714	PKT	0:102:46377:155:117637:0:0
746714	TX_ANT	ff	155:0:10:26:187
746714	PKT	0:102:45921:155:117465:0:0
747716	TX_ANT	ff	155:0:11:33:297
747716	PKT	0:102:46510:155:118414:0:0
748714	TX_ANT	ff	151:0:10:26:204
748714	PKT	0:102:46455:151:113703:0:0
[VISION][STATUS] FPS=32 | mavi=— kirmizi=— | tespit=BEKLİYOR | kuyruk=0
749714	TX_ANT	ff	156:0:10:38:1555
749714	PKT	0:103:46869:156:118901:0:0
750714	TX_ANT	ff	155:0:10:33:342
750714	PKT	0:102:46591:155:118555:0:0
751714	TX_ANT	ff	154:0:10:23:151
751714	PKT	0:101:46345:154:117829:0:0
752714	TX_ANT	ff	150:0:10:25:173
752714	PKT	0:101:46679:150:114479:0:0
753714	TX_ANT	ff	156:0:11:29:174
753714	PKT	0:103:46888:156:119464:0:0
[VISION][STATUS] FPS=32 | mavi=— kirmizi=— | tespit=BEKLİYOR | kuyruk=0
754714	TX_ANT	ff	155:0:9:26:187
754714	PKT	0:102:46765:155:119401:0:0
755714	TX_ANT	ff	157:0:9:26:179
755714	PKT	0:104:47411:157:119483:0:0
756714	TX_ANT	ff	155:0:10:31:221
756714	PKT	0:102:47039:155:119891:0:0
757714	TX_ANT	ff	150:0:10:32:244
757714	PKT	0:101:46271:150:113651:0:0
758714	TX_ANT	ff	155:0:10:27:216
758714	PKT	0:102:47130:155:120034:0:0
[VISION][STATUS] FPS=32 | mavi=— kirmizi=— | tespit=BEKLİYOR | kuyruk=0
759714	TX_ANT	ff	154:0:10:26:195
759714	PKT	0:101:46372:154:118100:0:0
760714	TX_ANT	ff	152:0:10:29:221
760714	PKT	0:103:46711:152:113631:0:0
761714	TX_ANT	ff	155:0:10:28:227
761714	PKT	0:102:47009:155:120281:0:0
762714	TX_ANT	ff	154:0:10:34:364
762714	PKT	0:101:46393:154:118589:0:0
763714	TX_ANT	ff	155:0:10:30:177
763714	PKT	0:102:47420:155:121224:0:0
[VISION][STATUS] FPS=32 | mavi=— kirmizi=— | tespit=BEKLİYOR | kuyruk=0
764714	TX_ANT	ff	150:0:10:31:433
764714	PKT	0:101:46388:150:113168:0:0
765714	TX_ANT	ff	157:0:10:28:191
765714	PKT	0:104:47258:157:120354:0:0
766714	TX_ANT	ff	154:0:10:30:265
766714	PKT	0:101:46389:154:117661:0:0
767714	TX_ANT	ff	155:0:10:30:196
767714	PKT	0:102:46071:155:116695:0:0
768714	TX_ANT	ff	150:0:10:29:182
768714	PKT	0:101:46344:150:112740:0:0
[VISION][STATUS] FPS=32 | mavi=— kirmizi=— | tespit=BEKLİYOR | kuyruk=0
769714	TX_ANT	ff	153:0:10:26:174
769714	PKT	0:100:46053:153:117597:0:0
770714	TX_ANT	ff	150:0:10:27:177
770714	PKT	0:101:46802:150:114590:0:0
771714	TX_ANT	ff	156:0:10:32:204
771714	PKT	0:103:47144:156:119328:0:0
772714	TX_ANT	ff	155:0:10:32:242
772714	PKT	0:102:47090:155:120130:0:0
773714	TX_ANT	ff	154:0:10:28:182
773714	PKT	0:101:46530:154:118518:0:0
[VISION][STATUS] FPS=32 | mavi=— kirmizi=— | tespit=BEKLİYOR | kuyruk=0
774714	TX_ANT	ff	151:0:10:29:183
774714	PKT	0:102:45938:151:112054:0:0
775714	TX_ANT	ff	155:0:10:24:178
775714	PKT	0:102:46909:155:118637:0:0
776714	TX_ANT	ff	155:0:10:28:150
776714	PKT	0:102:47054:155:120038:0:0
777714	TX_ANT	ff	155:0:10:29:177
777714	PKT	0:102:46623:155:118743:0:0
778714	TX_ANT	ff	151:0:10:24:91
778714	PKT	0:102:46248:151:114096:0:0
[VISION][STATUS] FPS=32 | mavi=— kirmizi=— | tespit=BEKLİYOR | kuyruk=0
779714	TX_ANT	ff	154:0:10:30:215
779714	PKT	0:101:45861:154:117477:0:0
780714	TX_ANT	ff	155:0:10:28:172
780714	PKT	0:102:47037:155:120077:0:0
781715	TX_ANT	ff	151:0:10:29:117
781715	PKT	0:102:46332:151:113752:0:0
782714	TX_ANT	ff	155:0:10:27:190
782714	PKT	0:102:46128:155:117852:0:0
783714	TX_ANT	ff	154:0:10:26:177
783714	PKT	0:101:46032:154:117164:0:0
[VISION][STATUS] FPS=33 | mavi=— kirmizi=— | tespit=BEKLİYOR | kuyruk=0
784714	TX_ANT	ff	155:0:10:24:159
784714	PKT	0:102:45895:155:117175:0:0
785714	TX_ANT	ff	151:0:10:32:579
785714	PKT	0:102:45950:151:112614:0:0
786716	TX_ANT	ff	154:0:10:26:117
786716	PKT	0:101:46029:154:118001:0:0
787714	TX_ANT	ff	155:0:10:32:355
787714	PKT	0:102:46709:155:119613:0:0
788714	TX_ANT	ff	156:0:10:29:142
788714	PKT	0:103:47015:156:119571:0:0
[VISION][STATUS] FPS=32 | mavi=— kirmizi=— | tespit=BEKLİYOR | kuyruk=0
789714	TX_ANT	ff	152:0:10:27:117
789714	PKT	0:103:46581:152:114889:0:0
790714	TX_ANT	ff	155:0:10:29:176
790714	PKT	0:102:46635:155:118279:0:0
791714	TX_ANT	ff	155:0:10:26:143
791714	PKT	0:102:46386:155:117786:0:0
792714	TX_ANT	ff	154:0:10:25:105
792714	PKT	0:101:46211:154:116971:0:0
793714	TX_ANT	ff	150:0:10:30:318
793714	PKT	0:101:46099:150:112663:0:0
[VISION][STATUS] FPS=32 | mavi=— kirmizi=— | tespit=BEKLİYOR | kuyruk=0
794714	TX_ANT	ff	154:0:10:33:294
794714	PKT	0:101:45981:154:117005:0:0
795714	TX_ANT	ff	150:0:10:34:887
795714	PKT	0:101:46166:150:112462:0:0
796714	TX_ANT	ff	155:0:10:29:176
796714	PKT	0:102:46173:155:117941:0:0
797714	TX_ANT	ff	154:0:10:25:105
797714	PKT	0:101:45789:154:116577:0:0
798714	TX_ANT	ff	150:0:10:28:190
798714	PKT	0:101:45547:150:111395:0:0
[VISION][STATUS] FPS=32 | mavi=— kirmizi=— | tespit=BEKLİYOR | kuyruk=0
799714	TX_ANT	ff	156:0:10:29:286
799714	PKT	0:103:46254:156:118370:0:0
800714	TX_ANT	ff	155:0:10:34:282
800714	PKT	0:102:46087:155:117035:0:0
801714	TX_ANT	ff	154:0:10:31:218
801714	PKT	0:101:46474:154:118450:0:0
802714	TX_ANT	ff	149:0:10:31:229
802714	PKT	0:100:44770:149:111058:0:0
803714	TX_ANT	ff	154:0:10:30:182
803714	PKT	0:101:45959:154:117451:0:0
[VISION][STATUS] FPS=32 | mavi=— kirmizi=— | tespit=BEKLİYOR | kuyruk=0
804714	TX_ANT	ff	150:0:10:33:1099
804714	PKT	0:101:46525:150:113497:0:0
805714	TX_ANT	ff	162:0:10:31:1058
805714	PKT	0:105:47803:162:127179:0:0
806714	TX_ANT	ff	152:0:10:26:147
806714	PKT	0:103:46672:152:113708:0:0
807714	TX_ANT	ff	153:0:10:26:166
807714	PKT	0:100:45503:153:116111:0:0
808714	TX_ANT	ff	155:0:10:30:777
808714	PKT	0:102:46417:155:118313:0:0
[VISION][STATUS] FPS=32 | mavi=— kirmizi=— | tespit=BEKLİYOR | kuyruk=0
809714	TX_ANT	ff	151:0:11:29:134
809714	PKT	0:102:46213:151:113377:0:0
810714	TX_ANT	ff	155:0:10:29:176
810714	PKT	0:102:46464:155:118608:0:0
811714	TX_ANT	ff	155:0:10:28:138
811714	PKT	0:102:46806:155:118918:0:0
812714	TX_ANT	ff	155:0:10:27:173
812714	PKT	0:102:46756:155:119412:0:0
813714	TX_ANT	ff	156:0:10:43:2911
813714	PKT	0:103:47439:156:120071:0:0
[VISION][STATUS] FPS=32 | mavi=— kirmizi=— | tespit=BEKLİYOR | kuyruk=0
814714	TX_ANT	ff	152:0:10:29:200
814714	PKT	0:103:47002:152:114302:0:0
815714	TX_ANT	ff	156:0:10:26:166
815714	PKT	0:103:46609:156:120057:0:0
816714	TX_ANT	ff	156:0:10:28:174
816714	PKT	0:103:47274:156:119218:0:0
817714	TX_ANT	ff	154:0:10:24:126
817714	PKT	0:101:45957:154:117589:0:0
818714	TX_ANT	ff	150:0:10:29:175
818714	PKT	0:101:45670:150:111350:0:0
819714	TX_ANT	ff	154:0:10:28:169
819714	PKT	0:101:45142:154:116174:0:0
[VISION][STATUS] FPS=32 | mavi=— kirmizi=— | tespit=BEKLİYOR | kuyruk=0
820714	TX_ANT	ff	157:0:10:32:1042
820714	PKT	0:104:47292:157:119564:0:0
821714	TX_ANT	ff	155:0:10:27:239
821714	PKT	0:102:46040:155:117912:0:0
822714	TX_ANT	ff	156:0:10:28:172
822714	PKT	0:103:46428:156:118508:0:0
823714	TX_ANT	ff	151:0:10:29:417
823714	PKT	0:102:46184:151:114488:0:0
824714	TX_ANT	ff	157:0:10:29:183
824714	PKT	0:104:47003:157:119819:0:0
[VISION][STATUS] FPS=32 | mavi=— kirmizi=— | tespit=BEKLİYOR | kuyruk=0
825714	TX_ANT	ff	154:0:10:33:380
825714	PKT	0:101:45344:154:116516:0:0
826714	TX_ANT	ff	156:0:10:32:411
826714	PKT	0:103:46084:156:118144:0:0
827714	TX_ANT	ff	154:0:10:34:245
827714	PKT	0:101:46003:154:117603:0:0
828714	TX_ANT	ff	151:0:10:30:170
828714	PKT	0:102:46488:151:113336:0:0
829714	TX_ANT	ff	155:0:11:26:147
829714	PKT	0:102:46343:155:117955:0:0
[VISION][STATUS] FPS=32 | mavi=— kirmizi=— | tespit=BEKLİYOR | kuyruk=0
830714	TX_ANT	ff	156:0:10:30:189
830714	PKT	0:103:46393:156:118597:0:0
831716	TX_ANT	ff	154:0:11:31:258
831716	PKT	0:101:45242:154:115650:0:0
832714	TX_ANT	ff	150:0:10:27:173
832714	PKT	0:101:45568:150:112220:0:0
833714	TX_ANT	ff	154:0:10:27:211
833714	PKT	0:101:45876:154:116236:0:0
834714	TX_ANT	ff	150:0:10:24:117
834714	PKT	0:101:46350:150:113122:0:0
[VISION][STATUS] FPS=33 | mavi=— kirmizi=— | tespit=BEKLİYOR | kuyruk=0
835714	TX_ANT	ff	157:0:10:30:210
835714	PKT	0:104:46612:157:118620:0:0
836714	TX_ANT	ff	155:0:10:25:136
836714	PKT	0:102:45838:155:117002:0:0
837714	TX_ANT	ff	156:0:10:27:171
837714	PKT	0:103:46061:156:118117:0:0
838714	TX_ANT	ff	156:0:10:28:136
838714	PKT	0:103:46636:156:119096:0:0
839714	TX_ANT	ff	155:0:10:29:187
839714	PKT	0:102:45560:155:116376:0:0
[VISION][STATUS] FPS=32 | mavi=— kirmizi=— | tespit=BEKLİYOR | kuyruk=0
840714	TX_ANT	ff	156:0:10:28:151
840714	PKT	0:103:46006:156:117466:0:0
841714	TX_ANT	ff	150:0:10:32:218
841714	PKT	0:101:45428:150:111244:0:0
842714	TX_ANT	ff	153:0:10:27:141
842714	PKT	0:100:45722:153:116378:0:0
843714	TX_ANT	ff	151:0:10:27:150
843714	PKT	0:102:45951:151:111807:0:0
844714	TX_ANT	ff	154:0:10:27:105
844714	PKT	0:101:45897:154:117257:0:0
[VISION][STATUS] FPS=32 | mavi=— kirmizi=— | tespit=BEKLİYOR | kuyruk=0
845714	TX_ANT	ff	154:0:10:30:107
845714	PKT	0:101:46342:154:119302:0:0
846714	TX_ANT	ff	157:0:10:33:318
846714	PKT	0:104:46500:157:118480:0:0
847714	TX_ANT	ff	151:0:10:30:165
847714	PKT	0:102:46449:151:113649:0:0
848714	TX_ANT	ff	154:0:10:28:189
848714	PKT	0:101:45733:154:116773:0:0
849714	TX_ANT	ff	155:0:10:28:230
849714	PKT	0:102:45646:155:116654:0:0
[VISION][STATUS] FPS=32 | mavi=— kirmizi=— | tespit=BEKLİYOR | kuyruk=0
850714	TX_ANT	ff	155:0:10:28:157
850714	PKT	0:102:46420:155:117800:0:0
851714	TX_ANT	ff	150:0:10:28:202
851714	PKT	0:101:46393:150:113261:0:0
852714	TX_ANT	ff	156:0:10:25:154
852714	PKT	0:103:46668:156:119024:0:0
853714	TX_ANT	ff	154:0:10:33:289
853714	PKT	0:101:46017:154:118677:0:0
854714	TX_ANT	ff	150:0:10:30:281
854714	PKT	0:101:46213:150:114077:0:0
[VISION][STATUS] FPS=32 | mavi=— kirmizi=— | tespit=BEKLİYOR | kuyruk=0
855714	TX_ANT	ff	154:0:10:27:156
855714	PKT	0:101:46059:154:118503:0:0
856714	TX_ANT	ff	156:0:10:30:166
856714	PKT	0:103:46269:156:117889:0:0
857714	TX_ANT	ff	150:0:10:27:165
857714	PKT	0:101:45766:150:112178:0:0
858714	TX_ANT	ff	156:0:10:27:148
858714	PKT	0:103:46145:156:117489:0:0
859714	TX_ANT	ff	154:0:10:26:120
859714	PKT	0:101:45777:154:116581:0:0
[VISION][STATUS] FPS=32 | mavi=— kirmizi=— | tespit=BEKLİYOR | kuyruk=0
860714	TX_ANT	ff	155:0:10:34:345
860714	PKT	0:102:46325:155:118249:0:0
861714	TX_ANT	ff	151:0:10:29:222
861714	PKT	0:102:45698:151:112514:0:0
862714	TX_ANT	ff	155:0:10:27:233
862714	PKT	0:102:45156:155:116708:0:0
863714	TX_ANT	ff	154:0:10:28:205
863714	PKT	0:101:45096:154:114924:0:0
864714	TX_ANT	ff	155:0:10:26:209
864714	PKT	0:102:45869:155:116141:0:0
[VISION][STATUS] FPS=32 | mavi=— kirmizi=— | tespit=BEKLİYOR | kuyruk=0
865714	TX_ANT	ff	151:0:10:28:134
865714	PKT	0:102:46046:151:113018:0:0
866714	TX_ANT	ff	155:0:10:27:233
866714	PKT	0:102:44939:155:115455:0:0
867714	TX_ANT	ff	154:0:10:26:122
867714	PKT	0:101:43016:154:110460:0:0
868714	TX_ANT	ff	149:0:10:26:179
868714	PKT	0:101:44067:149:108855:0:0
869714	TX_ANT	ff	154:0:10:28:172
869714	PKT	0:101:43462:154:112090:0:0
[VISION][STATUS] FPS=32 | mavi=— kirmizi=— | tespit=BEKLİYOR | kuyruk=0
870714	TX_ANT	ff	149:0:10:29:153
870714	PKT	0:100:43571:149:106879:0:0
871714	TX_ANT	ff	154:0:10:38:723
871714	PKT	0:101:44374:154:114598:0:0
872714	TX_ANT	ff	154:0:10:29:331
872714	PKT	0:101:44180:154:113892:0:0
873714	TX_ANT	ff	151:0:10:38:816
873714	PKT	0:102:43941:151:108973:0:0
874714	TX_ANT	ff	154:0:10:26:173
874714	PKT	0:101:44398:154:113818:0:0
[VISION][STATUS] FPS=33 | mavi=— kirmizi=— | tespit=BEKLİYOR | kuyruk=0
875714	TX_ANT	ff	155:0:10:28:262
875714	PKT	0:102:44858:155:116210:0:0
876714	TX_ANT	ff	150:0:10:34:284
876714	PKT	0:101:44240:150:108672:0:0
877714	TX_ANT	ff	155:0:10:39:1864
877714	PKT	0:102:44634:155:116066:0:0
878714	TX_ANT	ff	156:0:10:27:454
878714	PKT	0:103:45572:156:116848:0:0
879714	TX_ANT	ff	154:0:10:29:190
879714	PKT	0:101:44423:154:115235:0:0
[VISION][STATUS] FPS=32 | mavi=— kirmizi=— | tespit=BEKLİYOR | kuyruk=0
880714	TX_ANT	ff	151:0:10:24:119
880714	PKT	0:102:44663:151:109479:0:0
881714	TX_ANT	ff	154:0:10:26:136
881714	PKT	0:101:44579:154:114547:0:0
882714	TX_ANT	ff	155:0:10:29:130
882714	PKT	0:102:44591:155:115827:0:0
883714	TX_ANT	ff	150:0:10:31:174
883714	PKT	0:101:44801:150:109877:0:0
884714	TX_ANT	ff	154:0:10:48:3276
884714	PKT	0:101:44023:154:113735:0:0
[VISION][STATUS] FPS=32 | mavi=— kirmizi=— | tespit=BEKLİYOR | kuyruk=0
885714	TX_ANT	ff	155:0:10:27:220
885714	PKT	0:102:44850:155:115046:0:0
886714	TX_ANT	ff	155:0:10:26:138
886714	PKT	0:102:45052:155:116172:0:0
887714	TX_ANT	ff	150:0:10:28:195
887714	PKT	0:101:44528:150:110356:0:0
888714	TX_ANT	ff	154:0:10:32:270
888714	PKT	0:101:44298:154:112886:0:0
889714	TX_ANT	ff	155:0:10:33:357
889714	PKT	0:102:44330:155:113850:0:0
[VISION][STATUS] FPS=32 | mavi=— kirmizi=— | tespit=BEKLİYOR | kuyruk=0
890714	TX_ANT	ff	151:0:10:30:171
890714	PKT	0:102:44572:151:109664:0:0
891714	TX_ANT	ff	154:0:10:26:141
891714	PKT	0:101:44016:154:112400:0:0
892714	TX_ANT	ff	155:0:10:31:350
892714	PKT	0:102:44581:155:114385:0:0
893714	TX_ANT	ff	150:0:10:29:168
893714	PKT	0:101:44381:150:109577:0:0
894714	TX_ANT	ff	154:0:10:24:100
894714	PKT	0:101:44803:154:115243:0:0
[VISION][STATUS] FPS=32 | mavi=— kirmizi=— | tespit=BEKLİYOR | kuyruk=0
895714	TX_ANT	ff	157:0:10:34:795
895714	PKT	0:104:44877:157:116297:0:0
896714	TX_ANT	ff	154:0:10:28:189
896714	PKT	0:101:44037:154:113509:0:0
897714	TX_ANT	ff	151:0:10:27:185
897714	PKT	0:102:44085:151:110237:0:0
898714	TX_ANT	ff	155:0:10:26:168
898714	PKT	0:102:45081:155:115089:0:0
899714	TX_ANT	ff	155:0:10:27:117
899714	PKT	0:102:44067:155:113023:0:0
[VISION][STATUS] FPS=32 | mavi=— kirmizi=— | tespit=BEKLİYOR | kuyruk=0
900714	TX_ANT	ff	150:0:10:40:2163
900714	PKT	0:101:43404:150:106952:0:0
901714	TX_ANT	ff	154:0:10:26:108
901714	PKT	0:101:43581:154:112541:0:0
902714	TX_ANT	ff	155:0:10:27:196
902714	PKT	0:102:44320:155:113000:0:0
903714	TX_ANT	ff	150:0:10:29:206
903714	PKT	0:101:43448:150:107704:0:0
904714	TX_ANT	ff	155:0:10:37:464
904714	PKT	0:102:44386:155:115494:0:0
[VISION][STATUS] FPS=33 | mavi=— kirmizi=— | tespit=BEKLİYOR | kuyruk=0
905714	TX_ANT	ff	155:0:11:32:329
905714	PKT	0:102:43319:155:111123:0:0
906714	TX_ANT	ff	155:0:10:30:112
906714	PKT	0:102:44017:155:113953:0:0
907714	TX_ANT	ff	150:0:10:27:151
907714	PKT	0:101:43831:150:108191:0:0
908714	TX_ANT	ff	156:0:10:28:153
908714	PKT	0:103:43997:156:112301:0:0
909714	TX_ANT	ff	153:0:10:26:142
909714	PKT	0:100:43494:153:111390:0:0
[VISION][STATUS] FPS=33 | mavi=— kirmizi=— | tespit=BEKLİYOR | kuyruk=0
910714	TX_ANT	ff	150:0:10:31:175
910714	PKT	0:101:43383:150:108379:0:0
911714	TX_ANT	ff	154:0:10:31:119
911714	PKT	0:101:43625:154:111853:0:0
912714	TX_ANT	ff	156:0:10:31:292
912714	PKT	0:103:44030:156:113550:0:0
913714	TX_ANT	ff	155:0:10:28:204
913714	PKT	0:102:44110:155:113606:0:0
914714	TX_ANT	ff	150:0:10:38:449
914714	PKT	0:101:44385:150:109789:0:0
[VISION][STATUS] FPS=32 | mavi=— kirmizi=— | tespit=BEKLİYOR | kuyruk=0
915714	TX_ANT	ff	154:0:10:25:122
915714	PKT	0:101:43783:154:112163:0:0
916714	TX_ANT	ff	150:0:10:30:205
916714	PKT	0:101:44202:150:108406:0:0
917714	TX_ANT	ff	154:0:10:35:1455
917714	PKT	0:101:45107:154:115887:0:0
918714	TX_ANT	ff	157:0:9:28:191
918714	PKT	0:104:45995:157:117023:0:0
919714	TX_ANT	ff	155:0:10:32:206
919714	PKT	0:102:46058:155:119318:0:0
[VISION][STATUS] FPS=32 | mavi=— kirmizi=— | tespit=BEKLİYOR | kuyruk=0
920714	TX_ANT	ff	156:0:10:28:241
920714	PKT	0:103:45333:156:115609:0:0
921714	TX_ANT	ff	150:0:10:29:130
921714	PKT	0:101:44987:150:110555:0:0
922714	TX_ANT	ff	154:0:10:33:663
922714	PKT	0:101:45023:154:115315:0:0
923714	TX_ANT	ff	154:0:10:48:2885
923714	PKT	0:101:44893:154:113909:0:0
924714	TX_ANT	ff	150:0:10:31:238
924714	PKT	0:101:44840:150:109304:0:0
[VISION][STATUS] FPS=32 | mavi=— kirmizi=— | tespit=BEKLİYOR | kuyruk=0
925714	TX_ANT	ff	154:0:10:29:159
925714	PKT	0:101:44910:154:114634:0:0
926714	TX_ANT	ff	155:0:10:29:432
926714	PKT	0:102:45726:155:117198:0:0
927714	TX_ANT	ff	151:0:10:28:176
927714	PKT	0:102:45627:151:111999:0:0
928714	TX_ANT	ff	154:0:10:27:154
928714	PKT	0:101:44852:154:114856:0:0
929714	TX_ANT	ff	155:0:10:25:176
929714	PKT	0:102:45229:155:115837:0:0
[VISION][STATUS] FPS=32 | mavi=— kirmizi=— | tespit=BEKLİYOR | kuyruk=0
930714	TX_ANT	ff	150:0:11:28:114
930714	PKT	0:101:45355:150:111315:0:0
931714	TX_ANT	ff	155:0:10:30:325
931714	PKT	0:102:45512:155:115860:0:0
932714	TX_ANT	ff	154:0:10:32:269
932714	PKT	0:101:45337:154:115909:0:0
933714	TX_ANT	ff	150:0:10:25:94
933714	PKT	0:101:45272:150:111528:0:0
934714	TX_ANT	ff	155:0:11:27:195
934714	PKT	0:102:45207:155:115475:0:0
[VISION][STATUS] FPS=32 | mavi=— kirmizi=— | tespit=BEKLİYOR | kuyruk=0
935714	TX_ANT	ff	155:0:10:27:155
935714	PKT	0:102:45298:155:114778:0:0
936714	TX_ANT	ff	155:0:11:33:234
936714	PKT	0:102:45041:155:116721:0:0
937714	TX_ANT	ff	151:0:10:29:198
937714	PKT	0:102:45059:151:110707:0:0
938714	TX_ANT	ff	155:0:10:28:134
938714	PKT	0:102:44552:155:113652:0:0
939714	TX_ANT	ff	154:0:10:30:221
939714	PKT	0:101:44381:154:113453:0:0
[VISION][STATUS] FPS=32 | mavi=— kirmizi=— | tespit=BEKLİYOR | kuyruk=0
940714	TX_ANT	ff	150:0:10:29:246
940714	PKT	0:101:44474:150:109330:0:0
941716	TX_ANT	ff	155:0:10:24:96
941716	PKT	0:102:44161:155:112377:0:0
942714	TX_ANT	ff	154:0:10:29:285
942714	PKT	0:101:44251:154:113891:0:0
943714	TX_ANT	ff	151:0:10:26:149
943714	PKT	0:102:43983:151:108759:0:0
944714	TX_ANT	ff	155:0:10:26:137
944714	PKT	0:102:43691:155:112567:0:0
[VISION][STATUS] FPS=32 | mavi=— kirmizi=— | tespit=BEKLİYOR | kuyruk=0
945714	TX_ANT	ff	155:0:10:28:244
945714	PKT	0:102:44668:155:114140:0:0
946714	TX_ANT	ff	155:0:10:25:166
946714	PKT	0:102:44899:155:114863:0:0
947714	TX_ANT	ff	150:0:10:30:164
947714	PKT	0:101:44246:150:109762:0:0
948714	TX_ANT	ff	153:0:10:25:98
948714	PKT	0:100:43661:153:111429:0:0
949714	TX_ANT	ff	150:0:10:32:403
949714	PKT	0:101:43961:150:108837:0:0
[VISION][STATUS] FPS=32 | mavi=— kirmizi=— | tespit=BEKLİYOR | kuyruk=0
950714	TX_ANT	ff	155:0:10:26:172
950714	PKT	0:102:44100:155:113652:0:0
951714	TX_ANT	ff	157:0:10:25:142
951714	PKT	0:104:45379:157:115507:0:0
952714	TX_ANT	ff	154:0:10:28:163
952714	PKT	0:101:44117:154:113521:0:0
953714	TX_ANT	ff	150:0:10:26:180
953714	PKT	0:101:44012:150:109400:0:0
954714	TX_ANT	ff	154:0:10:26:175
954714	PKT	0:101:44491:154:114343:0:0
[VISION][STATUS] FPS=32 | mavi=— kirmizi=— | tespit=BEKLİYOR | kuyruk=0
955714	TX_ANT	ff	155:0:10:29:166
955714	PKT	0:102:44312:155:114040:0:0
956714	TX_ANT	ff	155:0:10:30:212
956714	PKT	0:102:44742:155:115174:0:0
957714	TX_ANT	ff	151:0:10:27:170
957714	PKT	0:102:44819:151:111243:0:0
958714	TX_ANT	ff	155:0:10:34:666
958714	PKT	0:102:44466:155:113666:0:0
959714	TX_ANT	ff	155:0:10:27:274
959714	PKT	0:102:44434:155:115434:0:0
[VISION][STATUS] FPS=32 | mavi=— kirmizi=— | tespit=BEKLİYOR | kuyruk=0
960714	TX_ANT	ff	156:0:11:33:401
960714	PKT	0:103:45309:156:116461:0:0
961714	TX_ANT	ff	151:0:10:54:2561
961714	PKT	0:102:44694:151:109846:0:0
962714	TX_ANT	ff	154:0:10:31:224
962714	PKT	0:101:44039:154:113567:0:0
963714	TX_ANT	ff	155:0:10:27:154
963714	PKT	0:102:44483:155:114935:0:0
964714	TX_ANT	ff	155:0:10:27:120
964714	PKT	0:102:44310:155:113714:0:0
[VISION][STATUS] FPS=33 | mavi=— kirmizi=— | tespit=BEKLİYOR | kuyruk=0
965714	TX_ANT	ff	151:0:10:28:175
965714	PKT	0:102:43828:151:108392:0:0
966714	TX_ANT	ff	153:0:10:25:144
966714	PKT	0:100:44094:153:114782:0:0
967714	TX_ANT	ff	155:0:10:30:247
967714	PKT	0:102:45785:155:117633:0:0
968714	TX_ANT	ff	151:0:11:31:269
968714	PKT	0:102:45334:151:110902:0:0
969714	TX_ANT	ff	155:0:10:33:270
969714	PKT	0:102:45767:155:118387:0:0
[VISION][STATUS] FPS=32 | mavi=— kirmizi=— | tespit=BEKLİYOR | kuyruk=0
970714	TX_ANT	ff	155:0:10:26:153
970714	PKT	0:102:45437:155:116409:0:0
971714	TX_ANT	ff	150:0:10:29:140
971714	PKT	0:101:45200:150:110312:0:0
972716	TX_ANT	ff	154:0:10:29:134
972716	PKT	0:101:44533:154:113841:0:0
973714	TX_ANT	ff	155:0:10:24:110
973714	PKT	0:102:45536:155:117808:0:0
974714	TX_ANT	ff	150:0:10:27:172
974714	PKT	0:101:45250:150:110786:0:0
[VISION][STATUS] FPS=32 | mavi=— kirmizi=— | tespit=BEKLİYOR | kuyruk=0
975714	TX_ANT	ff	155:0:10:29:173
975714	PKT	0:102:44912:155:115916:0:0
976714	TX_ANT	ff	155:0:10:25:100
976714	PKT	0:102:44950:155:114442:0:0
977714	TX_ANT	ff	154:0:10:33:594
977714	PKT	0:101:44572:154:114624:0:0
978714	TX_ANT	ff	150:0:10:59:1648
978714	PKT	0:101:45022:150:111054:0:0
979714	TX_ANT	ff	154:0:10:36:686
979714	PKT	0:101:44782:154:114958:0:0
[VISION][STATUS] FPS=33 | mavi=— kirmizi=— | tespit=BEKLİYOR | kuyruk=0
980714	TX_ANT	ff	150:0:11:32:264
980714	PKT	0:101:44587:150:108947:0:0
981714	TX_ANT	ff	154:0:11:33:526
981714	PKT	0:101:44603:154:114895:0:0
982714	TX_ANT	ff	154:0:10:28:148
982714	PKT	0:101:43925:154:112509:0:0
983714	TX_ANT	ff	151:0:10:30:292
983714	PKT	0:102:44674:151:108910:0:0
984714	TX_ANT	ff	157:0:10:27:278
984714	PKT	0:104:46282:157:118458:0:0
[VISION][STATUS] FPS=32 | mavi=— kirmizi=— | tespit=BEKLİYOR | kuyruk=0
985714	TX_ANT	ff	155:0:10:26:171
985714	PKT	0:102:44603:155:115347:0:0
986714	TX_ANT	ff	154:0:10:28:265
986714	PKT	0:101:44429:154:114133:0:0
987714	TX_ANT	ff	150:0:10:29:204
987714	PKT	0:101:43911:150:108927:0:0
988714	TX_ANT	ff	155:0:10:28:123
988714	PKT	0:102:44785:155:114961:0:0
989714	TX_ANT	ff	154:0:10:26:144
989714	PKT	0:101:43988:154:111788:0:0
[VISION][STATUS] FPS=32 | mavi=— kirmizi=— | tespit=BEKLİYOR | kuyruk=0
990714	TX_ANT	ff	150:0:10:26:138
990714	PKT	0:101:44553:150:109429:0:0
991714	TX_ANT	ff	154:0:10:25:124
991714	PKT	0:101:44385:154:113985:0:0
992714	TX_ANT	ff	154:0:10:27:179
992714	PKT	0:101:44550:154:115170:0:0
993714	TX_ANT	ff	151:0:10:40:1904
993714	PKT	0:102:45022:151:110378:0:0
994714	TX_ANT	ff	155:0:10:28:198
994714	PKT	0:102:44255:155:114719:0:0
[VISION][STATUS] FPS=32 | mavi=— kirmizi=— | tespit=BEKLİYOR | kuyruk=0
995714	TX_ANT	ff	154:0:10:27:129
995714	PKT	0:101:44532:154:114108:0:0
996714	TX_ANT	ff	150:0:10:29:240
996714	PKT	0:101:44885:150:109009:0:0
997714	TX_ANT	ff	155:0:10:24:95
997714	PKT	0:102:44727:155:114647:0:0
998714	TX_ANT	ff	154:0:10:28:137
998714	PKT	0:101:45556:154:116372:0:0
999715	TX_ANT	ff	150:0:10:26:195
999715	PKT	0:101:44837:150:110073:0:0
[VISION][STATUS] FPS=33 | mavi=— kirmizi=— | tespit=BEKLİYOR | kuyruk=0
1000714	TX_ANT	ff	155:0:10:31:265
1000714	PKT	0:102:44948:155:115624:0:0
1001714	TX_ANT	ff	154:0:10:29:198
1001714	PKT	0:101:44469:154:114429:0:0
1002714	TX_ANT	ff	155:0:10:30:281
1002714	PKT	0:102:44792:155:113948:0:0
1003714	TX_ANT	ff	151:0:10:27:165
1003714	PKT	0:102:44442:151:109978:0:0
1004714	TX_ANT	ff	154:0:10:31:220
1004714	PKT	0:101:44487:154:113647:0:0
[VISION][STATUS] FPS=32 | mavi=— kirmizi=— | tespit=BEKLİYOR | kuyruk=0
1005714	TX_ANT	ff	155:0:10:29:214
1005714	PKT	0:102:45190:155:116586:0:0
1006714	TX_ANT	ff	150:0:10:27:164
1006714	PKT	0:101:44298:150:109346:0:0
1007714	TX_ANT	ff	156:0:10:28:192
1007714	PKT	0:103:44510:156:114814:0:0
1008714	TX_ANT	ff	155:0:10:27:168
1008714	PKT	0:102:44788:155:114836:0:0
1009714	TX_ANT	ff	155:0:10:26:209
1009714	PKT	0:102:44451:155:114743:0:0
[VISION][STATUS] FPS=32 | mavi=— kirmizi=— | tespit=BEKLİYOR | kuyruk=0
1010714	TX_ANT	ff	150:0:10:33:307
1010714	PKT	0:101:44054:150:108730:0:0
1011714	TX_ANT	ff	155:0:10:30:296
1011714	PKT	0:102:44824:155:114656:0:0
1012714	TX_ANT	ff	157:0:10:28:223
1012714	PKT	0:104:45203:157:116871:0:0
1013714	TX_ANT	ff	154:0:10:28:194
1013714	PKT	0:101:44669:154:114749:0:0
1014714	TX_ANT	ff	156:0:10:28:176
1014714	PKT	0:103:44963:156:115719:0:0
[VISION][STATUS] FPS=32 | mavi=— kirmizi=— | tespit=BEKLİYOR | kuyruk=0
1015714	TX_ANT	ff	151:0:10:28:159
1015714	PKT	0:102:44327:151:109243:0:0
1016714	TX_ANT	ff	154:0:10:29:196
1016714	PKT	0:101:44846:154:114838:0:0
1017714	TX_ANT	ff	155:0:10:31:182
1017714	PKT	0:102:44691:155:114963:0:0
1018714	TX_ANT	ff	151:0:10:30:211
1018714	PKT	0:102:44510:151:110186:0:0
1019714	TX_ANT	ff	154:0:10:26:171
1019714	PKT	0:101:44519:154:114483:0:0
[VISION][STATUS] FPS=32 | mavi=— kirmizi=— | tespit=BEKLİYOR | kuyruk=0
1020714	TX_ANT	ff	155:0:10:29:213
1020714	PKT	0:102:43838:155:113850:0:0
1021714	TX_ANT	ff	150:0:10:27:117
1021714	PKT	0:101:44957:150:110305:0:0
1022716	TX_ANT	ff	154:0:10:35:706
1022716	PKT	0:101:44610:154:114234:0:0
1023714	TX_ANT	ff	155:0:10:37:355
1023714	PKT	0:102:44696:155:115324:0:0
1024714	TX_ANT	ff	150:0:10:39:1381
1024714	PKT	0:101:44421:150:109129:0:0
[VISION][STATUS] FPS=32 | mavi=— kirmizi=— | tespit=BEKLİYOR | kuyruk=0
1025714	TX_ANT	ff	154:0:10:35:296
1025714	PKT	0:101:43877:154:112461:0:0
1026714	TX_ANT	ff	155:0:10:30:226
1026714	PKT	0:102:44664:155:114756:0:0
1027714	TX_ANT	ff	155:0:10:43:1650
1027714	PKT	0:102:44387:155:113871:0:0
1028714	TX_ANT	ff	151:0:10:26:108
1028714	PKT	0:102:44749:151:110557:0:0
1029714	TX_ANT	ff	155:0:10:26:123
1029714	PKT	0:102:45026:155:115290:0:0
1030714	TX_ANT	ff	154:0:10:26:169
1030714	PKT	0:101:44380:154:113384:0:0
[VISION][STATUS] FPS=32 | mavi=— kirmizi=— | tespit=BEKLİYOR | kuyruk=0
1031714	TX_ANT	ff	150:0:10:30:168
1031714	PKT	0:101:44055:150:109671:0:0
1032714	TX_ANT	ff	157:0:10:33:879
1032714	PKT	0:104:44997:157:115361:0:0
1033714	TX_ANT	ff	154:0:10:29:181
1033714	PKT	0:101:44401:154:113345:0:0
1034714	TX_ANT	ff	155:0:10:26:163
1034714	PKT	0:102:44471:155:115387:0:0
1035714	TX_ANT	ff	151:0:10:28:194
1035714	PKT	0:102:44168:151:108928:0:0
[VISION][STATUS] FPS=32 | mavi=— kirmizi=— | tespit=BEKLİYOR | kuyruk=0
1036714	TX_ANT	ff	154:0:10:24:97
1036714	PKT	0:101:43508:154:112108:0:0
1037714	TX_ANT	ff	154:0:10:26:289
1037714	PKT	0:101:43341:154:111873:0:0
1038714	TX_ANT	ff	150:0:10:27:206
1038714	PKT	0:101:43576:150:106448:0:0
1039714	TX_ANT	ff	154:0:10:27:111
1039714	PKT	0:101:43756:154:112556:0:0
1040714	TX_ANT	ff	154:0:10:28:129
1040714	PKT	0:101:43830:154:112250:0:0
[VISION][STATUS] FPS=32 | mavi=— kirmizi=— | tespit=BEKLİYOR | kuyruk=0
1041714	TX_ANT	ff	151:0:10:25:119
1041714	PKT	0:102:44255:151:109503:0:0
1042715	TX_ANT	ff	154:0:10:29:169
1042715	PKT	0:101:43610:154:111826:0:0
1043714	TX_ANT	ff	154:0:10:24:125
1043714	PKT	0:101:43633:154:112297:0:0
1044714	TX_ANT	ff	151:0:10:29:171
1044714	PKT	0:102:44090:151:109498:0:0
1045714	TX_ANT	ff	154:0:10:28:231
1045714	PKT	0:101:42892:154:109296:0:0
[VISION][STATUS] FPS=33 | mavi=— kirmizi=— | tespit=BEKLİYOR | kuyruk=0
1046714	TX_ANT	ff	154:0:10:27:123
1046714	PKT	0:101:43531:154:111555:0:0
1047714	TX_ANT	ff	150:0:10:27:147
1047714	PKT	0:101:43446:150:107826:0:0
1048714	TX_ANT	ff	156:0:10:27:164
1048714	PKT	0:103:43399:156:111439:0:0
1049714	TX_ANT	ff	154:0:10:32:293
1049714	PKT	0:101:43773:154:113729:0:0
1050714	TX_ANT	ff	150:0:10:25:104
1050714	PKT	0:101:43769:150:108721:0:0
[VISION][STATUS] FPS=32 | mavi=— kirmizi=— | tespit=BEKLİYOR | kuyruk=0
1051714	TX_ANT	ff	154:0:10:29:202
1051714	PKT	0:101:43333:154:111029:0:0
1052714	TX_ANT	ff	154:0:10:27:148
1052714	PKT	0:101:42448:154:109888:0:0
1053714	TX_ANT	ff	150:0:10:31:330
1053714	PKT	0:101:42958:150:105470:0:0
1054714	TX_ANT	ff	154:0:10:31:564
1054714	PKT	0:101:42680:154:109964:0:0
1055714	TX_ANT	ff	155:0:11:32:243
1055714	PKT	0:102:43111:155:111719:0:0
[VISION][STATUS] FPS=33 | mavi=— kirmizi=— | tespit=BEKLİYOR | kuyruk=0
1056714	TX_ANT	ff	150:0:10:31:128
1056714	PKT	0:101:43434:150:107750:0:0
1057714	TX_ANT	ff	155:0:10:30:137
1057714	PKT	0:102:43513:155:111861:0:0
1058714	TX_ANT	ff	154:0:10:30:323
1058714	PKT	0:101:43434:154:112314:0:0
1059714	TX_ANT	ff	151:0:10:31:250
1059714	PKT	0:102:43845:151:108573:0:0
1060714	TX_ANT	ff	154:0:10:31:166
1060714	PKT	0:101:42789:154:110657:0:0
[VISION][STATUS] FPS=32 | mavi=— kirmizi=— | tespit=BEKLİYOR | kuyruk=0
1061714	TX_ANT	ff	154:0:10:31:277
1061714	PKT	0:101:42826:154:109858:0:0
1062714	TX_ANT	ff	150:0:10:30:149
1062714	PKT	0:101:43182:150:106306:0:0
1063714	TX_ANT	ff	155:0:10:31:519
1063714	PKT	0:102:44090:155:112946:0:0
1064714	TX_ANT	ff	154:0:10:35:293
1064714	PKT	0:101:43666:154:113942:0:0
1065714	TX_ANT	ff	151:0:10:30:376
1065714	PKT	0:102:43487:151:106219:0:0
[VISION][STATUS] FPS=32 | mavi=— kirmizi=— | tespit=BEKLİYOR | kuyruk=0
1066714	TX_ANT	ff	155:0:10:26:111
1066714	PKT	0:102:43468:155:112164:0:0
1067714	TX_ANT	ff	154:0:10:32:405
1067714	PKT	0:101:43339:154:111427:0:0
1068714	TX_ANT	ff	150:0:10:33:306
1068714	PKT	0:101:43612:150:107612:0:0
1069714	TX_ANT	ff	153:0:10:27:165
1069714	PKT	0:100:42837:153:109745:0:0
1070714	TX_ANT	ff	150:0:10:31:273
1070714	PKT	0:101:43747:150:108319:0:0
[VISION][STATUS] FPS=32 | mavi=— kirmizi=— | tespit=BEKLİYOR | kuyruk=0
1071714	TX_ANT	ff	153:0:10:28:153
1071714	PKT	0:100:43544:153:111100:0:0
1072714	TX_ANT	ff	155:0:10:30:247
1072714	PKT	0:102:43924:155:114916:0:0
1073714	TX_ANT	ff	149:0:10:31:239
1073714	PKT	0:100:43045:149:106725:0:0
1074714	TX_ANT	ff	157:0:10:34:322
1074714	PKT	0:104:43989:157:112969:0:0
1075714	TX_ANT	ff	154:0:10:28:159
1075714	PKT	0:101:43607:154:112535:0:0
[VISION][STATUS] FPS=32 | mavi=— kirmizi=— | tespit=BEKLİYOR | kuyruk=0
1076714	TX_ANT	ff	150:0:10:26:104
1076714	PKT	0:101:43416:150:106428:0:0
1077714	TX_ANT	ff	154:0:10:27:167
1077714	PKT	0:101:42975:154:110607:0:0
1078714	TX_ANT	ff	153:0:10:50:1984
1078714	PKT	0:100:42252:153:108680:0:0
1079715	TX_ANT	ff	150:0:10:26:206
1079715	PKT	0:101:42627:150:106035:0:0
1080714	TX_ANT	ff	154:0:10:27:117
1080714	PKT	0:101:43176:154:110776:0:0
[VISION][STATUS] FPS=32 | mavi=— kirmizi=— | tespit=BEKLİYOR | kuyruk=0
1081714	TX_ANT	ff	150:0:10:35:190
1081714	PKT	0:101:43253:150:107465:0:0
1082714	TX_ANT	ff	153:0:10:26:190
1082714	PKT	0:100:42730:153:111458:0:0
1083714	TX_ANT	ff	154:0:10:25:170
1083714	PKT	0:101:43117:154:111057:0:0
1084714	TX_ANT	ff	151:0:10:25:155
1084714	PKT	0:102:43737:151:108529:0:0
1085714	TX_ANT	ff	155:0:10:26:120
1085714	PKT	0:102:43434:155:112002:0:0
[VISION][STATUS] FPS=32 | mavi=— kirmizi=— | tespit=BEKLİYOR | kuyruk=0
1086715	TX_ANT	ff	154:0:10:25:143
1086715	PKT	0:101:43119:154:111107:0:0
1087714	TX_ANT	ff	150:0:10:30:267
1087714	PKT	0:101:43662:150:108722:0:0
1088714	TX_ANT	ff	153:0:9:29:134
1088714	PKT	0:100:43144:153:110768:0:0
1089714	TX_ANT	ff	150:0:10:26:113
1089714	PKT	0:101:43221:150:107217:0:0
1090714	TX_ANT	ff	154:0:10:24:86
1090714	PKT	0:101:43337:154:111553:0:0
[VISION][STATUS] FPS=32 | mavi=— kirmizi=— | tespit=BEKLİYOR | kuyruk=0
1091714	TX_ANT	ff	153:0:10:29:190
1091714	PKT	0:100:42841:153:111109:0:0
1092714	TX_ANT	ff	151:0:10:26:114
1092714	PKT	0:102:43345:151:107381:0:0
1093714	TX_ANT	ff	154:0:10:28:189
1093714	PKT	0:101:42997:154:110981:0:0
1094714	TX_ANT	ff	154:0:10:26:157
1094714	PKT	0:101:43131:154:110311:0:0
1095714	TX_ANT	ff	149:0:10:33:217
1095714	PKT	0:100:42491:149:104903:0:0
[VISION][STATUS] FPS=32 | mavi=— kirmizi=— | tespit=BEKLİYOR | kuyruk=0
1096714	TX_ANT	ff	153:0:10:27:96
1096714	PKT	0:100:42622:153:109726:0:0
1097714	TX_ANT	ff	149:0:10:28:193
1097714	PKT	0:100:43311:149:106791:0:0
1098714	TX_ANT	ff	154:0:10:30:157
1098714	PKT	0:101:43141:154:112153:0:0
1099714	TX_ANT	ff	150:0:10:31:274
1099714	PKT	0:101:42938:150:107314:0:0
1100714	TX_ANT	ff	155:0:10:28:201
1100714	PKT	0:102:43463:155:111563:0:0
[VISION][STATUS] FPS=32 | mavi=— kirmizi=— | tespit=BEKLİYOR | kuyruk=0
1101714	TX_ANT	ff	153:0:10:36:445
1101714	PKT	0:100:43174:153:111774:0:0
1102714	TX_ANT	ff	149:0:10:25:97
1102714	PKT	0:100:42686:149:104706:0:0
1103714	TX_ANT	ff	153:0:10:26:205
1103714	PKT	0:100:42590:153:109070:0:0
1104714	TX_ANT	ff	149:0:10:28:298
1104714	PKT	0:100:42873:149:106349:0:0
1105714	TX_ANT	ff	153:0:11:34:263
1105714	PKT	0:100:43416:153:112668:0:0
[VISION][STATUS] FPS=32 | mavi=— kirmizi=— | tespit=BEKLİYOR | kuyruk=0
1106715	TX_ANT	ff	149:0:10:35:950
1106715	PKT	0:100:43465:149:107237:0:0
1107714	TX_ANT	ff	155:0:10:26:185
1107714	PKT	0:102:43692:155:113580:0:0
1108714	TX_ANT	ff	150:0:10:35:366
1108714	PKT	0:101:43659:150:106799:0:0
1109714	TX_ANT	ff	153:0:10:27:188
1109714	PKT	0:100:43346:153:111406:0:0
1110714	TX_ANT	ff	154:0:10:32:218
1110714	PKT	0:101:42474:154:109474:0:0
[VISION][STATUS] FPS=32 | mavi=— kirmizi=— | tespit=BEKLİYOR | kuyruk=0
1111714	TX_ANT	ff	149:0:10:26:290
1111714	PKT	0:100:43045:149:106065:0:0
1112716	TX_ANT	ff	154:0:10:26:165
1112716	PKT	0:101:43495:154:112103:0:0
1113714	TX_ANT	ff	150:0:10:27:169
1113714	PKT	0:101:44040:150:108872:0:0
1114714	TX_ANT	ff	154:0:10:26:109
1114714	PKT	0:101:44190:154:114694:0:0
1115714	TX_ANT	ff	154:0:10:27:162
1115714	PKT	0:101:44172:154:114536:0:0
[VISION][STATUS] FPS=32 | mavi=— kirmizi=— | tespit=BEKLİYOR | kuyruk=0
1116714	TX_ANT	ff	150:0:10:32:515
1116714	PKT	0:101:42872:150:106256:0:0
1117715	TX_ANT	ff	154:0:10:26:160
1117715	PKT	0:101:42669:154:109073:0:0
1118714	TX_ANT	ff	150:0:10:30:254
1118714	PKT	0:101:42890:150:105378:0:0
1119714	TX_ANT	ff	153:0:10:30:333
1119714	PKT	0:100:43047:153:110979:0:0
1120714	TX_ANT	ff	154:0:10:25:96
1120714	PKT	0:101:43562:154:112878:0:0
[VISION][STATUS] FPS=33 | mavi=— kirmizi=— | tespit=BEKLİYOR | kuyruk=0
1121714	TX_ANT	ff	151:0:10:26:175
1121714	PKT	0:102:43008:151:106920:0:0
1122714	TX_ANT	ff	153:0:10:26:191
1122714	PKT	0:100:43123:153:110527:0:0
1123714	TX_ANT	ff	155:0:10:25:122
1123714	PKT	0:102:43217:155:110505:0:0
1124714	TX_ANT	ff	151:0:10:59:4713
1124714	PKT	0:102:43456:151:106892:0:0
1125714	TX_ANT	ff	154:0:10:29:157
1125714	PKT	0:101:42616:154:109024:0:0
[VISION][STATUS] FPS=32 | mavi=— kirmizi=— | tespit=BEKLİYOR | kuyruk=0
1126714	TX_ANT	ff	149:0:10:28:170
1126714	PKT	0:100:42591:149:104883:0:0
1127714	TX_ANT	ff	154:0:10:31:181
1127714	PKT	0:101:42606:154:109498:0:0
1128714	TX_ANT	ff	154:0:10:28:230
1128714	PKT	0:101:42773:154:109821:0:0
1129714	TX_ANT	ff	149:0:10:25:119
1129714	PKT	0:100:43375:149:107215:0:0
1130714	TX_ANT	ff	153:0:10:26:141
1130714	PKT	0:100:42493:153:110209:0:0
[VISION][STATUS] FPS=33 | mavi=— kirmizi=— | tespit=BEKLİYOR | kuyruk=0
1131714	TX_ANT	ff	149:0:10:29:293
1131714	PKT	0:100:42659:149:105911:0:0
1132714	TX_ANT	ff	155:0:10:26:124
1132714	PKT	0:102:43344:155:111944:0:0
1133714	TX_ANT	ff	154:0:10:28:174
1133714	PKT	0:101:42541:154:110717:0:0
1134714	TX_ANT	ff	151:0:10:38:1119
1134714	PKT	0:102:43264:151:107152:0:0
1135714	TX_ANT	ff	153:0:11:35:307
1135714	PKT	0:100:43360:153:110772:0:0
[VISION][STATUS] FPS=32 | mavi=— kirmizi=— | tespit=BEKLİYOR | kuyruk=0
1136714	TX_ANT	ff	149:0:10:32:232
1136714	PKT	0:100:43187:149:107523:0:0
1137714	TX_ANT	ff	153:0:10:29:201
1137714	PKT	0:100:43090:153:110818:0:0
1138714	TX_ANT	ff	150:0:10:30:195
1138714	PKT	0:101:43021:150:105849:0:0
1139714	TX_ANT	ff	154:0:10:27:187
1139714	PKT	0:101:43012:154:111240:0:0
1140714	TX_ANT	ff	156:0:10:31:318
1140714	PKT	0:103:43218:156:111686:0:0
[VISION][STATUS] FPS=32 | mavi=— kirmizi=— | tespit=BEKLİYOR | kuyruk=0
1141714	TX_ANT	ff	149:0:10:26:97
1141714	PKT	0:100:42312:149:104624:0:0
1142714	TX_ANT	ff	154:0:10:28:298
1142714	PKT	0:101:43056:154:111044:0:0
1143714	TX_ANT	ff	154:0:10:24:109
1143714	PKT	0:101:43470:154:112190:0:0
1144714	TX_ANT	ff	149:0:10:28:273
1144714	PKT	0:100:43237:149:107797:0:0
1145714	TX_ANT	ff	153:0:10:28:177
1145714	PKT	0:100:42470:153:109194:0:0
[VISION][STATUS] FPS=32 | mavi=— kirmizi=— | tespit=BEKLİYOR | kuyruk=0
1146714	TX_ANT	ff	151:0:11:35:296
1146714	PKT	0:102:43664:151:108268:0:0
1147714	TX_ANT	ff	154:0:10:36:287
1147714	PKT	0:101:43058:154:111966:0:0
1148714	TX_ANT	ff	153:0:10:37:1319
1148714	PKT	0:100:42561:153:109673:0:0
1149714	TX_ANT	ff	150:0:10:25:132
1149714	PKT	0:101:42809:150:106225:0:0
1150714	TX_ANT	ff	153:0:10:27:158
1150714	PKT	0:100:42400:153:108736:0:0
[VISION][STATUS] FPS=32 | mavi=— kirmizi=— | tespit=BEKLİYOR | kuyruk=0
1151714	TX_ANT	ff	150:0:10:28:203
1151714	PKT	0:101:42962:150:106402:0:0
1152714	TX_ANT	ff	153:0:11:29:188
1152714	PKT	0:100:43105:153:111081:0:0
1153714	TX_ANT	ff	149:0:10:32:431
1153714	PKT	0:100:43249:149:107469:0:0
1154714	TX_ANT	ff	153:0:10:28:240
1154714	PKT	0:100:42580:153:109660:0:0
1155714	TX_ANT	ff	150:0:10:28:112
1155714	PKT	0:101:42746:150:105638:0:0
[VISION][STATUS] FPS=32 | mavi=— kirmizi=— | tespit=BEKLİYOR | kuyruk=0
1156714	TX_ANT	ff	153:0:10:25:133
1156714	PKT	0:100:42962:153:110870:0:0
1157714	TX_ANT	ff	149:0:10:29:261
1157714	PKT	0:100:42317:149:105149:0:0
1158714	TX_ANT	ff	153:0:10:30:230
1158714	PKT	0:100:42845:153:110321:0:0
1159714	TX_ANT	ff	154:0:10:28:198
1159714	PKT	0:101:42669:154:109209:0:0
1160714	TX_ANT	ff	149:0:10:33:272
1160714	PKT	0:100:42895:149:105967:0:0
[VISION][STATUS] FPS=32 | mavi=— kirmizi=— | tespit=BEKLİYOR | kuyruk=0
1161714	TX_ANT	ff	153:0:10:46:754
1161714	PKT	0:100:43029:153:111285:0:0
1162714	TX_ANT	ff	149:0:10:38:1674
1162714	PKT	0:100:42863:149:105863:0:0
1163714	TX_ANT	ff	153:0:10:29:318
1163714	PKT	0:100:43430:153:112910:0:0
1164714	TX_ANT	ff	151:0:10:27:172
1164714	PKT	0:102:43543:151:107263:0:0
1165714	TX_ANT	ff	153:0:10:26:170
1165714	PKT	0:100:43345:153:110405:0:0
[VISION][STATUS] FPS=32 | mavi=— kirmizi=— | tespit=BEKLİYOR | kuyruk=0
1166714	TX_ANT	ff	150:0:10:29:203
1166714	PKT	0:101:43014:150:106834:0:0
1167714	TX_ANT	ff	154:0:10:25:160
1167714	PKT	0:101:42159:154:108387:0:0
1168714	TX_ANT	ff	153:0:10:29:173
1168714	PKT	0:100:42528:153:109840:0:0
1169714	TX_ANT	ff	149:0:10:28:122
1169714	PKT	0:100:42622:149:105698:0:0
1170714	TX_ANT	ff	153:0:10:26:155
1170714	PKT	0:100:43261:153:112153:0:0
[VISION][STATUS] FPS=32 | mavi=— kirmizi=— | tespit=BEKLİYOR | kuyruk=0
1171714	TX_ANT	ff	149:0:10:28:135
1171714	PKT	0:100:43197:149:107105:0:0
1172714	TX_ANT	ff	154:0:10:30:231
1172714	PKT	0:101:43288:154:111024:0:0
1173715	TX_ANT	ff	149:0:10:29:128
1173715	PKT	0:100:43428:149:108080:0:0
1174714	TX_ANT	ff	153:0:10:24:131
1174714	PKT	0:100:43191:153:110999:0:0
1175714	TX_ANT	ff	150:0:10:27:215
1175714	PKT	0:101:42534:150:105518:0:0
[VISION][STATUS] FPS=32 | mavi=— kirmizi=— | tespit=BEKLİYOR | kuyruk=0
1176714	TX_ANT	ff	154:0:10:25:143
1176714	PKT	0:101:42976:154:109824:0:0
1177714	TX_ANT	ff	154:0:10:25:213
1177714	PKT	0:101:44133:154:113713:0:0
1178714	TX_ANT	ff	150:0:10:26:112
1178714	PKT	0:101:44105:150:109053:0:0
1179714	TX_ANT	ff	154:0:10:26:138
1179714	PKT	0:101:44146:154:113730:0:0
1180714	TX_ANT	ff	155:0:10:44:1826
1180714	PKT	0:102:44204:155:114056:0:0
[VISION][STATUS] FPS=32 | mavi=— kirmizi=— | tespit=BEKLİYOR | kuyruk=0
1181714	TX_ANT	ff	151:0:10:30:310
1181714	PKT	0:102:44427:151:109067:0:0
1182714	TX_ANT	ff	154:0:10:25:221
1182714	PKT	0:101:43643:154:111339:0:0
1183714	TX_ANT	ff	154:0:10:26:166
1183714	PKT	0:101:43568:154:112636:0:0
1184714	TX_ANT	ff	149:0:10:26:110
1184714	PKT	0:100:43734:149:107734:0:0
1185714	TX_ANT	ff	154:0:10:26:120
1185714	PKT	0:101:43243:154:111947:0:0
[VISION][STATUS] FPS=33 | mavi=— kirmizi=— | tespit=BEKLİYOR | kuyruk=0
1186714	TX_ANT	ff	149:0:10:27:213
1186714	PKT	0:100:43549:149:108517:0:0
1187714	TX_ANT	ff	155:0:10:24:122
1187714	PKT	0:102:44168:155:113924:0:0
1188714	TX_ANT	ff	149:0:10:28:182
1188714	PKT	0:100:43041:149:106961:0:0
1189714	TX_ANT	ff	154:0:10:27:148
1189714	PKT	0:101:44141:154:114309:0:0
1190714	TX_ANT	ff	154:0:10:26:205
1190714	PKT	0:101:43126:154:111842:0:0
[VISION][STATUS] FPS=32 | mavi=— kirmizi=— | tespit=BEKLİYOR | kuyruk=0
1191714	TX_ANT	ff	149:0:10:34:253
1191714	PKT	0:100:43258:149:107586:0:0
1192715	TX_ANT	ff	157:0:10:27:164
1192715	PKT	0:104:45070:157:115206:0:0
1193714	TX_ANT	ff	156:0:10:40:1858
1193714	PKT	0:103:43684:156:112756:0:0
1194714	TX_ANT	ff	153:0:10:27:131
1194714	PKT	0:100:43303:153:111819:0:0
1195714	TX_ANT	ff	150:0:10:27:178
1195714	PKT	0:101:43704:150:108604:0:0
[VISION][STATUS] FPS=32 | mavi=— kirmizi=— | tespit=BEKLİYOR | kuyruk=0
1196714	TX_ANT	ff	154:0:10:25:94
1196714	PKT	0:101:43673:154:112741:0:0
1197715	TX_ANT	ff	155:0:10:29:255
1197715	PKT	0:102:43432:155:112036:0:0
1198714	TX_ANT	ff	149:0:10:26:176
1198714	PKT	0:100:43896:149:108004:0:0
1199714	TX_ANT	ff	154:0:10:25:105
1199714	PKT	0:101:43722:154:111926:0:0
1200714	TX_ANT	ff	149:0:10:26:133
1200714	PKT	0:100:43474:149:106998:0:0
[VISION][STATUS] FPS=32 | mavi=— kirmizi=— | tespit=BEKLİYOR | kuyruk=0
1201714	TX_ANT	ff	154:0:10:24:142
1201714	PKT	0:101:43587:154:112011:0:0
1202714	TX_ANT	ff	150:0:10:31:321
1202714	PKT	0:101:43346:150:106490:0:0
1203714	TX_ANT	ff	153:0:10:27:143
1203714	PKT	0:100:43094:153:111006:0:0
1204714	TX_ANT	ff	155:0:10:29:171
1204714	PKT	0:102:44232:155:114120:0:0
1205714	TX_ANT	ff	150:0:10:27:186
1205714	PKT	0:101:43856:150:109256:0:0
[VISION][STATUS] FPS=32 | mavi=— kirmizi=— | tespit=BEKLİYOR | kuyruk=0
1206714	TX_ANT	ff	154:0:10:29:186
1206714	PKT	0:101:42973:154:110529:0:0
1207714	TX_ANT	ff	149:0:10:27:205
1207714	PKT	0:100:43677:149:107257:0:0
1208714	TX_ANT	ff	154:0:10:25:143
1208714	PKT	0:101:43492:154:111800:0:0
1209714	TX_ANT	ff	154:0:10:31:177
1209714	PKT	0:101:43482:154:111394:0:0
1210714	TX_ANT	ff	149:0:10:32:280
1210714	PKT	0:100:43673:149:108041:0:0
[VISION][STATUS] FPS=32 | mavi=— kirmizi=— | tespit=BEKLİYOR | kuyruk=0
1211714	TX_ANT	ff	156:0:10:31:174
1211714	PKT	0:103:44068:156:113692:0:0
1212714	TX_ANT	ff	155:0:10:27:251
1212714	PKT	0:102:43758:155:113262:0:0
1213714	TX_ANT	ff	149:0:10:28:100
1213714	PKT	0:100:43321:149:107525:0:0
1214714	TX_ANT	ff	154:0:10:39:836
1214714	PKT	0:101:43296:154:111056:0:0
1215714	TX_ANT	ff	154:0:11:30:164
1215714	PKT	0:101:43512:154:112160:0:0
[VISION][STATUS] FPS=32 | mavi=— kirmizi=— | tespit=BEKLİYOR | kuyruk=0
1216714	TX_ANT	ff	151:0:10:30:178
1216714	PKT	0:102:43178:151:106826:0:0
1217714	TX_ANT	ff	154:0:10:29:316
1217714	PKT	0:101:43593:154:111937:0:0
1218714	TX_ANT	ff	149:0:10:26:184
1218714	PKT	0:100:42825:149:106157:0:0
1219714	TX_ANT	ff	156:0:10:27:163
1219714	PKT	0:103:46455:156:116679:0:0
1220714	TX_ANT	ff	153:0:10:28:206
1220714	PKT	0:100:42800:153:109528:0:0
[VISION][STATUS] FPS=32 | mavi=— kirmizi=— | tespit=BEKLİYOR | kuyruk=0
1221714	TX_ANT	ff	150:0:10:31:178
1221714	PKT	0:101:42658:150:106150:0:0
1222714	TX_ANT	ff	154:0:10:30:174
1222714	PKT	0:101:43648:154:112416:0:0
1223714	TX_ANT	ff	154:0:10:29:190
1223714	PKT	0:101:42635:154:110155:0:0
1224714	TX_ANT	ff	150:0:10:27:125
1224714	PKT	0:101:42984:150:106644:0:0
1225714	TX_ANT	ff	153:0:10:30:213
1225714	PKT	0:100:42959:153:110299:0:0
[VISION][STATUS] FPS=32 | mavi=— kirmizi=— | tespit=BEKLİYOR | kuyruk=0
1226714	TX_ANT	ff	149:0:10:30:244
1226714	PKT	0:100:42711:149:106535:0:0
1227714	TX_ANT	ff	156:0:10:29:164
1227714	PKT	0:103:46201:156:116297:0:0
1228714	TX_ANT	ff	154:0:10:25:153
1228714	PKT	0:101:44404:154:113000:0:0
1229714	TX_ANT	ff	150:0:10:28:198
1229714	PKT	0:101:43058:150:105994:0:0
1230714	TX_ANT	ff	153:0:10:24:139
1230714	PKT	0:100:43098:153:110974:0:0
[VISION][STATUS] FPS=32 | mavi=— kirmizi=— | tespit=BEKLİYOR | kuyruk=0
1231715	TX_ANT	ff	154:0:10:27:169
1231715	PKT	0:101:43079:154:111083:0:0
1232714	TX_ANT	ff	150:0:10:28:135
1232714	PKT	0:101:43031:150:105791:0:0
1233714	TX_ANT	ff	153:0:10:29:164
1233714	PKT	0:100:42500:153:109392:0:0
1234714	TX_ANT	ff	150:0:10:31:249
1234714	PKT	0:101:43074:150:107478:0:0
1235714	TX_ANT	ff	153:0:10:29:207
1235714	PKT	0:100:43682:153:111682:0:0
[VISION][STATUS] FPS=33 | mavi=— kirmizi=— | tespit=BEKLİYOR | kuyruk=0
1236714	TX_ANT	ff	155:0:10:26:112
1236714	PKT	0:102:43818:155:112918:0:0
1237714	TX_ANT	ff	150:0:10:27:167
1237714	PKT	0:101:43816:150:108392:0:0
1238714	TX_ANT	ff	154:0:10:26:192
1238714	PKT	0:101:43562:154:110958:0:0
1239714	TX_ANT	ff	150:0:10:25:136
1239714	PKT	0:101:43368:150:106696:0:0
1240714	TX_ANT	ff	155:0:10:39:1415
1240714	PKT	0:102:43522:155:112126:0:0
[VISION][STATUS] FPS=32 | mavi=— kirmizi=— | tespit=BEKLİYOR | kuyruk=0
1241714	TX_ANT	ff	153:0:10:30:215
1241714	PKT	0:100:43542:153:111278:0:0
1242714	TX_ANT	ff	149:0:10:29:169
1242714	PKT	0:100:42883:149:106811:0:0
1243714	TX_ANT	ff	153:0:10:26:171
1243714	PKT	0:100:42572:153:109520:0:0
1244714	TX_ANT	ff	149:0:10:32:768
1244714	PKT	0:100:42702:149:106358:0:0
1245714	TX_ANT	ff	154:0:11:33:211
1245714	PKT	0:101:42998:154:111786:0:0
[VISION][STATUS] FPS=33 | mavi=— kirmizi=— | tespit=BEKLİYOR | kuyruk=0
1246714	TX_ANT	ff	150:0:10:26:98
1246714	PKT	0:101:42932:150:106384:0:0
1247714	TX_ANT	ff	153:0:10:29:188
1247714	PKT	0:100:42947:153:110871:0:0
1248714	TX_ANT	ff	154:0:10:27:199
1248714	PKT	0:101:42906:154:110006:0:0
1249714	TX_ANT	ff	150:0:10:27:174
1249714	PKT	0:101:42616:150:105900:0:0
1250714	TX_ANT	ff	159:0:10:33:330
1250714	PKT	0:106:47546:159:118578:0:0
[VISION][STATUS] FPS=32 | mavi=— kirmizi=— | tespit=BEKLİYOR | kuyruk=0
1251714	TX_ANT	ff	163:0:10:27:179
1251714	PKT	0:106:49205:163:126273:0:0
1252714	TX_ANT	ff	170:0:10:28:181
1252714	PKT	0:113:58141:170:136073:0:0
1253714	TX_ANT	ff	157:0:10:26:123
1253714	PKT	0:104:46193:157:115581:0:0
1254714	TX_ANT	ff	149:0:10:28:186
1254714	PKT	0:100:42984:149:106444:0:0
1255714	TX_ANT	ff	155:0:9:26:170
1255714	PKT	0:102:45218:155:114274:0:0
1256714	TX_ANT	ff	156:0:10:27:145
1256714	PKT	0:103:44920:156:112760:0:0
[VISION][STATUS] FPS=32 | mavi=— kirmizi=— | tespit=BEKLİYOR | kuyruk=0
1257714	TX_ANT	ff	158:0:10:29:160
1257714	PKT	0:105:46955:158:117751:0:0
1258714	TX_ANT	ff	155:0:11:28:251
1258714	PKT	0:102:43305:155:113317:0:0
1259714	TX_ANT	ff	157:0:10:32:561
1259714	PKT	0:104:44846:157:113086:0:0
1260714	TX_ANT	ff	150:0:10:28:192
1260714	PKT	0:101:41861:150:102457:0:0
1261714	TX_ANT	ff	155:0:10:26:182
1261714	PKT	0:102:42196:155:108600:0:0
[VISION][STATUS] FPS=32 | mavi=— kirmizi=— | tespit=BEKLİYOR | kuyruk=0
1262714	TX_ANT	ff	166:0:10:24:111
1262714	PKT	0:109:50049:166:126657:0:0
1263714	TX_ANT	ff	156:0:10:35:413
1263714	PKT	0:103:44574:156:113082:0:0
1264714	TX_ANT	ff	156:0:10:31:271
1264714	PKT	0:103:44102:156:111822:0:0
1265714	TX_ANT	ff	151:0:10:42:1140
1265714	PKT	0:102:44188:151:108276:0:0
1266714	TX_ANT	ff	153:0:10:28:246
1266714	PKT	0:100:42221:153:107877:0:0
[VISION][STATUS] FPS=32 | mavi=— kirmizi=— | tespit=BEKLİYOR | kuyruk=0
1267714	TX_ANT	ff	159:0:10:30:341
1267714	PKT	0:106:48203:159:117143:0:0
1268714	TX_ANT	ff	158:0:10:26:157
1268714	PKT	0:105:46794:158:117518:0:0
1269714	TX_ANT	ff	153:0:10:27:170
1269714	PKT	0:100:42580:153:109552:0:0
1270714	TX_ANT	ff	151:0:10:33:212
1270714	PKT	0:102:44258:151:107114:0:0
1271714	TX_ANT	ff	153:0:10:28:138
1271714	PKT	0:100:42010:153:108274:0:0
[VISION][STATUS] FPS=32 | mavi=— kirmizi=— | tespit=BEKLİYOR | kuyruk=0
1272714	TX_ANT	ff	156:0:9:27:111
1272714	PKT	0:103:44840:156:112908:0:0
1273714	TX_ANT	ff	155:0:10:30:200
1273714	PKT	0:102:45006:155:113258:0:0
1274714	TX_ANT	ff	152:0:10:27:468
1274714	PKT	0:103:45107:152:108251:0:0
1275714	TX_ANT	ff	156:0:10:28:184
1275714	PKT	0:103:44718:156:112978:0:0
1276714	TX_ANT	ff	156:0:10:37:958
1276714	PKT	0:103:44439:156:112467:0:0
[VISION][STATUS] FPS=32 | mavi=— kirmizi=— | tespit=BEKLİYOR | kuyruk=0
1277715	TX_ANT	ff	153:0:10:30:193
1277715	PKT	0:100:42023:153:107655:0:0
1278714	TX_ANT	ff	149:0:10:32:146
1278714	PKT	0:100:42005:149:104629:0:0
1279714	TX_ANT	ff	154:0:10:27:288
1279714	PKT	0:101:42370:154:108230:0:0
1280714	TX_ANT	ff	149:0:10:28:173
1280714	PKT	0:100:42455:149:105523:0:0
1281714	TX_ANT	ff	163:0:10:26:187
1281714	PKT	0:106:49271:163:124947:0:0
[VISION][STATUS] FPS=32 | mavi=— kirmizi=— | tespit=BEKLİYOR | kuyruk=0
1282714	TX_ANT	ff	163:0:10:26:107
1282714	PKT	0:110:50456:163:123196:0:0
1283714	TX_ANT	ff	168:0:10:35:359
1283714	PKT	0:111:54481:168:132533:0:0
1284714	TX_ANT	ff	155:0:10:29:154
1284714	PKT	0:102:44156:155:112228:0:0
1285714	TX_ANT	ff	149:0:10:36:432
1285714	PKT	0:100:42606:149:104634:0:0
1286714	TX_ANT	ff	153:0:10:25:185
1286714	PKT	0:100:42555:153:110363:0:0
[VISION][STATUS] FPS=32 | mavi=— kirmizi=— | tespit=BEKLİYOR | kuyruk=0
1287714	TX_ANT	ff	157:0:10:30:207
1287714	PKT	0:104:46381:157:114025:0:0
1288714	TX_ANT	ff	157:0:10:29:298
1288714	PKT	0:104:45884:157:115728:0:0
1289714	TX_ANT	ff	149:0:10:28:233
1289714	PKT	0:100:42531:149:104531:0:0
1290714	TX_ANT	ff	153:0:10:40:1427
1290714	PKT	0:100:41977:153:109009:0:0
1291714	TX_ANT	ff	149:0:10:25:112
1291714	PKT	0:100:42096:149:103076:0:0
[VISION][STATUS] FPS=32 | mavi=— kirmizi=— | tespit=BEKLİYOR | kuyruk=0
1292714	TX_ANT	ff	153:0:10:31:337
1292714	PKT	0:100:42381:153:110517:0:0
1293714	TX_ANT	ff	149:0:10:33:225
1293714	PKT	0:100:41732:149:102448:0:0
1294715	TX_ANT	ff	154:0:10:28:187
1294715	PKT	0:101:42501:154:110825:0:0
1295714	TX_ANT	ff	154:0:10:24:110
1295714	PKT	0:101:41928:154:109216:0:0
1296715	TX_ANT	ff	149:0:9:28:190
1296715	PKT	0:100:41664:149:103860:0:0
[VISION][STATUS] FPS=32 | mavi=— kirmizi=— | tespit=BEKLİYOR | kuyruk=0
1297714	TX_ANT	ff	153:0:10:27:227
1297714	PKT	0:100:41447:153:106655:0:0
1298714	TX_ANT	ff	149:0:10:28:168
1298714	PKT	0:100:41745:149:103613:0:0
1299714	TX_ANT	ff	153:0:10:36:1665
1299714	PKT	0:100:41652:153:107344:0:0
1300714	TX_ANT	ff	150:0:10:31:216
1300714	PKT	0:101:42011:150:105255:0:0
1301714	TX_ANT	ff	153:0:10:31:260
1301714	PKT	0:100:42058:153:108246:0:0
[VISION][STATUS] FPS=32 | mavi=— kirmizi=— | tespit=BEKLİYOR | kuyruk=0
1302716	TX_ANT	ff	149:0:10:28:134
1302716	PKT	0:100:42074:149:105054:0:0
1303715	TX_ANT	ff	153:0:10:32:611
1303715	PKT	0:100:42282:153:109422:0:0
1304714	TX_ANT	ff	149:0:10:28:109
1304714	PKT	0:100:42532:149:106064:0:0
1305714	TX_ANT	ff	153:0:10:27:193
1305714	PKT	0:100:42194:153:108318:0:0
1306714	TX_ANT	ff	158:0:10:28:128
1306714	PKT	0:105:46186:158:114230:0:0
[VISION][STATUS] FPS=32 | mavi=— kirmizi=— | tespit=BEKLİYOR | kuyruk=0
1307714	TX_ANT	ff	149:0:10:30:172
1307714	PKT	0:100:42299:149:103795:0:0
1308714	TX_ANT	ff	153:0:10:28:358
1308714	PKT	0:100:42764:153:110952:0:0
1309714	TX_ANT	ff	149:0:10:30:250
1309714	PKT	0:100:42349:149:104413:0:0
1310715	TX_ANT	ff	153:0:10:29:167
1310715	PKT	0:100:42349:153:109549:0:0
1311714	TX_ANT	ff	149:0:10:29:302
1311714	PKT	0:100:42049:149:104645:0:0
[VISION][STATUS] FPS=32 | mavi=— kirmizi=— | tespit=BEKLİYOR | kuyruk=0
1312714	TX_ANT	ff	153:0:10:28:161
1312714	PKT	0:100:42302:153:109294:0:0
1313714	TX_ANT	ff	155:0:10:25:184
1313714	PKT	0:102:44433:155:111633:0:0
1314714	TX_ANT	ff	149:0:10:27:159
1314714	PKT	0:100:41559:149:102531:0:0
1315714	TX_ANT	ff	153:0:10:26:168
1315714	PKT	0:100:42085:153:108221:0:0
1316714	TX_ANT	ff	149:0:10:27:164
1316714	PKT	0:100:42851:149:106867:0:0
[VISION][STATUS] FPS=32 | mavi=— kirmizi=— | tespit=BEKLİYOR | kuyruk=0
1317714	TX_ANT	ff	153:0:10:26:180
1317714	PKT	0:100:42954:153:109930:0:0
1318714	TX_ANT	ff	149:0:10:32:296
1318714	PKT	0:100:42916:149:107396:0:0
1319714	TX_ANT	ff	153:0:10:30:490
1319714	PKT	0:100:42304:153:109344:0:0
1320714	TX_ANT	ff	175:0:10:25:178
1320714	PKT	0:118:61190:175:138566:0:0
1321714	TX_ANT	ff	179:0:10:22:74
1321714	PKT	0:118:59564:179:142272:0:0
[VISION][STATUS] FPS=32 | mavi=— kirmizi=— | tespit=BEKLİYOR | kuyruk=0
1322714	TX_ANT	ff	193:0:10:25:174
1322714	PKT	0:128:77702:193:169086:0:0
1323714	TX_ANT	ff	201:0:10:31:187
1323714	PKT	0:132:83807:201:182703:0:0
1324714	TX_ANT	ff	244:0:10:27:515
1324714	PKT	0:163:124895:244:241059:0:0
1325714	TX_ANT	ff	541:0:10:22:1169
1325714	PKT	0:360:395270:541:662478:0:0
1326714	TX_ANT	ff	422:0:10:28:524
1326714	PKT	0:281:282494:422:490370:0:0
[VISION][STATUS] FPS=33 | mavi=— kirmizi=— | tespit=BEKLİYOR | kuyruk=0
1327714	TX_ANT	ff	551:0:10:25:294
1327714	PKT	0:366:397818:551:670906:0:0
1328715	TX_ANT	ff	459:0:10:27:866
1328715	PKT	0:306:322207:459:547919:0:0
1329714	TX_ANT	ff	483:0:10:19:281
1329714	PKT	0:322:343690:483:581274:0:0
1330715	TX_ANT	ff	490:0:10:24:1475
1330715	PKT	0:325:348402:490:591782:0:0
1331714	TX_ANT	ff	505:0:10:23:847
1331714	PKT	0:336:361899:505:611299:0:0
[VISION][STATUS] FPS=32 | mavi=(166,135) kirmizi=— | tespit=BEKLİYOR | kuyruk=0
1332714	TX_ANT	ff	517:0:10:25:692
1332714	PKT	0:344:375369:517:630705:0:0
1333714	TX_ANT	ff	506:0:10:25:1250
1333714	PKT	0:337:364004:506:613432:0:0
1334714	TX_ANT	ff	494:0:10:27:1573
1334714	PKT	0:329:352947:494:596439:0:0
1335714	TX_ANT	ff	501:0:10:30:2761
1335714	PKT	0:332:356641:501:605929:0:0
1336714	TX_ANT	ff	457:0:10:26:892
1336714	PKT	0:304:315135:457:540791:0:0
[VISION][STATUS] FPS=32 | mavi=— kirmizi=— | tespit=BEKLİYOR | kuyruk=0
1337715	TX_ANT	ff	421:0:10:26:910
1337715	PKT	0:280:289042:421:496890:0:0
1338715	TX_ANT	ff	419:0:10:32:525
1338715	PKT	0:278:282872:419:490664:0:0
1339715	TX_ANT	ff	416:0:10:29:679
1339715	PKT	0:279:279414:416:481522:0:0
1340714	TX_ANT	ff	429:0:10:33:1834
1340714	PKT	0:284:291564:429:505236:0:0
1341714	TX_ANT	ff	458:0:10:27:306
1341714	PKT	0:305:319393:458:545077:0:0
[VISION][STATUS] FPS=32 | mavi=— kirmizi=— | tespit=BEKLİYOR | kuyruk=0
1342714	TX_ANT	ff	491:0:10:24:199
1342714	PKT	0:326:349062:491:592470:0:0
1343714	TX_ANT	ff	471:0:10:22:529
1343714	PKT	0:314:334225:471:565873:0:0
1344716	TX_ANT	ff	489:0:10:22:223
1344716	PKT	0:324:345749:489:589101:0:0
1345714	TX_ANT	ff	506:0:10:28:1206
1345714	PKT	0:337:362016:506:611444:0:0
1346714	TX_ANT	ff	446:0:10:31:2537
1346714	PKT	0:297:308674:446:528422:0:0
[VISION][STATUS] FPS=33 | mavi=— kirmizi=— | tespit=BEKLİYOR | kuyruk=0
1347714	TX_ANT	ff	459:0:10:22:280
1347714	PKT	0:306:320401:459:546113:0:0
1348715	TX_ANT	ff	454:0:10:26:1327
1348715	PKT	0:301:313137:454:538709:0:0
1349714	TX_ANT	ff	448:0:10:24:708
1349714	PKT	0:299:309557:448:529361:0:0
1350714	TX_ANT	ff	441:0:10:34:1163
1350714	PKT	0:292:302245:441:521853:0:0
1351714	TX_ANT	ff	427:0:10:27:2451
1351714	PKT	0:286:292718:427:500734:0:0
[VISION][STATUS] FPS=32 | mavi=— kirmizi=— | tespit=BEKLİYOR | kuyruk=0
1352714	TX_ANT	ff	275:0:10:22:128
1352714	PKT	0:182:134109:275:270669:0:0
1353714	TX_ANT	ff	253:0:10:30:362
1353714	PKT	0:168:131061:253:255805:0:0
1354714	TX_ANT	ff	276:0:10:26:327
1354714	PKT	0:183:152398:276:288986:0:0
1355714	TX_ANT	ff	288:0:10:28:911
1355714	PKT	0:191:155618:288:298142:0:0
1356714	TX_ANT	ff	257:0:10:35:617
1356714	PKT	0:172:132809:257:257665:0:0
[VISION][STATUS] FPS=32 | mavi=— kirmizi=— | tespit=BEKLİYOR | kuyruk=0
1357714	TX_ANT	ff	260:0:10:39:1204
1357714	PKT	0:171:131957:260:262497:0:0
1358714	TX_ANT	ff	280:0:10:27:465
1358714	PKT	0:187:152406:280:289106:0:0
1359714	TX_ANT	ff	279:0:10:26:409
1359714	PKT	0:186:146293:279:282965:0:0
1360714	TX_ANT	ff	283:0:10:23:320
1360714	PKT	0:186:143848:283:286232:0:0
1361714	TX_ANT	ff	283:0:10:23:174
1361714	PKT	0:190:149907:283:286691:0:0
[VISION][STATUS] FPS=32 | mavi=— kirmizi=— | tespit=BEKLİYOR | kuyruk=0
1362715	TX_ANT	ff	283:0:10:27:268
1362715	PKT	0:186:140438:283:282822:0:0
1363714	TX_ANT	ff	277:0:10:28:651
1363714	PKT	0:184:149378:277:285994:0:0
1364714	TX_ANT	ff	264:0:10:34:1939
1364714	PKT	0:176:134016:264:264608:0:0
1365714	TX_ANT	ff	259:0:10:40:2565
1365714	PKT	0:174:136831:259:261743:0:0
1366714	TX_ANT	ff	252:0:10:26:268
1366714	PKT	0:167:132023:252:256739:0:0
[VISION][STATUS] FPS=32 | mavi=— kirmizi=— | tespit=BEKLİYOR | kuyruk=0
1367714	TX_ANT	ff	243:0:10:28:209
1367714	PKT	0:162:129697:243:248561:0:0
1368714	TX_ANT	ff	246:0:10:24:185
1368714	PKT	0:161:130291:246:254839:0:0
1369714	TX_ANT	ff	241:0:10:25:382
1369714	PKT	0:160:129512:241:248320:0:0
1370714	TX_ANT	ff	258:0:10:44:5462
1370714	PKT	0:173:140907:258:265791:0:0
1371714	TX_ANT	ff	284:0:10:27:1008
1371714	PKT	0:187:153941:284:296353:0:0
[VISION][STATUS] FPS=32 | mavi=— kirmizi=— | tespit=BEKLİYOR | kuyruk=0
1372714	TX_ANT	ff	270:0:10:27:540
1372714	PKT	0:181:150675:270:281495:0:0
1373715	TX_ANT	ff	264:0:10:29:393
1373715	PKT	0:175:139332:264:269984:0:0
1374714	TX_ANT	ff	250:0:10:30:950
1374714	PKT	0:165:131756:250:256416:0:0
1375714	TX_ANT	ff	267:0:10:28:282
1375714	PKT	0:178:146286:267:277022:0:0
1376714	TX_ANT	ff	291:0:10:29:608
1376714	PKT	0:194:168545:291:311153:0:0
[VISION][STATUS] FPS=32 | mavi=— kirmizi=— | tespit=BEKLİYOR | kuyruk=0
1377714	TX_ANT	ff	279:0:10:25:275
1377714	PKT	0:186:146178:279:282850:0:0
1378714	TX_ANT	ff	272:0:10:23:358
1378714	PKT	0:179:137379:272:273855:0:0
1379714	TX_ANT	ff	269:0:10:29:374
1379714	PKT	0:180:135057:269:265849:0:0
1380715	TX_ANT	ff	278:0:10:33:1957
1380715	PKT	0:185:135736:278:272380:0:0
1381714	TX_ANT	ff	277:0:10:32:2336
1381714	PKT	0:184:135770:277:272386:0:0
[VISION][STATUS] FPS=32 | mavi=— kirmizi=— | tespit=BEKLİYOR | kuyruk=0
1382714	TX_ANT	ff	277:0:9:32:1675
1382714	PKT	0:184:134699:277:271315:0:0
1383714	TX_ANT	ff	275:0:10:24:220
1383714	PKT	0:182:134612:275:271172:0:0
1384714	TX_ANT	ff	275:0:10:21:142
1384714	PKT	0:182:134821:275:271381:0:0
1385714	TX_ANT	ff	256:0:10:43:1711
1385714	PKT	0:171:131974:256:256802:0:0
1386714	TX_ANT	ff	248:0:10:23:194
1386714	PKT	0:163:130502:248:255106:0:0
[VISION][STATUS] FPS=32 | mavi=— kirmizi=— | tespit=BEKLİYOR | kuyruk=0
1387714	TX_ANT	ff	241:0:11:23:159
1387714	PKT	0:160:130063:241:248871:0:0
1388714	TX_ANT	ff	265:0:10:23:200
1388714	PKT	0:176:133196:265:263876:0:0
1389714	TX_ANT	ff	255:0:10:26:319
1389714	PKT	0:170:132308:255:257108:0:0
1390714	TX_ANT	ff	253:0:10:22:123
1390714	PKT	0:168:130845:253:255589:0:0
1391714	TX_ANT	ff	264:0:10:27:276
1391714	PKT	0:175:138709:264:269361:0:0
[VISION][STATUS] FPS=32 | mavi=— kirmizi=— | tespit=BEKLİYOR | kuyruk=0
1392714	TX_ANT	ff	270:0:10:23:196
1392714	PKT	0:181:141566:270:272386:0:0
1393715	TX_ANT	ff	282:0:10:21:188
1393715	PKT	0:185:137059:282:279415:0:0
1394714	TX_ANT	ff	280:0:10:37:402
1394714	PKT	0:187:148656:280:285356:0:0
1395714	TX_ANT	ff	265:0:10:36:1899
1395714	PKT	0:176:138321:265:269001:0:0
1396714	TX_ANT	ff	244:0:10:27:324
1396714	PKT	0:163:131492:244:250384:0:0
[VISION][STATUS] FPS=32 | mavi=— kirmizi=— | tespit=BEKLİYOR | kuyruk=0
1397714	TX_ANT	ff	242:0:10:23:147
1397714	PKT	0:161:130636:242:249472:0:0
1398714	TX_ANT	ff	251:0:10:31:688
1398714	PKT	0:166:131426:251:256114:0:0
1399714	TX_ANT	ff	253:0:10:24:188
1399714	PKT	0:168:131975:253:256719:0:0
1400714	TX_ANT	ff	262:0:10:29:478
1400714	PKT	0:173:133635:262:264231:0:0
1401714	TX_ANT	ff	361:0:10:25:797
1401714	PKT	0:240:230550:361:408718:0:0
[VISION][STATUS] FPS=32 | mavi=— kirmizi=— | tespit=BEKLİYOR | kuyruk=0
1402714	TX_ANT	ff	372:0:10:20:239
1402714	PKT	0:247:232564:372:416640:0:0
1403714	TX_ANT	ff	343:0:10:31:1493
1403714	PKT	0:230:217123:343:383587:0:0
1404714	TX_ANT	ff	320:0:10:19:170
1404714	PKT	0:211:187574:320:347794:0:0
1405714	TX_ANT	ff	264:0:10:22:186
1405714	PKT	0:175:135163:264:265815:0:0
1406714	TX_ANT	ff	247:0:10:28:288
1406714	PKT	0:166:131662:247:250638:0:0
[VISION][STATUS] FPS=32 | mavi=— kirmizi=— | tespit=BEKLİYOR | kuyruk=0
1407714	TX_ANT	ff	249:0:10:31:787
1407714	PKT	0:164:130958:249:255590:0:0
1408714	TX_ANT	ff	252:0:10:33:1385
1408714	PKT	0:167:131465:252:256181:0:0
1409714	TX_ANT	ff	246:0:10:24:118
1409714	PKT	0:165:131252:246:250200:0:0
1410714	TX_ANT	ff	247:0:10:28:880
1410714	PKT	0:162:130452:247:255028:0:0
1411714	TX_ANT	ff	242:0:10:25:209
1411714	PKT	0:161:130195:242:249031:0:0
[VISION][STATUS] FPS=32 | mavi=— kirmizi=— | tespit=BEKLİYOR | kuyruk=0
1412715	TX_ANT	ff	243:0:10:30:537
1412715	PKT	0:162:130126:243:248990:0:0
1413714	TX_ANT	ff	252:0:10:26:233
1413714	PKT	0:167:131228:252:255944:0:0
1414714	TX_ANT	ff	242:0:10:32:844
1414714	PKT	0:161:130595:242:249431:0:0
1415714	TX_ANT	ff	244:0:10:29:1127
1415714	PKT	0:163:130440:244:249332:0:0
1416714	TX_ANT	ff	253:0:10:22:97
1416714	PKT	0:168:131428:253:256172:0:0
[VISION][STATUS] FPS=32 | mavi=— kirmizi=— | tespit=BEKLİYOR | kuyruk=0
1417714	TX_ANT	ff	241:0:10:35:3041
1417714	PKT	0:160:130329:241:249137:0:0
1418714	TX_ANT	ff	262:0:10:29:421
1418714	PKT	0:173:134405:262:265001:0:0
1419714	TX_ANT	ff	266:0:10:25:240
1419714	PKT	0:177:133870:266:264578:0:0
1420714	TX_ANT	ff	254:0:10:29:639
1420714	PKT	0:169:132402:254:257174:0:0
1421714	TX_ANT	ff	262:0:10:24:411
1421714	PKT	0:173:133075:262:263671:0:0
[VISION][STATUS] FPS=32 | mavi=— kirmizi=— | tespit=BEKLİYOR | kuyruk=0
1422714	TX_ANT	ff	274:0:10:32:1413
1422714	PKT	0:181:135338:274:271870:0:0
1423714	TX_ANT	ff	253:0:10:25:220
1423714	PKT	0:168:132350:253:257094:0:0
1424714	TX_ANT	ff	254:0:10:24:310
1424714	PKT	0:169:132116:254:256888:0:0
1425714	TX_ANT	ff	247:0:10:35:1741
1425714	PKT	0:166:131833:247:250809:0:0
1426714	TX_ANT	ff	247:0:10:22:202
1426714	PKT	0:162:130628:247:255204:0:0
[VISION][STATUS] FPS=32 | mavi=— kirmizi=— | tespit=BEKLİYOR | kuyruk=0
1427714	TX_ANT	ff	253:0:10:42:4413
1427714	PKT	0:168:132100:253:256844:0:0
1428714	TX_ANT	ff	254:0:10:23:201
1428714	PKT	0:169:132014:254:256786:0:0
1429714	TX_ANT	ff	246:0:10:28:353
1429714	PKT	0:165:131427:246:250375:0:0
1430714	TX_ANT	ff	249:0:10:22:256
1430714	PKT	0:164:131284:249:255916:0:0
1431714	TX_ANT	ff	251:0:11:27:316
1431714	PKT	0:166:131493:251:256181:0:0
[VISION][STATUS] FPS=32 | mavi=— kirmizi=— | tespit=BEKLİYOR | kuyruk=0
1432714	TX_ANT	ff	245:0:10:22:118
1432714	PKT	0:164:130930:245:249850:0:0
1433714	TX_ANT	ff	251:0:10:24:1144
1433714	PKT	0:166:131630:251:256318:0:0
1434714	TX_ANT	ff	252:0:10:27:287
1434714	PKT	0:167:131441:252:256157:0:0
1435714	TX_ANT	ff	244:0:10:36:243
1435714	PKT	0:163:131065:244:249957:0:0
1436714	TX_ANT	ff	250:0:10:27:172
1436714	PKT	0:165:131335:250:255995:0:0
[VISION][STATUS] FPS=32 | mavi=— kirmizi=— | tespit=BEKLİYOR | kuyruk=0
1437714	TX_ANT	ff	246:0:10:34:813
1437714	PKT	0:165:131660:246:250608:0:0
1438714	TX_ANT	ff	251:0:10:28:651
1438714	PKT	0:166:131355:251:256043:0:0
1439714	TX_ANT	ff	252:0:10:25:267
1439714	PKT	0:167:131348:252:256064:0:0
1440714	TX_ANT	ff	243:0:10:25:351
1440714	PKT	0:162:130326:243:249190:0:0
1441714	TX_ANT	ff	253:0:10:29:467
1441714	PKT	0:168:131622:253:256366:0:0
[VISION][STATUS] FPS=32 | mavi=— kirmizi=— | tespit=BEKLİYOR | kuyruk=0
1442714	TX_ANT	ff	251:0:10:24:149
1442714	PKT	0:166:131168:251:255856:0:0
1443714	TX_ANT	ff	255:0:10:24:238
1443714	PKT	0:170:133595:255:258395:0:0
1444714	TX_ANT	ff	240:0:10:25:215
1444714	PKT	0:159:129926:240:248706:0:0
1445714	TX_ANT	ff	241:0:10:25:210
1445714	PKT	0:160:129196:241:248004:0:0
1446714	TX_ANT	ff	241:0:10:39:391
1446714	PKT	0:160:128657:241:247465:0:0
[VISION][STATUS] FPS=33 | mavi=— kirmizi=— | tespit=BEKLİYOR | kuyruk=0
1447714	TX_ANT	ff	240:0:10:27:561
1447714	PKT	0:159:127736:240:246516:0:0
1448714	TX_ANT	ff	240:0:10:46:5465
1448714	PKT	0:159:128377:240:247157:0:0
1449714	TX_ANT	ff	241:0:10:23:159
1449714	PKT	0:160:128444:241:247252:0:0
1450714	TX_ANT	ff	240:0:10:28:194
1450714	PKT	0:159:127246:240:246026:0:0
1451714	TX_ANT	ff	239:0:10:25:194
1451714	PKT	0:158:127096:239:245848:0:0
[VISION][STATUS] FPS=33 | mavi=— kirmizi=— | tespit=BEKLİYOR | kuyruk=0
1452714	TX_ANT	ff	235:0:10:39:2576
1452714	PKT	0:158:127730:235:240770:0:0
1453714	TX_ANT	ff	240:0:10:24:410
1453714	PKT	0:159:127881:240:246661:0:0
1454714	TX_ANT	ff	241:0:10:27:1015
1454714	PKT	0:160:128612:241:247420:0:0
1455714	TX_ANT	ff	242:0:10:36:1550
1455714	PKT	0:161:129361:242:248197:0:0
1456714	TX_ANT	ff	242:0:10:29:217
1456714	PKT	0:161:128940:242:247776:0:0
[VISION][STATUS] FPS=32 | mavi=— kirmizi=— | tespit=BEKLİYOR | kuyruk=0
1457714	TX_ANT	ff	240:0:10:25:296
1457714	PKT	0:159:128546:240:247326:0:0
1458715	TX_ANT	ff	241:0:10:30:486
1458715	PKT	0:160:127936:241:246744:0:0
1459714	TX_ANT	ff	240:0:10:23:166
1459714	PKT	0:159:128023:240:246803:0:0
1460714	TX_ANT	ff	250:0:10:22:167
1460714	PKT	0:165:132257:250:256917:0:0
1461714	TX_ANT	ff	291:0:10:21:182
1461714	PKT	0:194:164378:291:306986:0:0
[VISION][STATUS] FPS=32 | mavi=— kirmizi=— | tespit=BEKLİYOR | kuyruk=0
1462714	TX_ANT	ff	243:0:10:27:413
1462714	PKT	0:162:129927:243:248791:0:0
1463714	TX_ANT	ff	252:0:10:27:303
1463714	PKT	0:167:131467:252:256183:0:0
1464714	TX_ANT	ff	241:0:10:28:863
1464714	PKT	0:160:129366:241:248174:0:0
1465714	TX_ANT	ff	251:0:10:27:1069
1465714	PKT	0:166:130741:251:255429:0:0
1466714	TX_ANT	ff	245:0:10:22:177
1466714	PKT	0:164:130710:245:249630:0:0
[VISION][STATUS] FPS=32 | mavi=— kirmizi=— | tespit=BEKLİYOR | kuyruk=0
1467714	TX_ANT	ff	246:0:10:32:1233
1467714	PKT	0:161:129489:246:254037:0:0
1468714	TX_ANT	ff	241:0:10:34:370
1468714	PKT	0:160:129331:241:248139:0:0
1469714	TX_ANT	ff	241:0:10:24:222
1469714	PKT	0:160:129365:241:248173:0:0
1470714	TX_ANT	ff	246:0:10:27:361
1470714	PKT	0:165:130771:246:249719:0:0
1471714	TX_ANT	ff	255:0:10:35:2464
1471714	PKT	0:170:132332:255:257132:0:0
1472714	TX_ANT	ff	275:0:10:31:1238
1472714	PKT	0:182:136552:275:273112:0:0
[VISION][STATUS] FPS=32 | mavi=— kirmizi=— | tespit=BEKLİYOR | kuyruk=0
1473714	TX_ANT	ff	274:0:10:38:2905
1473714	PKT	0:181:134940:274:271472:0:0
1474714	TX_ANT	ff	275:0:10:38:975
1474714	PKT	0:182:134662:275:271222:0:0
1475714	TX_ANT	ff	270:0:10:33:846
1475714	PKT	0:181:135465:270:266285:0:0
1476714	TX_ANT	ff	276:0:10:24:149
1476714	PKT	0:183:134917:276:271505:0:0
1477714	TX_ANT	ff	278:0:10:27:545
1477714	PKT	0:185:136488:278:273132:0:0
[VISION][STATUS] FPS=32 | mavi=— kirmizi=— | tespit=BEKLİYOR | kuyruk=0
1478714	TX_ANT	ff	277:0:10:27:258
1478714	PKT	0:184:135149:277:271765:0:0
1479714	TX_ANT	ff	278:0:10:22:112
1479714	PKT	0:185:135922:278:272566:0:0
1480714	TX_ANT	ff	277:0:10:33:1609
1480714	PKT	0:184:135904:277:272520:0:0
1481714	TX_ANT	ff	277:0:10:24:235
1481714	PKT	0:184:135850:277:272466:0:0
1482715	TX_ANT	ff	277:0:10:27:270
1482715	PKT	0:184:136354:277:272970:0:0
[VISION][STATUS] FPS=32 | mavi=— kirmizi=— | tespit=BEKLİYOR | kuyruk=0
1483714	TX_ANT	ff	283:0:9:27:782
1483714	PKT	0:186:136260:283:278644:0:0
1484714	TX_ANT	ff	278:0:10:21:369
1484714	PKT	0:185:135698:278:272342:0:0
1485714	TX_ANT	ff	279:0:10:32:1337
1485714	PKT	0:186:136425:279:273097:0:0
1486714	TX_ANT	ff	279:0:10:27:216
1486714	PKT	0:186:136228:279:272900:0:0
1487714	TX_ANT	ff	277:0:10:23:197
1487714	PKT	0:184:136217:277:272833:0:0
[VISION][STATUS] FPS=32 | mavi=— kirmizi=— | tespit=BEKLİYOR | kuyruk=0
1488714	TX_ANT	ff	278:0:10:21:203
1488714	PKT	0:185:135906:278:272550:0:0
1489714	TX_ANT	ff	278:0:10:22:190
1489714	PKT	0:185:135187:278:271831:0:0
1490714	TX_ANT	ff	275:0:10:19:219
1490714	PKT	0:182:135000:275:271560:0:0
1491714	TX_ANT	ff	276:0:10:25:352
1491714	PKT	0:183:135159:276:271747:0:0
1492714	TX_ANT	ff	276:0:10:27:545
1492714	PKT	0:183:134764:276:271352:0:0
[VISION][STATUS] FPS=32 | mavi=— kirmizi=— | tespit=BEKLİYOR | kuyruk=0
1493714	TX_ANT	ff	277:0:10:24:473
1493714	PKT	0:184:135697:277:272313:0:0
1494714	TX_ANT	ff	278:0:10:27:1684
1494714	PKT	0:185:135336:278:271980:0:0
1495714	TX_ANT	ff	279:0:10:23:186
1495714	PKT	0:186:136258:279:272930:0:0
1496714	TX_ANT	ff	278:0:10:28:640
1496714	PKT	0:185:135945:278:272589:0:0
1497714	TX_ANT	ff	277:0:10:24:326
1497714	PKT	0:184:137402:277:274018:0:0
[VISION][STATUS] FPS=32 | mavi=— kirmizi=— | tespit=BEKLİYOR | kuyruk=0
1498714	TX_ANT	ff	283:0:10:26:217
1498714	PKT	0:186:136526:283:278910:0:0
1499714	TX_ANT	ff	279:0:10:26:621
1499714	PKT	0:186:136921:279:273593:0:0
1500714	TX_ANT	ff	252:0:10:28:978
1500714	PKT	0:167:131147:252:255863:0:0
1501714	TX_ANT	ff	243:0:10:22:152
1501714	PKT	0:162:129693:243:248557:0:0
1502714	TX_ANT	ff	253:0:10:27:395
1502714	PKT	0:168:131029:253:255773:0:0
[VISION][STATUS] FPS=32 | mavi=— kirmizi=— | tespit=BEKLİYOR | kuyruk=0
1503714	TX_ANT	ff	265:0:10:22:200
1503714	PKT	0:176:133961:265:264641:0:0
1504714	TX_ANT	ff	267:0:10:20:147
1504714	PKT	0:178:134071:267:264807:0:0
1505714	TX_ANT	ff	265:0:10:25:231
1505714	PKT	0:176:133646:265:264326:0:0
1506714	TX_ANT	ff	249:0:10:30:212
1506714	PKT	0:164:130617:249:255249:0:0
1507714	TX_ANT	ff	252:0:10:31:615
1507714	PKT	0:167:130613:252:255329:0:0
[VISION][STATUS] FPS=32 | mavi=— kirmizi=— | tespit=BEKLİYOR | kuyruk=0
1508714	TX_ANT	ff	256:0:10:25:291
1508714	PKT	0:171:131772:256:256600:0:0
1509714	TX_ANT	ff	263:0:10:25:292
1509714	PKT	0:174:132128:263:262752:0:0
1510714	TX_ANT	ff	263:0:10:26:879
1510714	PKT	0:174:132543:263:263167:0:0
1511714	TX_ANT	ff	248:0:10:31:322
1511714	PKT	0:167:130983:248:249987:0:0
1512714	TX_ANT	ff	252:0:10:40:1813
1512714	PKT	0:167:130579:252:255295:0:0
[VISION][STATUS] FPS=32 | mavi=— kirmizi=— | tespit=BEKLİYOR | kuyruk=0
1513714	TX_ANT	ff	273:0:10:26:756
1513714	PKT	0:180:133835:273:270339:0:0
1514714	TX_ANT	ff	266:0:10:26:820
1514714	PKT	0:177:134963:266:265671:0:0
1515714	TX_ANT	ff	251:0:10:24:165
1515714	PKT	0:166:130805:251:255493:0:0
1516714	TX_ANT	ff	244:0:10:25:209
1516714	PKT	0:163:130272:244:249164:0:0
1517714	TX_ANT	ff	242:0:10:31:643
1517714	PKT	0:161:129505:242:248341:0:0
[VISION][STATUS] FPS=33 | mavi=— kirmizi=— | tespit=BEKLİYOR | kuyruk=0
1518714	TX_ANT	ff	252:0:10:25:205
1518714	PKT	0:167:130625:252:255341:0:0
1519714	TX_ANT	ff	254:0:10:22:135
1519714	PKT	0:169:131858:254:256630:0:0
1520714	TX_ANT	ff	252:0:10:28:309
1520714	PKT	0:167:130918:252:255634:0:0
1521714	TX_ANT	ff	244:0:10:27:264
1521714	PKT	0:163:130046:244:248938:0:0
1522714	TX_ANT	ff	249:0:10:30:1256
1522714	PKT	0:164:130232:249:254864:0:0
[VISION][STATUS] FPS=32 | mavi=— kirmizi=— | tespit=BEKLİYOR | kuyruk=0
1523714	TX_ANT	ff	245:0:10:27:809
1523714	PKT	0:164:130305:245:249225:0:0
1524714	TX_ANT	ff	246:0:10:29:555
1524714	PKT	0:161:129531:246:254079:0:0
1525714	TX_ANT	ff	245:0:10:33:751
1525714	PKT	0:164:129969:245:248889:0:0
1526714	TX_ANT	ff	251:0:10:23:234
1526714	PKT	0:166:130783:251:255471:0:0
1527714	TX_ANT	ff	253:0:10:25:243
1527714	PKT	0:168:130608:253:255352:0:0
[VISION][STATUS] FPS=32 | mavi=— kirmizi=— | tespit=BEKLİYOR | kuyruk=0
1528714	TX_ANT	ff	243:0:11:32:414
1528714	PKT	0:162:129874:243:248738:0:0
1529714	TX_ANT	ff	253:0:10:33:519
1529714	PKT	0:168:131120:253:255864:0:0
1530714	TX_ANT	ff	255:0:10:27:657
1530714	PKT	0:170:131164:255:255964:0:0
1531714	TX_ANT	ff	261:0:10:26:192
1531714	PKT	0:172:132148:261:262716:0:0
1532714	TX_ANT	ff	255:0:10:27:189
1532714	PKT	0:170:131182:255:255982:0:0
[VISION][STATUS] FPS=32 | mavi=— kirmizi=— | tespit=BEKLİYOR | kuyruk=0
1533714	TX_ANT	ff	250:0:10:38:1208
1533714	PKT	0:165:130449:250:255109:0:0
1534714	TX_ANT	ff	245:0:10:24:459
1534714	PKT	0:164:129918:245:248838:0:0
1535714	TX_ANT	ff	252:0:10:35:3026
1535714	PKT	0:167:131217:252:255933:0:0
1536716	TX_ANT	ff	252:0:11:36:1355
1536716	PKT	0:167:130644:252:255360:0:0
1537714	TX_ANT	ff	256:0:10:26:206
1537714	PKT	0:171:131704:256:256532:0:0
[VISION][STATUS] FPS=32 | mavi=— kirmizi=— | tespit=BEKLİYOR | kuyruk=0
1538714	TX_ANT	ff	250:0:10:22:163
1538714	PKT	0:165:129900:250:254560:0:0
1539714	TX_ANT	ff	243:0:10:22:164
1539714	PKT	0:162:129972:243:248836:0:0
1540714	TX_ANT	ff	252:0:10:21:153
1540714	PKT	0:167:130219:252:254935:0:0
1541714	TX_ANT	ff	250:0:10:21:149
1541714	PKT	0:165:130666:250:255326:0:0
1542714	TX_ANT	ff	253:0:10:20:90
1542714	PKT	0:168:130738:253:255482:0:0
[VISION][STATUS] FPS=32 | mavi=— kirmizi=— | tespit=BEKLİYOR | kuyruk=0
1543715	TX_ANT	ff	247:0:10:21:180
1543715	PKT	0:166:130506:247:249482:0:0
1544714	TX_ANT	ff	258:0:10:23:267
1544714	PKT	0:169:131399:258:261883:0:0
1545714	TX_ANT	ff	254:0:10:25:677
1545714	PKT	0:169:131619:254:256391:0:0
1546714	TX_ANT	ff	259:0:10:21:139
1546714	PKT	0:174:132159:259:257071:0:0
1547714	TX_ANT	ff	250:0:10:27:882
1547714	PKT	0:165:130684:250:255344:0:0
[VISION][STATUS] FPS=32 | mavi=— kirmizi=— | tespit=BEKLİYOR | kuyruk=0
1548714	TX_ANT	ff	253:0:10:22:166
1548714	PKT	0:168:130848:253:255592:0:0
1549714	TX_ANT	ff	242:0:10:45:1372
1549714	PKT	0:161:129658:242:248494:0:0
1550714	TX_ANT	ff	248:0:10:47:1788
1550714	PKT	0:163:130178:248:254782:0:0
1551714	TX_ANT	ff	260:0:10:23:254
1551714	PKT	0:175:135722:260:260662:0:0
1552714	TX_ANT	ff	284:0:10:23:281
1552714	PKT	0:187:147854:284:290266:0:0
[VISION][STATUS] FPS=32 | mavi=— kirmizi=— | tespit=BEKLİYOR | kuyruk=0
1553714	TX_ANT	ff	278:0:10:23:168
1553714	PKT	0:185:139254:278:275898:0:0
1554714	TX_ANT	ff	278:0:10:21:108
1554714	PKT	0:185:137055:278:273699:0:0
1555714	TX_ANT	ff	277:0:10:23:202
1555714	PKT	0:184:142162:277:278778:0:0
1556715	TX_ANT	ff	286:0:10:31:1680
1556715	PKT	0:189:155220:286:297688:0:0
1557714	TX_ANT	ff	279:0:10:28:376
1557714	PKT	0:186:137253:279:273925:0:0
[VISION][STATUS] FPS=32 | mavi=— kirmizi=— | tespit=BEKLİYOR | kuyruk=0
1558714	TX_ANT	ff	279:0:10:24:258
1558714	PKT	0:186:142814:279:279486:0:0
1559714	TX_ANT	ff	279:0:10:25:789
1559714	PKT	0:186:144257:279:280929:0:0
1560714	TX_ANT	ff	283:0:10:22:151
1560714	PKT	0:186:143283:283:285667:0:0
1561714	TX_ANT	ff	279:0:10:26:315
1561714	PKT	0:186:140016:279:276688:0:0
1562714	TX_ANT	ff	278:0:10:40:3501
1562714	PKT	0:185:139119:278:275763:0:0
[VISION][STATUS] FPS=32 | mavi=— kirmizi=— | tespit=BEKLİYOR | kuyruk=0
1563714	TX_ANT	ff	278:0:10:26:317
1563714	PKT	0:185:139564:278:276208:0:0
1564714	TX_ANT	ff	279:0:10:32:1619
1564714	PKT	0:186:139265:279:275937:0:0
1565714	TX_ANT	ff	283:0:10:31:1124
1565714	PKT	0:186:137649:283:280033:0:0
1566714	TX_ANT	ff	279:0:10:29:345
1566714	PKT	0:186:137902:279:274574:0:0
1567714	TX_ANT	ff	279:0:10:21:175
1567714	PKT	0:186:138965:279:275637:0:0
[VISION][STATUS] FPS=32 | mavi=— kirmizi=— | tespit=BEKLİYOR | kuyruk=0
1568714	TX_ANT	ff	321:0:10:21:201
1568714	PKT	0:212:189852:321:350100:0:0
1569714	TX_ANT	ff	278:0:10:25:261
1569714	PKT	0:185:140561:278:277205:0:0
1570714	TX_ANT	ff	279:0:10:29:862
1570714	PKT	0:186:137863:279:274535:0:0
1571714	TX_ANT	ff	279:0:10:27:165
1571714	PKT	0:186:138297:279:274969:0:0
1572714	TX_ANT	ff	283:0:10:31:917
1572714	PKT	0:186:143562:283:285946:0:0
[VISION][STATUS] FPS=32 | mavi=— kirmizi=— | tespit=BEKLİYOR | kuyruk=0
1573714	TX_ANT	ff	292:0:10:29:322
1573714	PKT	0:195:167545:292:310181:0:0
1574714	TX_ANT	ff	279:0:10:21:193
1574714	PKT	0:186:142153:279:278825:0:0
1575714	TX_ANT	ff	279:0:10:28:698
1575714	PKT	0:186:140321:279:276993:0:0
1576714	TX_ANT	ff	284:0:10:23:156
1576714	PKT	0:187:143054:284:285466:0:0
1577715	TX_ANT	ff	279:0:10:22:362
1577715	PKT	0:186:137690:279:274362:0:0
[VISION][STATUS] FPS=32 | mavi=— kirmizi=— | tespit=BEKLİYOR | kuyruk=0
1578714	TX_ANT	ff	279:0:10:21:164
1578714	PKT	0:186:138687:279:275359:0:0
1579714	TX_ANT	ff	283:0:10:23:193
1579714	PKT	0:186:137734:283:280118:0:0
1580714	TX_ANT	ff	278:0:10:52:4626
1580714	PKT	0:185:137482:278:274126:0:0
1581714	TX_ANT	ff	279:0:10:25:719
1581714	PKT	0:186:137530:279:274202:0:0
1582714	TX_ANT	ff	278:0:10:24:292
1582714	PKT	0:185:136362:278:273006:0:0
[VISION][STATUS] FPS=32 | mavi=— kirmizi=— | tespit=BEKLİYOR | kuyruk=0
1583714	TX_ANT	ff	278:0:10:28:1353
1583714	PKT	0:185:137326:278:273970:0:0
1584714	TX_ANT	ff	277:0:10:20:129
1584714	PKT	0:184:136968:277:273584:0:0
1585714	TX_ANT	ff	277:0:10:23:371
1585714	PKT	0:184:138951:277:275567:0:0
1586714	TX_ANT	ff	275:0:10:23:170
1586714	PKT	0:182:134396:275:270956:0:0
1587714	TX_ANT	ff	279:0:10:23:359
1587714	PKT	0:186:137115:279:273787:0:0
[VISION][STATUS] FPS=32 | mavi=— kirmizi=— | tespit=BEKLİYOR | kuyruk=0
1588715	TX_ANT	ff	346:0:10:22:304
1588715	PKT	0:229:205418:346:377566:0:0
1589714	TX_ANT	ff	426:0:9:30:609
1589714	PKT	0:285:287307:426:495295:0:0
1590714	TX_ANT	ff	426:0:10:31:597
1590714	PKT	0:281:289988:426:503576:0:0
1591715	TX_ANT	ff	411:0:10:26:502
1591715	PKT	0:274:276684:411:478652:0:0
1592714	TX_ANT	ff	410:0:11:40:1751
1592714	PKT	0:273:274541:410:476481:0:0
[VISION][STATUS] FPS=32 | mavi=— kirmizi=— | tespit=BEKLİYOR | kuyruk=0
1593714	TX_ANT	ff	365:0:11:28:277
1593714	PKT	0:244:235524:365:413804:0:0
1594716	TX_ANT	ff	357:0:10:23:199
1594716	PKT	0:236:221796:357:399852:0:0
1595714	TX_ANT	ff	340:0:10:24:205
1595714	PKT	0:227:207071:340:373451:0:0
1596714	TX_ANT	ff	404:0:10:25:591
1596714	PKT	0:267:267242:404:469014:0:0
1597714	TX_ANT	ff	411:0:10:27:373
1597714	PKT	0:274:279660:411:481628:0:0
[VISION][STATUS] FPS=32 | mavi=— kirmizi=— | tespit=BEKLİYOR | kuyruk=0
1598714	TX_ANT	ff	419:0:10:24:232
1598714	PKT	0:278:277929:419:485721:0:0
1599715	TX_ANT	ff	425:0:10:27:1174
1599715	PKT	0:284:290140:425:498100:0:0
1600714	TX_ANT	ff	405:0:10:27:944
1600714	PKT	0:268:264485:405:466285:0:0
1601714	TX_ANT	ff	376:0:10:32:1593
1601714	PKT	0:251:251629:376:435817:0:0
1602714	TX_ANT	ff	382:0:10:24:520
1602714	PKT	0:253:252194:382:442150:0:0
[VISION][STATUS] FPS=32 | mavi=— kirmizi=— | tespit=BEKLİYOR | kuyruk=0
1603714	TX_ANT	ff	377:0:10:25:352
1603714	PKT	0:252:251818:377:436034:0:0
1604714	TX_ANT	ff	382:0:10:22:180
1604714	PKT	0:253:251854:382:441810:0:0
1605714	TX_ANT	ff	375:0:10:20:149
1605714	PKT	0:250:250208:375:434368:0:0
1606714	TX_ANT	ff	376:0:10:26:978
1606714	PKT	0:251:249365:376:433553:0:0
1607714	TX_ANT	ff	380:0:10:24:342
1607714	PKT	0:251:251452:380:441352:0:0
[VISION][STATUS] FPS=32 | mavi=— kirmizi=— | tespit=BEKLİYOR | kuyruk=0
1608714	TX_ANT	ff	420:0:10:27:295
1608714	PKT	0:279:280205:420:488025:0:0
1609714	TX_ANT	ff	384:0:10:25:293
1609714	PKT	0:255:251925:384:441937:0:0
1610714	TX_ANT	ff	390:0:10:29:637
1610714	PKT	0:261:260943:390:451123:0:0
1611714	TX_ANT	ff	410:0:10:40:1825
1611714	PKT	0:273:272819:410:474759:0:0
1612714	TX_ANT	ff	405:0:11:27:1278
1612714	PKT	0:268:270894:405:472694:0:0
[VISION][STATUS] FPS=32 | mavi=— kirmizi=— | tespit=BEKLİYOR | kuyruk=0
1613714	TX_ANT	ff	399:0:10:24:1025
1613714	PKT	0:266:269569:399:465601:0:0
1614714	TX_ANT	ff	417:0:10:20:387
1614714	PKT	0:276:278459:417:486195:0:0
1615714	TX_ANT	ff	403:0:10:28:418
1615714	PKT	0:270:273541:403:469685:0:0
1616714	TX_ANT	ff	392:0:10:27:191
1616714	PKT	0:259:259071:392:454907:0:0
1617715	TX_ANT	ff	379:0:10:26:853
1617715	PKT	0:254:249344:379:433616:0:0
[VISION][STATUS] FPS=32 | mavi=— kirmizi=— | tespit=BEKLİYOR | kuyruk=0
1618714	TX_ANT	ff	383:0:10:30:885
1618714	PKT	0:254:250908:383:440892:0:0
1619714	TX_ANT	ff	409:0:10:24:764
1619714	PKT	0:272:276738:409:478650:0:0
1620715	TX_ANT	ff	387:0:10:32:1199
1620715	PKT	0:258:252766:387:442862:0:0
1621714	TX_ANT	ff	431:0:10:20:218
1621714	PKT	0:286:288939:431:502667:0:0
1622714	TX_ANT	ff	386:0:10:27:1121
1622714	PKT	0:257:256761:386:446829:0:0
[VISION][STATUS] FPS=32 | mavi=— kirmizi=— | tespit=BEKLİYOR | kuyruk=0
1623714	TX_ANT	ff	416:0:10:22:541
1623714	PKT	0:275:278406:416:486114:0:0
1624714	TX_ANT	ff	386:0:10:23:509
1624714	PKT	0:257:250369:386:440437:0:0
1625714	TX_ANT	ff	412:0:10:32:2800
1625714	PKT	0:275:278226:412:480222:0:0
1626714	TX_ANT	ff	411:0:10:25:1462
1626714	PKT	0:274:278812:411:480780:0:0
1627714	TX_ANT	ff	392:0:10:19:182
1627714	PKT	0:259:254620:392:450456:0:0
[VISION][STATUS] FPS=32 | mavi=— kirmizi=— | tespit=BEKLİYOR | kuyruk=0
1628714	TX_ANT	ff	408:0:10:24:689
1628714	PKT	0:271:272882:408:474766:0:0
1629714	TX_ANT	ff	400:0:10:26:1025
1629714	PKT	0:267:266391:400:462451:0:0
1630714	TX_ANT	ff	407:0:10:21:473
1630714	PKT	0:270:272263:407:474119:0:0
1631714	TX_ANT	ff	387:0:10:24:248
1631714	PKT	0:258:255430:387:445526:0:0
1632714	TX_ANT	ff	400:0:10:29:935
1632714	PKT	0:267:270435:400:466495:0:0
[VISION][STATUS] FPS=32 | mavi=— kirmizi=— | tespit=BEKLİYOR | kuyruk=0
1633714	TX_ANT	ff	408:0:10:40:2158
1633714	PKT	0:271:274970:408:476854:0:0
1634714	TX_ANT	ff	407:0:10:19:172
1634714	PKT	0:270:272149:407:474005:0:0
1635714	TX_ANT	ff	388:0:10:22:273
1635714	PKT	0:259:256973:388:447097:0:0
1636714	TX_ANT	ff	407:0:10:23:1426
1636714	PKT	0:270:270759:407:472615:0:0
1637714	TX_ANT	ff	392:0:10:19:184
1637714	PKT	0:259:258654:392:454490:0:0
[VISION][STATUS] FPS=32 | mavi=— kirmizi=— | tespit=BEKLİYOR | kuyruk=0
1638714	TX_ANT	ff	387:0:10:25:429
1638714	PKT	0:258:256159:387:446255:0:0
1639714	TX_ANT	ff	365:0:10:25:1085
1639714	PKT	0:244:225736:365:404016:0:0
1640714	TX_ANT	ff	368:0:10:29:366
1640714	PKT	0:243:222295:368:406259:0:0
1641714	TX_ANT	ff	385:0:11:39:769
1641714	PKT	0:256:244965:385:435005:0:0
1642714	TX_ANT	ff	388:0:10:27:575
1642714	PKT	0:259:259759:388:449883:0:0
[VISION][STATUS] FPS=32 | mavi=— kirmizi=— | tespit=BEKLİYOR | kuyruk=0
1643714	TX_ANT	ff	385:0:10:23:189
1643714	PKT	0:256:254099:385:444139:0:0
1644714	TX_ANT	ff	396:0:10:30:567
1644714	PKT	0:263:255768:396:451716:0:0
1645714	TX_ANT	ff	395:0:11:32:1609
1645714	PKT	0:262:264246:395:460166:0:0
1646714	TX_ANT	ff	413:0:10:31:467
1646714	PKT	0:276:280154:413:482178:0:0
1647714	TX_ANT	ff	396:0:11:30:973
1647714	PKT	0:263:257245:396:453193:0:0
[VISION][STATUS] FPS=32 | mavi=(587,391) kirmizi=— | tespit=BEKLİYOR | kuyruk=0
1648715	TX_ANT	ff	400:0:10:35:2260
1648715	PKT	0:267:261718:400:457778:0:0
1649714	TX_ANT	ff	385:0:10:27:1432
1649714	PKT	0:256:256157:385:446197:0:0
1650714	TX_ANT	ff	354:0:10:40:1628
1650714	PKT	0:233:218573:354:396545:0:0
1651714	TX_ANT	ff	377:0:10:24:221
1651714	PKT	0:252:246305:377:430521:0:0
1652714	TX_ANT	ff	405:0:10:28:659
1652714	PKT	0:268:264561:405:466361:0:0
[VISION][STATUS] FPS=32 | mavi=— kirmizi=— | tespit=BEKLİYOR | kuyruk=0
1653716	TX_ANT	ff	378:0:10:27:343
1653716	PKT	0:253:256841:378:441085:0:0
1654714	TX_ANT	ff	381:0:10:43:1120
1654714	PKT	0:252:254245:381:444173:0:0
1655715	TX_ANT	ff	352:0:10:27:290
1655715	PKT	0:235:223340:352:395656:0:0
1656714	TX_ANT	ff	314:0:10:35:860
1656714	PKT	0:209:186518:314:340970:0:0
1657714	TX_ANT	ff	332:0:10:26:1633
1657714	PKT	0:219:196367:332:362523:0:0
[VISION][STATUS] FPS=32 | mavi=— kirmizi=— | tespit=BEKLİYOR | kuyruk=0
1658714	TX_ANT	ff	378:0:10:29:452
1658714	PKT	0:253:249988:378:434232:0:0
1659714	TX_ANT	ff	423:0:10:21:246
1659714	PKT	0:282:283656:423:491560:0:0
1660715	TX_ANT	ff	371:0:10:20:206
1660715	PKT	0:246:234533:371:418581:0:0
1661714	TX_ANT	ff	434:0:10:18:170
1661714	PKT	0:289:296545:434:510357:0:0
1662714	TX_ANT	ff	420:0:9:23:445
1662714	PKT	0:279:276514:420:484334:0:0
[VISION][STATUS] FPS=32 | mavi=— kirmizi=— | tespit=BEKLİYOR | kuyruk=0
1663714	TX_ANT	ff	421:0:10:21:267
1663714	PKT	0:280:271587:421:479435:0:0
1664714	TX_ANT	ff	420:0:10:22:259
1664714	PKT	0:279:274648:420:482468:0:0
1665714	TX_ANT	ff	417:0:10:26:472
1665714	PKT	0:276:269882:417:477618:0:0
1666714	TX_ANT	ff	399:0:10:26:412
1666714	PKT	0:266:265201:399:461233:0:0
1667714	TX_ANT	ff	390:0:10:47:1664
1667714	PKT	0:261:263350:390:453530:0:0
[VISION][STATUS] FPS=32 | mavi=— kirmizi=— | tespit=BEKLİYOR | kuyruk=0
1668714	TX_ANT	ff	383:0:10:25:1090
1668714	PKT	0:254:260891:383:450875:0:0
1669714	TX_ANT	ff	384:0:10:25:612
1669714	PKT	0:255:260934:384:450946:0:0
1670714	TX_ANT	ff	387:0:10:26:1178
1670714	PKT	0:258:261838:387:451934:0:0
1671714	TX_ANT	ff	385:0:10:34:1934
1671714	PKT	0:256:260157:385:450197:0:0
1672714	TX_ANT	ff	384:0:10:24:293
1672714	PKT	0:255:258540:384:448552:0:0
[VISION][STATUS] FPS=32 | mavi=— kirmizi=— | tespit=BEKLİYOR | kuyruk=0
1673715	TX_ANT	ff	385:0:10:33:1265
1673715	PKT	0:256:260390:385:450430:0:0
1674714	TX_ANT	ff	385:0:10:29:1354
1674714	PKT	0:256:260030:385:450070:0:0
1675714	TX_ANT	ff	386:0:10:19:156
1675714	PKT	0:257:260762:386:450830:0:0
1676714	TX_ANT	ff	385:0:10:29:377
1676714	PKT	0:256:260302:385:450342:0:0
1677715	TX_ANT	ff	382:0:10:32:1096
1677715	PKT	0:253:252576:382:442532:0:0
[VISION][STATUS] FPS=32 | mavi=— kirmizi=— | tespit=BEKLİYOR | kuyruk=0
1678714	TX_ANT	ff	382:0:10:20:201
1678714	PKT	0:253:257999:382:447955:0:0
1679715	TX_ANT	ff	378:0:10:30:312
1679715	PKT	0:253:251988:378:436232:0:0
1680714	TX_ANT	ff	380:0:10:40:747
1680714	PKT	0:251:254747:380:444647:0:0
1681714	TX_ANT	ff	386:0:10:25:183
1681714	PKT	0:257:261390:386:451458:0:0
1682714	TX_ANT	ff	421:0:10:25:856
1682714	PKT	0:280:275275:421:483123:0:0
[VISION][STATUS] FPS=32 | mavi=— kirmizi=— | tespit=BEKLİYOR | kuyruk=0
1683714	TX_ANT	ff	412:0:10:28:264
1683714	PKT	0:275:267492:412:469488:0:0
1684714	TX_ANT	ff	410:0:10:35:817
1684714	PKT	0:274:268655:410:470535:0:0
1685714	TX_ANT	ff	408:0:10:20:160
1685714	PKT	0:271:266697:408:468581:0:0
1686714	TX_ANT	ff	419:0:10:23:918
1686714	PKT	0:278:270117:419:477909:0:0
1687714	TX_ANT	ff	418:0:10:31:1985
1687714	PKT	0:277:270410:418:478174:0:0
1688714	TX_ANT	ff	398:0:10:22:409
1688714	PKT	0:265:263701:398:459705:0:0
[VISION][STATUS] FPS=32 | mavi=— kirmizi=— | tespit=BEKLİYOR | kuyruk=0
1689714	TX_ANT	ff	386:0:10:20:193
1689714	PKT	0:257:260760:386:450828:0:0
1690714	TX_ANT	ff	378:0:10:22:228
1690714	PKT	0:253:255069:378:439313:0:0
1691714	TX_ANT	ff	384:0:10:23:167
1691714	PKT	0:255:252678:384:442690:0:0
1692715	TX_ANT	ff	384:0:10:32:473
1692715	PKT	0:255:259982:384:449994:0:0
1693714	TX_ANT	ff	381:0:10:33:1149
1693714	PKT	0:252:257571:381:447499:0:0
[VISION][STATUS] FPS=32 | mavi=— kirmizi=— | tespit=BEKLİYOR | kuyruk=0
1694714	TX_ANT	ff	378:0:10:23:907
1694714	PKT	0:253:255396:378:439640:0:0
1695714	TX_ANT	ff	386:0:10:25:916
1695714	PKT	0:257:260433:386:450501:0:0
1696714	TX_ANT	ff	392:0:10:30:1499
1696714	PKT	0:259:263727:392:459563:0:0
1697714	TX_ANT	ff	390:0:10:24:637
1697714	PKT	0:261:262812:390:452992:0:0
1698714	TX_ANT	ff	405:0:10:35:585
1698714	PKT	0:268:265763:405:467563:0:0
[VISION][STATUS] FPS=32 | mavi=— kirmizi=— | tespit=BEKLİYOR | kuyruk=0
1699714	TX_ANT	ff	412:0:10:22:179
1699714	PKT	0:275:268318:412:470314:0:0
1700714	TX_ANT	ff	417:0:10:27:232
1700714	PKT	0:276:267339:417:475075:0:0
1701715	TX_ANT	ff	387:0:10:20:310
1701715	PKT	0:258:259296:387:449392:0:0
1702714	TX_ANT	ff	384:0:10:30:2122
1702714	PKT	0:255:256789:384:446801:0:0
1703714	TX_ANT	ff	383:0:10:24:655
1703714	PKT	0:254:258420:383:448404:0:0
[VISION][STATUS] FPS=32 | mavi=— kirmizi=— | tespit=BEKLİYOR | kuyruk=0
1704714	TX_ANT	ff	397:0:10:22:296
1704714	PKT	0:264:261402:397:457378:0:0
1705714	TX_ANT	ff	387:0:10:25:489
1705714	PKT	0:258:262911:387:453007:0:0
1706714	TX_ANT	ff	382:0:10:19:176
1706714	PKT	0:253:257544:382:447500:0:0
1707714	TX_ANT	ff	379:0:10:24:449
1707714	PKT	0:254:257591:379:441863:0:0
1708714	TX_ANT	ff	381:0:10:26:206
1708714	PKT	0:252:255516:381:445444:0:0
[VISION][STATUS] FPS=32 | mavi=— kirmizi=— | tespit=BEKLİYOR | kuyruk=0
1709714	TX_ANT	ff	375:0:10:21:178
1709714	PKT	0:250:249928:375:434088:0:0
1710714	TX_ANT	ff	381:0:10:28:662
1710714	PKT	0:252:252099:381:442027:0:0
1711714	TX_ANT	ff	379:0:10:35:1412
1711714	PKT	0:254:254531:379:438803:0:0
1712714	TX_ANT	ff	380:0:10:20:129
1712714	PKT	0:251:249666:380:439566:0:0
1713714	TX_ANT	ff	385:0:10:20:124
1713714	PKT	0:256:257948:385:447988:0:0
[VISION][STATUS] FPS=32 | mavi=— kirmizi=— | tespit=BEKLİYOR | kuyruk=0
1714715	TX_ANT	ff	377:0:10:23:615
1714715	PKT	0:252:254353:377:438569:0:0
1715714	TX_ANT	ff	381:0:10:22:198
1715714	PKT	0:252:252626:381:442554:0:0
1716714	TX_ANT	ff	376:0:10:34:1004
1716714	PKT	0:251:250129:376:434317:0:0
1717714	TX_ANT	ff	381:0:10:23:243
1717714	PKT	0:252:250390:381:440318:0:0
1718714	TX_ANT	ff	378:0:10:22:198
1718714	PKT	0:253:252291:378:436535:0:0
[VISION][STATUS] FPS=32 | mavi=— kirmizi=— | tespit=BEKLİYOR | kuyruk=0
1719714	TX_ANT	ff	380:0:10:24:1101
1719714	PKT	0:251:251608:380:441508:0:0
1720714	TX_ANT	ff	374:0:10:23:304
1720714	PKT	0:249:248458:374:432590:0:0
1721714	TX_ANT	ff	377:0:10:19:155
1721714	PKT	0:252:250674:377:434890:0:0
1722714	TX_ANT	ff	380:0:10:21:198
1722714	PKT	0:251:247813:380:437713:0:0
1723714	TX_ANT	ff	376:0:10:20:192
1723714	PKT	0:251:250211:376:434399:0:0
[VISION][STATUS] FPS=32 | mavi=— kirmizi=— | tespit=BEKLİYOR | kuyruk=0
1724714	TX_ANT	ff	388:0:10:21:344
1724714	PKT	0:259:261109:388:451233:0:0
1725714	TX_ANT	ff	380:0:10:32:2685
1725714	PKT	0:251:254716:380:444616:0:0
1726714	TX_ANT	ff	379:0:10:20:256
1726714	PKT	0:254:256724:379:440996:0:0
1727714	TX_ANT	ff	392:0:10:22:401
1727714	PKT	0:259:258857:392:454693:0:0
1728714	TX_ANT	ff	377:0:10:21:234
1728714	PKT	0:252:254941:377:439157:0:0
[VISION][STATUS] FPS=32 | mavi=— kirmizi=— | tespit=BEKLİYOR | kuyruk=0
1729714	TX_ANT	ff	394:0:10:31:1397
1729714	PKT	0:261:263685:394:459577:0:0
1730714	TX_ANT	ff	409:0:10:21:408
1730714	PKT	0:272:265893:409:467805:0:0
1731714	TX_ANT	ff	394:0:10:30:1073
1731714	PKT	0:261:262560:394:458452:0:0
1732714	TX_ANT	ff	385:0:10:31:592
1732714	PKT	0:256:260324:385:450364:0:0
1733714	TX_ANT	ff	398:0:10:36:824
1733714	PKT	0:265:264007:398:460011:0:0
[VISION][STATUS] FPS=32 | mavi=— kirmizi=— | tespit=BEKLİYOR | kuyruk=0
1734714	TX_ANT	ff	384:0:11:34:780
1734714	PKT	0:255:255864:384:445876:0:0
1735714	TX_ANT	ff	390:0:10:38:1572
1735714	PKT	0:261:263724:390:453904:0:0
1736714	TX_ANT	ff	398:0:10:34:1506
1736714	PKT	0:265:260212:398:456216:0:0
1737714	TX_ANT	ff	422:0:10:34:1637
1737714	PKT	0:281:273315:422:481191:0:0
1738714	TX_ANT	ff	420:0:10:21:185
1738714	PKT	0:279:267869:420:475689:0:0
[VISION][STATUS] FPS=32 | mavi=— kirmizi=— | tespit=BEKLİYOR | kuyruk=0
1739714	TX_ANT	ff	418:0:10:18:146
1739714	PKT	0:277:270110:418:477874:0:0
1740714	TX_ANT	ff	413:0:10:23:306
1740714	PKT	0:276:268622:413:470646:0:0
1741714	TX_ANT	ff	397:0:10:33:1516
1741714	PKT	0:264:262157:397:458133:0:0
1742714	TX_ANT	ff	415:0:10:20:181
1742714	PKT	0:274:264381:415:472061:0:0
1743714	TX_ANT	ff	384:0:10:36:2094
1743714	PKT	0:255:256652:384:446664:0:0
[VISION][STATUS] FPS=32 | mavi=— kirmizi=— | tespit=BEKLİYOR | kuyruk=0
1744714	TX_ANT	ff	379:0:11:25:229
1744714	PKT	0:254:256843:379:441115:0:0
1745714	TX_ANT	ff	391:0:10:22:189
1745714	PKT	0:258:261601:391:457409:0:0
1746715	TX_ANT	ff	378:0:10:23:430
1746715	PKT	0:253:248908:378:433152:0:0
1747714	TX_ANT	ff	371:0:10:20:181
1747714	PKT	0:246:235330:371:419378:0:0
1748715	TX_ANT	ff	375:0:10:47:1694
1748715	PKT	0:250:245039:375:429199:0:0
[VISION][STATUS] FPS=32 | mavi=— kirmizi=— | tespit=BEKLİYOR | kuyruk=0
1749714	TX_ANT	ff	383:0:11:41:1160
1749714	PKT	0:254:249104:383:439088:0:0
1750714	TX_ANT	ff	383:0:10:32:543
1750714	PKT	0:254:251821:383:441805:0:0
1751714	TX_ANT	ff	374:0:10:33:970
1751714	PKT	0:249:248179:374:432311:0:0
1752714	TX_ANT	ff	378:0:10:25:1171
1752714	PKT	0:253:252487:378:436731:0:0
1753715	TX_ANT	ff	391:0:10:33:1086
1753715	PKT	0:258:253897:391:449705:0:0
[VISION][STATUS] FPS=32 | mavi=— kirmizi=— | tespit=BEKLİYOR | kuyruk=0
1754714	TX_ANT	ff	384:0:10:21:265
1754714	PKT	0:255:249894:384:439906:0:0
1755714	TX_ANT	ff	375:0:10:24:205
1755714	PKT	0:250:250279:375:434439:0:0
1756714	TX_ANT	ff	377:0:10:24:272
1756714	PKT	0:252:255158:377:439374:0:0
1757714	TX_ANT	ff	383:0:10:22:289
1757714	PKT	0:254:251899:383:441883:0:0
1758714	TX_ANT	ff	381:0:10:21:211
1758714	PKT	0:252:253679:381:443607:0:0
[VISION][STATUS] FPS=32 | mavi=— kirmizi=— | tespit=BEKLİYOR | kuyruk=0
1759714	TX_ANT	ff	379:0:10:37:1393
1759714	PKT	0:254:252713:379:436985:0:0
1760714	TX_ANT	ff	382:0:10:37:606
1760714	PKT	0:253:249976:382:439932:0:0
1761714	TX_ANT	ff	385:0:10:27:1570
1761714	PKT	0:256:252660:385:442700:0:0
1762714	TX_ANT	ff	401:0:10:22:338
1762714	PKT	0:268:266419:401:462507:0:0
1763714	TX_ANT	ff	383:0:10:22:223
1763714	PKT	0:254:248155:383:438139:0:0
[VISION][STATUS] FPS=32 | mavi=— kirmizi=— | tespit=BEKLİYOR | kuyruk=0
1764715	TX_ANT	ff	374:0:10:25:462
1764715	PKT	0:249:244488:374:428620:0:0
1765714	TX_ANT	ff	384:0:10:29:1100
1765714	PKT	0:255:251969:384:441981:0:0
1766714	TX_ANT	ff	385:0:10:27:609
1766714	PKT	0:256:254637:385:444677:0:0
1767714	TX_ANT	ff	380:0:10:26:1360
1767714	PKT	0:251:252212:380:442112:0:0
1768714	TX_ANT	ff	387:0:10:31:1721
1768714	PKT	0:258:256054:387:446150:0:0
[VISION][STATUS] FPS=32 | mavi=— kirmizi=— | tespit=BEKLİYOR | kuyruk=0
1769716	TX_ANT	ff	378:0:10:26:529
1769716	PKT	0:253:253248:378:437492:0:0
1770716	TX_ANT	ff	380:0:10:27:314
1770716	PKT	0:251:252638:380:442538:0:0
1771716	TX_ANT	ff	390:0:10:27:294
1771716	PKT	0:261:259979:390:450159:0:0
1772714	TX_ANT	ff	428:0:10:32:1296
1772714	PKT	0:283:287301:428:500945:0:0
1773714	TX_ANT	ff	378:0:10:37:1714
1773714	PKT	0:253:255066:378:439310:0:0
[VISION][STATUS] FPS=32 | mavi=— kirmizi=— | tespit=BEKLİYOR | kuyruk=0
1774714	TX_ANT	ff	381:0:10:23:349
1774714	PKT	0:252:255232:381:445160:0:0
1775714	TX_ANT	ff	385:0:10:26:319
1775714	PKT	0:256:260833:385:450873:0:0
1776714	TX_ANT	ff	398:0:10:38:2025
1776714	PKT	0:265:265127:398:461131:0:0
1777715	TX_ANT	ff	386:0:10:31:355
1777715	PKT	0:257:259290:386:449358:0:0
1778714	TX_ANT	ff	420:0:10:22:435
1778714	PKT	0:279:282219:420:490039:0:0
[VISION][STATUS] FPS=32 | mavi=— kirmizi=— | tespit=BEKLİYOR | kuyruk=0
1779715	TX_ANT	ff	369:0:10:27:486
1779715	PKT	0:244:230975:369:414967:0:0
1780714	TX_ANT	ff	379:0:10:25:324
1780714	PKT	0:254:250464:379:434736:0:0
1781714	TX_ANT	ff	357:0:10:19:185
1781714	PKT	0:236:224606:357:402662:0:0
1782714	TX_ANT	ff	353:0:10:28:491
1782714	PKT	0:236:223296:353:395640:0:0
1783714	TX_ANT	ff	418:0:10:30:666
1783714	PKT	0:277:272670:418:480434:0:0
[VISION][STATUS] FPS=32 | mavi=— kirmizi=— | tespit=BEKLİYOR | kuyruk=0
1784714	TX_ANT	ff	420:0:10:25:1338
1784714	PKT	0:279:278046:420:485866:0:0
1785714	TX_ANT	ff	434:0:10:27:1334
1785714	PKT	0:289:290972:434:504784:0:0
1786714	TX_ANT	ff	406:0:10:28:1237
1786714	PKT	0:269:266850:406:468678:0:0
1787714	TX_ANT	ff	410:0:10:23:801
1787714	PKT	0:273:265702:410:467642:0:0
1788714	TX_ANT	ff	420:0:10:24:321
1788714	PKT	0:279:269612:420:477432:0:0
[VISION][STATUS] FPS=32 | mavi=— kirmizi=— | tespit=BEKLİYOR | kuyruk=0
1789714	TX_ANT	ff	415:0:10:20:302
1789714	PKT	0:278:270535:415:472615:0:0
1790714	TX_ANT	ff	420:0:10:19:167
1790714	PKT	0:279:269398:420:477218:0:0
1791714	TX_ANT	ff	382:0:10:25:222
1791714	PKT	0:253:246431:382:436387:0:0
1792714	TX_ANT	ff	303:0:10:28:1564
1792714	PKT	0:202:179022:303:327566:0:0
1793714	TX_ANT	ff	309:0:10:22:196
1793714	PKT	0:204:182855:309:337167:0:0
[VISION][STATUS] FPS=32 | mavi=— kirmizi=— | tespit=BEKLİYOR | kuyruk=0
1794714	TX_ANT	ff	314:0:10:32:1320
1794714	PKT	0:209:185483:314:339935:0:0
1795714	TX_ANT	ff	289:0:10:25:303
1795714	PKT	0:192:170297:289:312849:0:0
1796714	TX_ANT	ff	289:0:10:24:185
1796714	PKT	0:192:171109:289:313661:0:0
1797714	TX_ANT	ff	290:0:10:25:956
1797714	PKT	0:193:173553:290:316133:0:0
1798714	TX_ANT	ff	325:0:10:26:1002
1798714	PKT	0:216:183122:325:343482:0:0
[VISION][STATUS] FPS=32 | mavi=— kirmizi=— | tespit=BEKLİYOR | kuyruk=0
1799714	TX_ANT	ff	328:0:10:37:1257
1799714	PKT	0:219:194822:328:355266:0:0
1800714	TX_ANT	ff	311:0:10:43:1375
1800714	PKT	0:206:175793:311:330161:0:0
1801714	TX_ANT	ff	280:0:10:25:247
1801714	PKT	0:187:141859:280:278559:0:0
1802714	TX_ANT	ff	417:0:9:29:2194
1802714	PKT	0:276:277617:417:485353:0:0
1803714	TX_ANT	ff	401:0:10:26:207
1803714	PKT	0:268:267153:401:463241:0:0
[VISION][STATUS] FPS=32 | mavi=— kirmizi=— | tespit=BEKLİYOR | kuyruk=0
1804715	TX_ANT	ff	405:0:10:36:1113
1804715	PKT	0:268:270500:405:472300:0:0
1805714	TX_ANT	ff	388:0:10:44:1850
1805714	PKT	0:259:258439:388:448563:0:0
1806714	TX_ANT	ff	417:0:10:28:1492
1806714	PKT	0:276:285309:417:493045:0:0
1807714	TX_ANT	ff	389:0:10:31:1202
1807714	PKT	0:260:263270:389:453422:0:0
1808714	TX_ANT	ff	409:0:10:19:179
1808714	PKT	0:272:269416:409:471328:0:0
[VISION][STATUS] FPS=32 | mavi=— kirmizi=— | tespit=BEKLİYOR | kuyruk=0
1809714	TX_ANT	ff	420:0:10:20:185
1809714	PKT	0:279:279899:420:487719:0:0
1810714	TX_ANT	ff	384:0:10:22:249
1810714	PKT	0:255:258152:384:448164:0:0
1811714	TX_ANT	ff	382:0:10:23:447
1811714	PKT	0:253:248390:382:438346:0:0
1812714	TX_ANT	ff	377:0:10:27:400
1812714	PKT	0:252:246170:377:430386:0:0
1813714	TX_ANT	ff	385:0:10:28:820
1813714	PKT	0:256:251121:385:441161:0:0
[VISION][STATUS] FPS=32 | mavi=— kirmizi=— | tespit=BEKLİYOR | kuyruk=0
1814714	TX_ANT	ff	388:0:10:31:4191
1814714	PKT	0:259:254085:388:444209:0:0
1815714	TX_ANT	ff	381:0:10:23:1072
1815714	PKT	0:252:244991:381:434919:0:0
1816715	TX_ANT	ff	384:0:10:28:982
1816715	PKT	0:255:249918:384:439930:0:0
1817714	TX_ANT	ff	375:0:10:37:1527
1817714	PKT	0:250:243581:375:427741:0:0
1818714	TX_ANT	ff	384:0:10:31:704
1818714	PKT	0:255:256248:384:446260:0:0
[VISION][STATUS] FPS=32 | mavi=— kirmizi=— | tespit=BEKLİYOR | kuyruk=0
1819714	TX_ANT	ff	413:0:10:25:496
1819714	PKT	0:276:281732:413:483756:0:0
1820714	TX_ANT	ff	426:0:10:22:291
1820714	PKT	0:281:288593:426:502181:0:0
1821714	TX_ANT	ff	402:0:10:24:222
1821714	PKT	0:269:272353:402:468469:0:0
1822714	TX_ANT	ff	399:0:10:37:565
1822714	PKT	0:266:269551:399:465583:0:0
1823714	TX_ANT	ff	391:0:10:24:270
1823714	PKT	0:258:259020:391:454828:0:0
[VISION][STATUS] FPS=32 | mavi=— kirmizi=— | tespit=BEKLİYOR | kuyruk=0
1824714	TX_ANT	ff	398:0:10:26:846
1824714	PKT	0:265:267192:398:463196:0:0
1825714	TX_ANT	ff	413:0:10:22:230
1825714	PKT	0:276:280376:413:482400:0:0
1826714	TX_ANT	ff	410:0:10:26:363
1826714	PKT	0:273:276350:410:478290:0:0
1827714	TX_ANT	ff	383:0:10:37:1443
1827714	PKT	0:254:255010:383:444994:0:0
1828714	TX_ANT	ff	417:0:10:25:183
1828714	PKT	0:276:280903:417:488639:0:0
[VISION][STATUS] FPS=32 | mavi=— kirmizi=— | tespit=BEKLİYOR | kuyruk=0
1829714	TX_ANT	ff	413:0:10:25:347
1829714	PKT	0:276:280604:413:482628:0:0
1830714	TX_ANT	ff	407:0:10:24:432
1830714	PKT	0:270:271864:407:473720:0:0
1831714	TX_ANT	ff	397:0:10:20:189
1831714	PKT	0:264:265909:397:461885:0:0
1832714	TX_ANT	ff	410:0:10:28:423
1832714	PKT	0:273:274016:410:475956:0:0
1833714	TX_ANT	ff	311:0:10:56:2833
1833714	PKT	0:206:184255:311:338623:0:0
[VISION][STATUS] FPS=32 | mavi=— kirmizi=— | tespit=BEKLİYOR | kuyruk=0
1834714	TX_ANT	ff	301:0:10:33:1099
1834714	PKT	0:200:175543:301:324031:0:0
1835714	TX_ANT	ff	351:0:10:21:333
1835714	PKT	0:234:216792:351:389080:0:0
1836714	TX_ANT	ff	285:0:10:27:302
1836714	PKT	0:188:146326:285:288766:0:0
1837714	TX_ANT	ff	281:0:10:25:170
1837714	PKT	0:188:140827:281:277555:0:0
1838714	TX_ANT	ff	286:0:10:22:224
1838714	PKT	0:189:161382:286:303850:0:0
[VISION][STATUS] FPS=32 | mavi=— kirmizi=— | tespit=BEKLİYOR | kuyruk=0
1839714	TX_ANT	ff	283:0:10:29:330
1839714	PKT	0:190:160198:283:296982:0:0
1840714	TX_ANT	ff	285:0:10:25:207
1840714	PKT	0:188:152789:285:295229:0:0
1841714	TX_ANT	ff	281:0:10:22:120
1841714	PKT	0:188:151879:281:288607:0:0
1842715	TX_ANT	ff	336:0:10:21:196
1842715	PKT	0:223:210013:336:376281:0:0
1843716	TX_ANT	ff	372:0:10:20:395
1843716	PKT	0:247:235514:372:419590:0:0
[VISION][STATUS] FPS=32 | mavi=— kirmizi=— | tespit=BEKLİYOR | kuyruk=0
1844714	TX_ANT	ff	285:0:10:28:429
1844714	PKT	0:188:143861:285:286301:0:0
1845714	TX_ANT	ff	281:0:10:20:193
1845714	PKT	0:188:141330:281:278058:0:0
1846714	TX_ANT	ff	285:0:10:23:213
1846714	PKT	0:188:140978:285:283418:0:0
1847714	TX_ANT	ff	281:0:10:32:1167
1847714	PKT	0:188:141629:281:278357:0:0
1848714	TX_ANT	ff	285:0:10:46:2544
1848714	PKT	0:188:141010:285:283450:0:0
[VISION][STATUS] FPS=32 | mavi=— kirmizi=— | tespit=BEKLİYOR | kuyruk=0
1849715	TX_ANT	ff	281:0:10:22:136
1849715	PKT	0:188:141573:281:278301:0:0
1850714	TX_ANT	ff	285:0:10:19:112
1850714	PKT	0:188:141453:285:283893:0:0
1851714	TX_ANT	ff	281:0:10:22:177
1851714	PKT	0:188:140711:281:277439:0:0
1852714	TX_ANT	ff	285:0:10:21:216
1852714	PKT	0:188:141603:285:284043:0:0
1853714	TX_ANT	ff	281:0:10:24:362
1853714	PKT	0:188:141099:281:277827:0:0
[VISION][STATUS] FPS=32 | mavi=— kirmizi=— | tespit=BEKLİYOR | kuyruk=0
1854714	TX_ANT	ff	285:0:10:28:420
1854714	PKT	0:188:140495:285:282935:0:0
1855715	TX_ANT	ff	281:0:10:26:996
1855715	PKT	0:188:141138:281:277866:0:0
1856714	TX_ANT	ff	285:0:10:22:123
1856714	PKT	0:188:141649:285:284089:0:0
1857714	TX_ANT	ff	281:0:10:30:944
1857714	PKT	0:188:141711:281:278439:0:0
1858714	TX_ANT	ff	285:0:10:26:1261
1858714	PKT	0:188:140718:285:283158:0:0
[VISION][STATUS] FPS=32 | mavi=— kirmizi=— | tespit=BEKLİYOR | kuyruk=0
1859714	TX_ANT	ff	281:0:10:21:224
1859714	PKT	0:188:141073:281:277801:0:0
1860714	TX_ANT	ff	285:0:10:27:301
1860714	PKT	0:188:140806:285:283246:0:0
1861714	TX_ANT	ff	281:0:11:25:232
1861714	PKT	0:188:140767:281:277495:0:0
1862714	TX_ANT	ff	285:0:10:43:3379
1862714	PKT	0:188:140791:285:283231:0:0
1863714	TX_ANT	ff	281:0:10:30:518
1863714	PKT	0:188:142084:281:278812:0:0
[VISION][STATUS] FPS=32 | mavi=— kirmizi=— | tespit=BEKLİYOR | kuyruk=0
1864714	TX_ANT	ff	285:0:10:26:490
1864714	PKT	0:188:146465:285:288905:0:0
1865714	TX_ANT	ff	351:0:10:43:1201
1865714	PKT	0:234:222077:351:394365:0:0
1866714	TX_ANT	ff	281:0:10:26:548
1866714	PKT	0:188:142759:281:279487:0:0
1867714	TX_ANT	ff	285:0:10:41:4330
1867714	PKT	0:188:140789:285:283229:0:0
1868714	TX_ANT	ff	281:0:10:34:1981
1868714	PKT	0:188:141773:281:278501:0:0
[VISION][STATUS] FPS=32 | mavi=— kirmizi=— | tespit=BEKLİYOR | kuyruk=0
1869714	TX_ANT	ff	285:0:10:33:957
1869714	PKT	0:188:142003:285:284443:0:0
1870714	TX_ANT	ff	281:0:10:26:579
1870714	PKT	0:188:141369:281:278097:0:0
1871714	TX_ANT	ff	285:0:10:47:5276
1871714	PKT	0:188:140784:285:283224:0:0
1872714	TX_ANT	ff	281:0:10:21:181
1872714	PKT	0:188:141050:281:277778:0:0
1873714	TX_ANT	ff	285:0:10:24:147
1873714	PKT	0:188:141455:285:283895:0:0
[VISION][STATUS] FPS=32 | mavi=— kirmizi=— | tespit=BEKLİYOR | kuyruk=0
1874714	TX_ANT	ff	281:0:10:39:3969
1874714	PKT	0:188:141441:281:278169:0:0
1875714	TX_ANT	ff	285:0:10:23:208
1875714	PKT	0:188:141568:285:284008:0:0
1876714	TX_ANT	ff	281:0:10:22:195
1876714	PKT	0:188:141275:281:278003:0:0
1877714	TX_ANT	ff	285:0:10:25:250
1877714	PKT	0:188:142181:285:284621:0:0
1878714	TX_ANT	ff	281:0:10:20:180
1878714	PKT	0:188:141903:281:278631:0:0
[VISION][STATUS] FPS=32 | mavi=— kirmizi=— | tespit=BEKLİYOR | kuyruk=0
1879715	TX_ANT	ff	285:0:10:45:2313
1879715	PKT	0:188:140820:285:283260:0:0
1880714	TX_ANT	ff	281:0:10:35:2335
1880714	PKT	0:188:141604:281:278332:0:0
1881714	TX_ANT	ff	285:0:10:20:199
1881714	PKT	0:188:141805:285:284245:0:0
1882714	TX_ANT	ff	281:0:10:33:2731
1882714	PKT	0:188:141073:281:277801:0:0
1883714	TX_ANT	ff	285:0:10:24:549
1883714	PKT	0:188:141864:285:284304:0:0
[VISION][STATUS] FPS=32 | mavi=— kirmizi=— | tespit=BEKLİYOR | kuyruk=0
1884714	TX_ANT	ff	280:0:10:26:591
1884714	PKT	0:187:141134:280:277834:0:0
1885714	TX_ANT	ff	285:0:10:41:4037
1885714	PKT	0:188:141449:285:283889:0:0
1886714	TX_ANT	ff	281:0:10:36:2819
1886714	PKT	0:188:141207:281:277935:0:0
1887714	TX_ANT	ff	285:0:10:24:214
1887714	PKT	0:188:140953:285:283393:0:0
1888714	TX_ANT	ff	281:0:10:23:184
1888714	PKT	0:188:140201:281:276929:0:0
[VISION][STATUS] FPS=32 | mavi=— kirmizi=— | tespit=BEKLİYOR | kuyruk=0
1889714	TX_ANT	ff	285:0:10:24:247
1889714	PKT	0:188:141397:285:283837:0:0
1890714	TX_ANT	ff	281:0:10:22:244
1890714	PKT	0:188:141345:281:278073:0:0
1891714	TX_ANT	ff	285:0:10:26:384
1891714	PKT	0:188:141407:285:283847:0:0
1892714	TX_ANT	ff	281:0:10:40:1417
1892714	PKT	0:188:141844:281:278572:0:0
1893714	TX_ANT	ff	285:0:9:24:197
1893714	PKT	0:188:141331:285:283771:0:0
1894714	TX_ANT	ff	281:0:10:25:751
1894714	PKT	0:188:143113:281:279841:0:0
[VISION][STATUS] FPS=32 | mavi=— kirmizi=— | tespit=BEKLİYOR | kuyruk=0
1895714	TX_ANT	ff	285:0:10:21:135
1895714	PKT	0:188:142651:285:285091:0:0
1896714	TX_ANT	ff	280:0:10:24:325
1896714	PKT	0:187:141713:280:278413:0:0
1897714	TX_ANT	ff	285:0:10:36:2367
1897714	PKT	0:188:142643:285:285083:0:0
1898714	TX_ANT	ff	281:0:10:23:261
1898714	PKT	0:188:142212:281:278940:0:0
1899714	TX_ANT	ff	284:0:10:21:148
1899714	PKT	0:187:142338:284:284750:0:0
[VISION][STATUS] FPS=33 | mavi=— kirmizi=— | tespit=BEKLİYOR | kuyruk=0
1900714	TX_ANT	ff	281:0:10:22:223
1900714	PKT	0:188:141722:281:278450:0:0
1901714	TX_ANT	ff	285:0:10:23:233
1901714	PKT	0:188:142556:285:284996:0:0
1902714	TX_ANT	ff	281:0:10:42:4144
1902714	PKT	0:188:142625:281:279353:0:0
1903714	TX_ANT	ff	285:0:10:21:437
1903714	PKT	0:188:142345:285:284785:0:0
1904714	TX_ANT	ff	281:0:10:23:241
1904714	PKT	0:188:142482:281:279210:0:0
[VISION][STATUS] FPS=32 | mavi=— kirmizi=— | tespit=BEKLİYOR | kuyruk=0
1905714	TX_ANT	ff	285:0:10:20:151
1905714	PKT	0:188:142135:285:284575:0:0
1906714	TX_ANT	ff	280:0:10:21:152
1906714	PKT	0:187:141596:280:278296:0:0
1907714	TX_ANT	ff	281:0:10:34:665
1907714	PKT	0:188:142199:281:278927:0:0
1908714	TX_ANT	ff	285:0:10:47:2685
1908714	PKT	0:188:142864:285:285304:0:0
1909714	TX_ANT	ff	281:0:10:31:1398
1909714	PKT	0:188:141559:281:278287:0:0
[VISION][STATUS] FPS=32 | mavi=— kirmizi=— | tespit=BEKLİYOR | kuyruk=0
1910714	TX_ANT	ff	285:0:10:20:118
1910714	PKT	0:188:141743:285:284183:0:0
1911714	TX_ANT	ff	281:0:10:25:757
1911714	PKT	0:188:141644:281:278372:0:0
1912714	TX_ANT	ff	285:0:10:30:277
1912714	PKT	0:188:142038:285:284478:0:0
1913714	TX_ANT	ff	280:0:10:33:1949
1913714	PKT	0:187:142123:280:278823:0:0
1914714	TX_ANT	ff	285:0:11:32:1294
1914714	PKT	0:188:151115:285:293555:0:0
[VISION][STATUS] FPS=32 | mavi=— kirmizi=— | tespit=BEKLİYOR | kuyruk=0
1915714	TX_ANT	ff	300:0:10:20:182
1915714	PKT	0:199:174250:300:322710:0:0
1916714	TX_ANT	ff	326:0:10:24:889
1916714	PKT	0:217:182379:326:342767:0:0
1917714	TX_ANT	ff	326:0:10:26:293
1917714	PKT	0:217:182473:326:342861:0:0
1918714	TX_ANT	ff	327:0:10:20:138
1918714	PKT	0:218:182238:327:342654:0:0
1919714	TX_ANT	ff	326:0:10:22:185
1919714	PKT	0:217:181104:326:341492:0:0
[VISION][STATUS] FPS=32 | mavi=— kirmizi=— | tespit=BEKLİYOR | kuyruk=0
1920714	TX_ANT	ff	326:0:10:24:1030
1920714	PKT	0:217:181884:326:342272:0:0
1921714	TX_ANT	ff	330:0:10:23:369
1921714	PKT	0:217:182761:330:348861:0:0
1922714	TX_ANT	ff	327:0:10:31:3004
1922714	PKT	0:218:184205:327:344621:0:0
1923714	TX_ANT	ff	328:0:10:35:838
1923714	PKT	0:219:184072:328:344516:0:0
1924714	TX_ANT	ff	326:0:10:40:1400
1924714	PKT	0:217:180994:326:341382:0:0
[VISION][STATUS] FPS=32 | mavi=— kirmizi=— | tespit=BEKLİYOR | kuyruk=0
1925714	TX_ANT	ff	331:0:10:22:262
1925714	PKT	0:218:181482:331:347610:0:0
1926714	TX_ANT	ff	326:0:10:27:622
1926714	PKT	0:217:183398:326:343786:0:0
1927714	TX_ANT	ff	325:0:10:26:990
1927714	PKT	0:216:181335:325:341695:0:0
1928714	TX_ANT	ff	326:0:10:27:1749
1928714	PKT	0:217:180986:326:341374:0:0
1929715	TX_ANT	ff	326:0:11:28:229
1929715	PKT	0:217:181128:326:341516:0:0
[VISION][STATUS] FPS=32 | mavi=— kirmizi=— | tespit=BEKLİYOR | kuyruk=0
1930714	TX_ANT	ff	325:0:10:24:375
1930714	PKT	0:216:181884:325:342244:0:0
1931715	TX_ANT	ff	326:0:10:22:198
1931715	PKT	0:217:182809:326:343197:0:0
1932714	TX_ANT	ff	327:0:10:22:196
1932714	PKT	0:218:182012:327:342428:0:0
1933714	TX_ANT	ff	326:0:10:22:315
1933714	PKT	0:217:182665:326:343053:0:0
1934714	TX_ANT	ff	331:0:9:21:177
1934714	PKT	0:218:182301:331:348429:0:0
[VISION][STATUS] FPS=32 | mavi=— kirmizi=— | tespit=BEKLİYOR | kuyruk=0
1935714	TX_ANT	ff	327:0:10:20:548
1935714	PKT	0:218:183066:327:343482:0:0
1936714	TX_ANT	ff	326:0:10:22:240
1936714	PKT	0:217:183975:326:344363:0:0
1937714	TX_ANT	ff	326:0:10:26:649
1937714	PKT	0:217:183268:326:343656:0:0
1938714	TX_ANT	ff	326:0:10:33:854
1938714	PKT	0:217:182698:326:343086:0:0
1939714	TX_ANT	ff	331:0:10:28:964
1939714	PKT	0:218:183277:331:349405:0:0
[VISION][STATUS] FPS=32 | mavi=— kirmizi=— | tespit=BEKLİYOR | kuyruk=0
1940714	TX_ANT	ff	325:0:10:28:1050
1940714	PKT	0:216:181501:325:341861:0:0
1941716	TX_ANT	ff	326:0:10:29:895
1941716	PKT	0:217:181479:326:341867:0:0
1942714	TX_ANT	ff	319:0:10:27:366
1942714	PKT	0:214:181760:319:336352:0:0
1943714	TX_ANT	ff	331:0:10:28:1017
1943714	PKT	0:218:181901:331:348029:0:0
1944714	TX_ANT	ff	372:0:10:22:188
1944714	PKT	0:247:236875:372:420951:0:0
[VISION][STATUS] FPS=32 | mavi=— kirmizi=— | tespit=BEKLİYOR | kuyruk=0
1945714	TX_ANT	ff	281:0:10:26:290
1945714	PKT	0:188:161695:281:298423:0:0
1946714	TX_ANT	ff	285:0:10:38:1080
1946714	PKT	0:188:161500:285:303940:0:0
1947714	TX_ANT	ff	284:0:10:36:636
1947714	PKT	0:191:169822:284:306634:0:0
1948714	TX_ANT	ff	288:0:10:29:962
1948714	PKT	0:191:170833:288:313357:0:0
1949714	TX_ANT	ff	288:0:10:44:1608
1949714	PKT	0:191:168730:288:311254:0:0
[VISION][STATUS] FPS=32 | mavi=— kirmizi=— | tespit=BEKLİYOR | kuyruk=0
1950714	TX_ANT	ff	288:0:10:27:569
1950714	PKT	0:191:168961:288:311485:0:0
1951714	TX_ANT	ff	287:0:10:33:1164
1951714	PKT	0:190:169034:287:311530:0:0
1952714	TX_ANT	ff	288:0:10:26:191
1952714	PKT	0:191:170155:288:312679:0:0
1953714	TX_ANT	ff	283:0:10:22:165
1953714	PKT	0:190:169383:283:306167:0:0
1954714	TX_ANT	ff	288:0:10:23:188
1954714	PKT	0:191:169435:288:311959:0:0
[VISION][STATUS] FPS=32 | mavi=— kirmizi=— | tespit=BEKLİYOR | kuyruk=0
1955714	TX_ANT	ff	314:0:10:21:178
1955714	PKT	0:209:182368:314:336820:0:0
1956714	TX_ANT	ff	285:0:10:25:257
1956714	PKT	0:188:143713:285:286153:0:0
1957714	TX_ANT	ff	281:0:10:25:183
1957714	PKT	0:188:142231:281:278959:0:0
1958714	TX_ANT	ff	285:0:10:23:231
1958714	PKT	0:188:141944:285:284384:0:0
1959715	TX_ANT	ff	281:0:10:24:196
1959715	PKT	0:188:142258:281:278986:0:0
[VISION][STATUS] FPS=32 | mavi=— kirmizi=— | tespit=BEKLİYOR | kuyruk=0
1960714	TX_ANT	ff	285:0:10:23:268
1960714	PKT	0:188:141827:285:284267:0:0
1961714	TX_ANT	ff	281:0:10:22:181
1961714	PKT	0:188:141359:281:278087:0:0
1962714	TX_ANT	ff	285:0:10:32:2458
1962714	PKT	0:188:141224:285:283664:0:0
1963714	TX_ANT	ff	281:0:10:36:3995
1963714	PKT	0:188:141687:281:278415:0:0
1964714	TX_ANT	ff	285:0:10:23:284
1964714	PKT	0:188:142511:285:284951:0:0
[VISION][STATUS] FPS=32 | mavi=— kirmizi=— | tespit=BEKLİYOR | kuyruk=0
1965714	TX_ANT	ff	281:0:9:24:197
1965714	PKT	0:188:141268:281:277996:0:0
1966714	TX_ANT	ff	285:0:10:27:231
1966714	PKT	0:188:141395:285:283835:0:0
1967714	TX_ANT	ff	281:0:10:20:186
1967714	PKT	0:188:141674:281:278402:0:0
1968714	TX_ANT	ff	285:0:10:37:1937
1968714	PKT	0:188:141405:285:283845:0:0
1969714	TX_ANT	ff	281:0:10:25:229
1969714	PKT	0:188:141979:281:278707:0:0
[VISION][STATUS] FPS=32 | mavi=— kirmizi=— | tespit=BEKLİYOR | kuyruk=0
1970714	TX_ANT	ff	285:0:10:30:1274
1970714	PKT	0:188:141542:285:283982:0:0
1971714	TX_ANT	ff	281:0:10:23:257
1971714	PKT	0:188:140984:281:277712:0:0
1972714	TX_ANT	ff	285:0:10:23:193
1972714	PKT	0:188:141229:285:283669:0:0
1973714	TX_ANT	ff	281:0:10:25:199
1973714	PKT	0:188:140351:281:277079:0:0
1974714	TX_ANT	ff	285:0:10:23:162
1974714	PKT	0:188:141535:285:283975:0:0
[VISION][STATUS] FPS=33 | mavi=— kirmizi=— | tespit=BEKLİYOR | kuyruk=0
1975714	TX_ANT	ff	281:0:10:20:116
1975714	PKT	0:188:142073:281:278801:0:0
1976714	TX_ANT	ff	285:0:10:25:332
1976714	PKT	0:188:141990:285:284430:0:0
1977714	TX_ANT	ff	281:0:10:26:363
1977714	PKT	0:188:142148:281:278876:0:0
1978714	TX_ANT	ff	285:0:10:39:2974
1978714	PKT	0:188:141658:285:284098:0:0
1979714	TX_ANT	ff	281:0:10:40:887
1979714	PKT	0:188:142164:281:278892:0:0
[VISION][STATUS] FPS=32 | mavi=— kirmizi=— | tespit=BEKLİYOR | kuyruk=0
1980714	TX_ANT	ff	285:0:10:28:320
1980714	PKT	0:188:141840:285:284280:0:0
1981714	TX_ANT	ff	281:0:10:27:546
1981714	PKT	0:188:141105:281:277833:0:0
1982714	TX_ANT	ff	285:0:10:20:110
1982714	PKT	0:188:141613:285:284053:0:0
1983714	TX_ANT	ff	281:0:10:21:225
1983714	PKT	0:188:141399:281:278127:0:0
1984714	TX_ANT	ff	285:0:10:22:129
1984714	PKT	0:188:141509:285:283949:0:0
[VISION][STATUS] FPS=32 | mavi=— kirmizi=— | tespit=BEKLİYOR | kuyruk=0
1985714	TX_ANT	ff	281:0:10:25:399
1985714	PKT	0:188:140829:281:277557:0:0
1986714	TX_ANT	ff	285:0:10:22:282
1986714	PKT	0:188:141089:285:283529:0:0
1987714	TX_ANT	ff	281:0:10:21:211
1987714	PKT	0:188:141201:281:277929:0:0
1988714	TX_ANT	ff	285:0:10:23:189
1988714	PKT	0:188:141736:285:284176:0:0
1989714	TX_ANT	ff	281:0:10:22:640
1989714	PKT	0:188:141446:281:278174:0:0
[VISION][STATUS] FPS=32 | mavi=— kirmizi=— | tespit=BEKLİYOR | kuyruk=0
1990714	TX_ANT	ff	285:0:10:26:252
1990714	PKT	0:188:141411:285:283851:0:0
1991714	TX_ANT	ff	281:0:10:25:301
1991714	PKT	0:188:143970:281:280698:0:0
1992714	TX_ANT	ff	395:0:10:35:1734
1992714	PKT	0:262:261958:395:457878:0:0
1993715	TX_ANT	ff	423:0:10:25:1503
1993715	PKT	0:282:287464:423:495368:0:0
1994714	TX_ANT	ff	337:0:10:20:116
1994714	PKT	0:224:203045:337:369341:0:0
[VISION][STATUS] FPS=32 | mavi=— kirmizi=— | tespit=BEKLİYOR | kuyruk=0
1995714	TX_ANT	ff	285:0:10:28:1067
1995714	PKT	0:188:157682:285:300122:0:0
1996714	TX_ANT	ff	281:0:10:29:941
1996714	PKT	0:188:151627:281:288355:0:0
1997714	TX_ANT	ff	285:0:10:24:311
1997714	PKT	0:188:150403:285:292843:0:0
1998714	TX_ANT	ff	281:0:10:25:295
1998714	PKT	0:188:150752:281:287480:0:0
1999714	TX_ANT	ff	285:0:10:31:292
1999714	PKT	0:188:150053:285:292493:0:0
[VISION][STATUS] FPS=32 | mavi=— kirmizi=— | tespit=BEKLİYOR | kuyruk=0
2000714	TX_ANT	ff	281:0:10:29:364
2000714	PKT	0:188:150334:281:287062:0:0
2001714	TX_ANT	ff	285:0:11:37:2350
2001714	PKT	0:188:151559:285:293999:0:0
2002714	TX_ANT	ff	281:0:10:22:300
2002714	PKT	0:188:149202:281:285930:0:0
2003714	TX_ANT	ff	285:0:10:31:2364
2003714	PKT	0:188:147527:285:289967:0:0
2004714	TX_ANT	ff	281:0:10:25:611
2004714	PKT	0:188:147421:281:284149:0:0
[VISION][STATUS] FPS=32 | mavi=— kirmizi=— | tespit=BEKLİYOR | kuyruk=0
2005714	TX_ANT	ff	285:0:10:23:174
2005714	PKT	0:188:148896:285:291336:0:0
2006714	TX_ANT	ff	281:0:10:20:122
2006714	PKT	0:188:143863:281:280591:0:0
2007714	TX_ANT	ff	287:0:10:20:137
2007714	PKT	0:190:147293:287:289789:0:0
2008714	TX_ANT	ff	339:0:10:24:741
2008714	PKT	0:226:211676:339:378028:0:0
2009714	TX_ANT	ff	285:0:10:30:2197
2009714	PKT	0:188:143009:285:285449:0:0
[VISION][STATUS] FPS=32 | mavi=— kirmizi=— | tespit=BEKLİYOR | kuyruk=0
2010714	TX_ANT	ff	281:0:10:32:555
2010714	PKT	0:188:141488:281:278216:0:0
2011714	TX_ANT	ff	285:0:11:49:1031
2011714	PKT	0:188:141476:285:283916:0:0
2012714	TX_ANT	ff	281:0:10:36:960
2012714	PKT	0:188:141248:281:277976:0:0
2013714	TX_ANT	ff	333:0:11:37:1562
2013714	PKT	0:220:193255:333:359439:0:0
2014714	TX_ANT	ff	456:0:10:31:1690
2014714	PKT	0:303:315897:456:541525:0:0
[VISION][STATUS] FPS=32 | mavi=— kirmizi=— | tespit=BEKLİYOR | kuyruk=0
2015714	TX_ANT	ff	328:0:10:21:376
2015714	PKT	0:219:199699:328:360143:0:0
2016714	TX_ANT	ff	291:0:10:20:180
2016714	PKT	0:194:169217:291:311825:0:0
2017714	TX_ANT	ff	418:0:10:26:222
2017714	PKT	0:277:281154:418:488918:0:0
2018714	TX_ANT	ff	375:0:10:29:1284
2018714	PKT	0:250:244259:375:428419:0:0
2019715	TX_ANT	ff	362:0:10:23:394
2019715	PKT	0:241:234695:362:412891:0:0
[VISION][STATUS] FPS=32 | mavi=— kirmizi=— | tespit=BEKLİYOR | kuyruk=0
2020714	TX_ANT	ff	432:0:10:39:1665
2020714	PKT	0:287:288888:432:502644:0:0
2021714	TX_ANT	ff	440:0:10:18:196
2021714	PKT	0:291:299486:440:519066:0:0
2022714	TX_ANT	ff	437:0:10:19:142
2022714	PKT	0:292:298156:437:512052:0:0
2023714	TX_ANT	ff	397:0:10:27:1349
2023714	PKT	0:264:271196:397:467172:0:0
2024714	TX_ANT	ff	419:0:10:30:1308
2024714	PKT	0:278:274315:419:482107:0:0
[VISION][STATUS] FPS=32 | mavi=— kirmizi=— | tespit=BEKLİYOR | kuyruk=0
2025714	TX_ANT	ff	418:0:10:35:1328
2025714	PKT	0:277:273561:418:481325:0:0
2026714	TX_ANT	ff	416:0:10:21:195
2026714	PKT	0:279:283673:416:485781:0:0
2027716	TX_ANT	ff	420:0:10:20:145
2027716	PKT	0:279:284410:420:492230:0:0
2028714	TX_ANT	ff	416:0:10:21:272
2028714	PKT	0:275:277759:416:485467:0:0
2029714	TX_ANT	ff	317:0:11:33:403
2029714	PKT	0:212:186125:317:340661:0:0
[VISION][STATUS] FPS=32 | mavi=— kirmizi=— | tespit=BEKLİYOR | kuyruk=0
2030714	TX_ANT	ff	384:0:10:24:972
2030714	PKT	0:255:252261:384:442273:0:0
2031714	TX_ANT	ff	351:0:10:30:1293
2031714	PKT	0:234:220113:351:392401:0:0
2032714	TX_ANT	ff	286:0:10:24:191
2032714	PKT	0:189:157982:286:300450:0:0
2033714	TX_ANT	ff	457:0:10:22:886
2033714	PKT	0:304:318362:457:544018:0:0
2034715	TX_ANT	ff	339:0:10:28:1091
2034715	PKT	0:226:209075:339:375427:0:0
[VISION][STATUS] FPS=32 | mavi=— kirmizi=— | tespit=BEKLİYOR | kuyruk=0
2035714	TX_ANT	ff	333:0:10:29:273
2035714	PKT	0:220:198257:333:364441:0:0
2036714	TX_ANT	ff	388:0:10:30:1599
2036714	PKT	0:259:253018:388:443142:0:0
2037714	TX_ANT	ff	299:0:10:25:300
2037714	PKT	0:198:170039:299:318471:0:0
2038714	TX_ANT	ff	207:0:10:23:114
2038714	PKT	0:138:88768:207:189824:0:0
2039714	TX_ANT	ff	241:0:11:30:717
2039714	PKT	0:160:114270:241:233078:0:0
[VISION][STATUS] FPS=32 | mavi=— kirmizi=— | tespit=BEKLİYOR | kuyruk=0
2040714	TX_ANT	ff	302:0:10:33:796
2040714	PKT	0:201:176593:302:325109:0:0
2041714	TX_ANT	ff	384:0:10:27:355
2041714	PKT	0:255:247227:384:437239:0:0
2042714	TX_ANT	ff	299:0:10:23:183
2042714	PKT	0:198:167575:299:316007:0:0
2043714	TX_ANT	ff	373:0:10:31:845
2043714	PKT	0:248:241222:373:425326:0:0
2044714	TX_ANT	ff	388:0:10:23:596
2044714	PKT	0:259:248954:388:439078:0:0
[VISION][STATUS] FPS=32 | mavi=— kirmizi=— | tespit=BEKLİYOR | kuyruk=0
2045715	TX_ANT	ff	375:0:10:24:341
2045715	PKT	0:250:236934:375:421094:0:0
2046715	TX_ANT	ff	383:0:10:29:932
2046715	PKT	0:254:242195:383:432179:0:0
2047714	TX_ANT	ff	384:0:10:27:999
2047714	PKT	0:255:245338:384:435350:0:0
2048714	TX_ANT	ff	381:0:10:25:1092
2048714	PKT	0:253:243057:381:432925:0:0
2049714	TX_ANT	ff	384:0:10:27:709
2049714	PKT	0:255:244867:384:434879:0:0
[VISION][STATUS] FPS=32 | mavi=— kirmizi=— | tespit=BEKLİYOR | kuyruk=0
2050714	TX_ANT	ff	380:0:10:32:558
2050714	PKT	0:255:245068:380:429368:0:0
2051714	TX_ANT	ff	382:0:10:23:695
2051714	PKT	0:253:243024:382:432980:0:0
2052714	TX_ANT	ff	406:0:10:23:249
2052714	PKT	0:269:265707:406:467535:0:0
2053714	TX_ANT	ff	386:0:10:21:202
2053714	PKT	0:257:261645:386:451713:0:0
2054715	TX_ANT	ff	409:0:10:37:1958
2054715	PKT	0:272:274457:409:476369:0:0
[VISION][STATUS] FPS=32 | mavi=— kirmizi=— | tespit=BEKLİYOR | kuyruk=0
2055714	TX_ANT	ff	390:0:10:22:1212
2055714	PKT	0:261:265960:390:456140:0:0
2056714	TX_ANT	ff	402:0:10:22:751
2056714	PKT	0:265:266443:402:468159:0:0
2057714	TX_ANT	ff	397:0:10:26:383
2057714	PKT	0:264:265147:397:461123:0:0
2058714	TX_ANT	ff	387:0:10:32:985
2058714	PKT	0:258:254979:387:445075:0:0
2059714	TX_ANT	ff	390:0:10:24:1430
2059714	PKT	0:261:259632:390:449812:0:0
[VISION][STATUS] FPS=32 | mavi=— kirmizi=— | tespit=BEKLİYOR | kuyruk=0
2060714	TX_ANT	ff	385:0:10:22:256
2060714	PKT	0:256:250191:385:440231:0:0
2061714	TX_ANT	ff	383:0:10:27:2647
2061714	PKT	0:254:243409:383:433393:0:0
2062714	TX_ANT	ff	409:0:10:20:159
2062714	PKT	0:272:272816:409:474728:0:0
2063714	TX_ANT	ff	418:0:10:25:503
2063714	PKT	0:277:279078:418:486842:0:0
2064715	TX_ANT	ff	399:0:10:31:1974
2064715	PKT	0:266:265266:399:461298:0:0
[VISION][STATUS] FPS=32 | mavi=(589,63) kirmizi=— | tespit=BEKLİYOR | kuyruk=0
2065714	TX_ANT	ff	409:0:10:29:331
2065714	PKT	0:272:272904:409:474816:0:0
2066714	TX_ANT	ff	376:0:10:36:2868
2066714	PKT	0:251:239688:376:423876:0:0
2067714	TX_ANT	ff	403:0:10:21:248
2067714	PKT	0:266:264814:403:466558:0:0
2068714	TX_ANT	ff	436:0:10:20:200
2068714	PKT	0:291:301728:436:515596:0:0
2069714	TX_ANT	ff	381:0:10:20:273
2069714	PKT	0:252:241795:381:431723:0:0
[VISION][STATUS] FPS=32 | mavi=— kirmizi=— | tespit=BEKLİYOR | kuyruk=0
2070715	TX_ANT	ff	329:0:10:26:299
2070715	PKT	0:220:203756:329:364228:0:0
2071714	TX_ANT	ff	363:0:10:20:185
2071714	PKT	0:242:233469:363:411693:0:0
2072714	TX_ANT	ff	302:0:10:26:471
2072714	PKT	0:201:175183:302:323699:0:0
2073715	TX_ANT	ff	307:0:10:27:824
2073715	PKT	0:202:170209:307:324465:0:0
2074714	TX_ANT	ff	330:0:10:20:170
2074714	PKT	0:221:203133:330:363633:0:0
[VISION][STATUS] FPS=32 | mavi=— kirmizi=— | tespit=BEKLİYOR | kuyruk=0
2075714	TX_ANT	ff	332:0:10:33:1014
2075714	PKT	0:219:196318:332:362474:0:0
2076714	TX_ANT	ff	372:0:10:22:255
2076714	PKT	0:247:238900:372:422976:0:0
2077714	TX_ANT	ff	350:0:10:22:230
2077714	PKT	0:233:220002:350:392262:0:0
2078715	TX_ANT	ff	331:0:10:20:118
2078715	PKT	0:222:201448:331:361976:0:0
2079714	TX_ANT	ff	336:0:10:22:209
2079714	PKT	0:223:201424:336:367692:0:0
[VISION][STATUS] FPS=32 | mavi=— kirmizi=— | tespit=BEKLİYOR | kuyruk=0
2080714	TX_ANT	ff	349:0:10:20:158
2080714	PKT	0:232:217361:349:389593:0:0
2081714	TX_ANT	ff	333:0:10:20:176
2081714	PKT	0:220:201657:333:367841:0:0
2082714	TX_ANT	ff	318:0:11:31:762
2082714	PKT	0:213:195197:318:349761:0:0
2083714	TX_ANT	ff	321:0:10:30:2111
2083714	PKT	0:212:193290:321:353538:0:0
2084714	TX_ANT	ff	325:0:11:47:4328
2084714	PKT	0:216:195806:325:356166:0:0
[VISION][STATUS] FPS=32 | mavi=— kirmizi=— | tespit=BEKLİYOR | kuyruk=0
2085715	TX_ANT	ff	347:0:11:28:276
2085715	PKT	0:230:211461:347:383637:0:0
2086714	TX_ANT	ff	348:0:10:27:341
2086714	PKT	0:231:213093:348:385297:0:0
2087714	TX_ANT	ff	330:0:10:31:1196
2087714	PKT	0:221:203730:330:364230:0:0
2088714	TX_ANT	ff	312:0:10:32:658
2088714	PKT	0:207:184500:312:338896:0:0
2089714	TX_ANT	ff	326:0:10:21:162
2089714	PKT	0:217:192107:326:352495:0:0
[VISION][STATUS] FPS=32 | mavi=— kirmizi=— | tespit=BEKLİYOR | kuyruk=0
2090714	TX_ANT	ff	375:0:10:20:192
2090714	PKT	0:250:243298:375:427458:0:0
2091715	TX_ANT	ff	368:0:10:41:1675
2091715	PKT	0:243:231319:368:415283:0:0
2092714	TX_ANT	ff	341:0:11:38:4320
2092714	PKT	0:228:211820:341:378228:0:0
2093714	TX_ANT	ff	383:0:10:39:1519
2093714	PKT	0:254:247778:383:437762:0:0
2094714	TX_ANT	ff	352:0:10:27:334
2094714	PKT	0:235:221621:352:393937:0:0
[VISION][STATUS] FPS=32 | mavi=— kirmizi=— | tespit=BEKLİYOR | kuyruk=0
2095714	TX_ANT	ff	322:0:10:29:499
2095714	PKT	0:213:193397:322:353673:0:0
2096714	TX_ANT	ff	311:0:11:28:449
2096714	PKT	0:206:182807:311:337175:0:0
2097714	TX_ANT	ff	311:0:10:22:151
2097714	PKT	0:206:185239:311:339607:0:0
2098714	TX_ANT	ff	308:0:10:28:997
2098714	PKT	0:207:181632:308:330316:0:0
2099714	TX_ANT	ff	311:0:10:21:180
2099714	PKT	0:206:180822:311:335190:0:0
[VISION][STATUS] FPS=32 | mavi=— kirmizi=— | tespit=BEKLİYOR | kuyruk=0
2100714	TX_ANT	ff	311:0:10:34:1312
2100714	PKT	0:206:177241:311:331609:0:0
2101714	TX_ANT	ff	305:0:10:32:605
2101714	PKT	0:204:177849:305:326449:0:0
2102714	TX_ANT	ff	321:0:10:23:232
2102714	PKT	0:212:190381:321:350629:0:0
2103714	TX_ANT	ff	322:0:10:31:1278
2103714	PKT	0:213:194404:322:354680:0:0
2104714	TX_ANT	ff	313:0:10:24:1182
2104714	PKT	0:208:188880:313:343304:0:0
2105714	TX_ANT	ff	305:0:10:25:211
2105714	PKT	0:204:177724:305:326324:0:0
[VISION][STATUS] FPS=32 | mavi=— kirmizi=— | tespit=BEKLİYOR | kuyruk=0
2106714	TX_ANT	ff	310:0:10:33:2030
2106714	PKT	0:205:178405:310:332745:0:0
2107714	TX_ANT	ff	307:0:10:33:1362
2107714	PKT	0:206:179446:307:328102:0:0
2108714	TX_ANT	ff	310:0:10:21:197
2108714	PKT	0:205:178901:310:333241:0:0
2109714	TX_ANT	ff	309:0:10:29:1410
2109714	PKT	0:204:177942:309:332254:0:0
2110714	TX_ANT	ff	306:0:10:24:216
2110714	PKT	0:205:175952:306:324580:0:0
[VISION][STATUS] FPS=32 | mavi=— kirmizi=— | tespit=BEKLİYOR | kuyruk=0
2111714	TX_ANT	ff	309:0:10:28:414
2111714	PKT	0:204:175319:309:329631:0:0
2112716	TX_ANT	ff	305:0:10:26:304
2112716	PKT	0:204:175378:305:323978:0:0
2113714	TX_ANT	ff	309:0:10:21:158
2113714	PKT	0:204:176532:309:330844:0:0
2114714	TX_ANT	ff	306:0:10:23:617
2114714	PKT	0:205:176328:306:324956:0:0
2115714	TX_ANT	ff	310:0:10:21:201
2115714	PKT	0:205:178382:310:332722:0:0
[VISION][STATUS] FPS=32 | mavi=— kirmizi=— | tespit=BEKLİYOR | kuyruk=0
2116714	TX_ANT	ff	337:0:10:23:120
2116714	PKT	0:224:208944:337:375240:0:0
2117714	TX_ANT	ff	338:0:10:38:1265
2117714	PKT	0:225:209026:338:375350:0:0
2118714	TX_ANT	ff	322:0:10:26:1247
2118714	PKT	0:213:190428:322:350704:0:0
2119714	TX_ANT	ff	313:0:10:24:340
2119714	PKT	0:208:180592:313:335016:0:0
2120714	TX_ANT	ff	319:0:10:31:488
2120714	PKT	0:214:188120:319:342712:0:0
[VISION][STATUS] FPS=32 | mavi=— kirmizi=— | tespit=BEKLİYOR | kuyruk=0
2121714	TX_ANT	ff	372:0:11:41:482
2121714	PKT	0:247:235409:372:419485:0:0
2122714	TX_ANT	ff	359:0:10:28:1142
2122714	PKT	0:238:226611:359:404723:0:0
2123714	TX_ANT	ff	312:0:10:22:422
2123714	PKT	0:207:182831:312:337227:0:0
2124714	TX_ANT	ff	346:0:10:24:199
2124714	PKT	0:229:213499:346:385647:0:0
2125714	TX_ANT	ff	315:0:10:23:214
2125714	PKT	0:210:188042:315:342522:0:0
[VISION][STATUS] FPS=32 | mavi=— kirmizi=— | tespit=BEKLİYOR | kuyruk=0
2126714	TX_ANT	ff	329:0:10:22:185
2126714	PKT	0:220:202827:329:363299:0:0
2127714	TX_ANT	ff	333:0:10:23:506
2127714	PKT	0:220:202725:333:368909:0:0
2128714	TX_ANT	ff	311:0:10:24:192
2128714	PKT	0:206:181688:311:336056:0:0
2129714	TX_ANT	ff	330:0:10:24:974
2129714	PKT	0:221:199858:330:360358:0:0
2130714	TX_ANT	ff	312:0:10:31:810
2130714	PKT	0:207:182265:312:336661:0:0
[VISION][STATUS] FPS=32 | mavi=— kirmizi=— | tespit=BEKLİYOR | kuyruk=0
2131714	TX_ANT	ff	309:0:10:27:248
2131714	PKT	0:204:173652:309:327964:0:0
2132714	TX_ANT	ff	305:0:10:20:188
2132714	PKT	0:204:174803:305:323403:0:0
2133714	TX_ANT	ff	313:0:10:30:774
2133714	PKT	0:208:178544:313:332968:0:0
2134714	TX_ANT	ff	337:0:10:24:259
2134714	PKT	0:224:204554:337:370850:0:0
2135714	TX_ANT	ff	328:0:10:29:886
2135714	PKT	0:219:200832:328:361276:0:0
[VISION][STATUS] FPS=32 | mavi=— kirmizi=— | tespit=BEKLİYOR | kuyruk=0
2136714	TX_ANT	ff	311:0:10:32:559
2136714	PKT	0:206:177640:311:332008:0:0
2137714	TX_ANT	ff	309:0:10:31:1386
2137714	PKT	0:204:174676:309:328988:0:0
2138714	TX_ANT	ff	312:0:10:32:584
2138714	PKT	0:207:178578:312:332974:0:0
2139714	TX_ANT	ff	306:0:10:22:360
2139714	PKT	0:205:176305:306:324933:0:0
2140714	TX_ANT	ff	309:0:10:33:450
2140714	PKT	0:204:174226:309:328538:0:0
[VISION][STATUS] FPS=32 | mavi=— kirmizi=— | tespit=BEKLİYOR | kuyruk=0
2141714	TX_ANT	ff	304:0:10:24:312
2141714	PKT	0:203:173689:304:322261:0:0
2142714	TX_ANT	ff	334:0:10:22:228
2142714	PKT	0:221:202048:334:368260:0:0
2143714	TX_ANT	ff	314:0:10:30:648
2143714	PKT	0:209:186208:314:340660:0:0
2144714	TX_ANT	ff	313:0:10:24:226
2144714	PKT	0:208:182878:313:337302:0:0
2145714	TX_ANT	ff	306:0:9:26:249
2145714	PKT	0:205:183160:306:331788:0:0
[VISION][STATUS] FPS=32 | mavi=— kirmizi=— | tespit=BEKLİYOR | kuyruk=0
2146714	TX_ANT	ff	324:0:10:25:1346
2146714	PKT	0:215:198308:324:358640:0:0
2147714	TX_ANT	ff	368:0:10:19:140
2147714	PKT	0:243:232138:368:416102:0:0
2148714	TX_ANT	ff	313:0:10:22:231
2148714	PKT	0:208:186892:313:341316:0:0
2149714	TX_ANT	ff	304:0:10:21:300
2149714	PKT	0:203:174720:304:323292:0:0
2150714	TX_ANT	ff	304:0:10:23:256
2150714	PKT	0:203:179122:304:327694:0:0
[VISION][STATUS] FPS=32 | mavi=— kirmizi=— | tespit=BEKLİYOR | kuyruk=0
2151714	TX_ANT	ff	310:0:10:22:253
2151714	PKT	0:205:179374:310:333714:0:0
2152714	TX_ANT	ff	312:0:10:33:3447
2152714	PKT	0:207:179661:312:334057:0:0
2153714	TX_ANT	ff	310:0:10:24:273
2153714	PKT	0:205:176663:310:331003:0:0
2154714	TX_ANT	ff	306:0:10:26:677
2154714	PKT	0:205:175206:306:323834:0:0
2155714	TX_ANT	ff	312:0:10:24:184
2155714	PKT	0:207:178633:312:333029:0:0
[VISION][STATUS] FPS=32 | mavi=— kirmizi=— | tespit=BEKLİYOR | kuyruk=0
2156714	TX_ANT	ff	309:0:9:23:207
2156714	PKT	0:204:174346:309:328658:0:0
2157714	TX_ANT	ff	314:0:10:23:198
2157714	PKT	0:209:186218:314:340670:0:0
2158714	TX_ANT	ff	338:0:10:25:302
2158714	PKT	0:225:209300:338:375624:0:0
2159714	TX_ANT	ff	376:0:11:28:1209
2159714	PKT	0:251:241860:376:426048:0:0
2160714	TX_ANT	ff	348:0:10:24:260
2160714	PKT	0:231:215386:348:387590:0:0
[VISION][STATUS] FPS=32 | mavi=— kirmizi=— | tespit=BEKLİYOR | kuyruk=0
2161714	TX_ANT	ff	357:0:10:19:160
2161714	PKT	0:236:225791:357:403847:0:0
2162714	TX_ANT	ff	364:0:10:27:891
2162714	PKT	0:243:231245:364:409497:0:0
2163714	TX_ANT	ff	348:0:10:29:357
2163714	PKT	0:231:212682:348:384886:0:0
2164714	TX_ANT	ff	318:0:10:24:219
2164714	PKT	0:213:193991:318:348555:0:0
2165715	TX_ANT	ff	333:0:10:23:300
2165715	PKT	0:220:202860:333:369044:0:0
[VISION][STATUS] FPS=32 | mavi=— kirmizi=— | tespit=BEKLİYOR | kuyruk=0
2166714	TX_ANT	ff	316:0:10:35:3167
2166714	PKT	0:211:195872:316:350380:0:0
2167714	TX_ANT	ff	343:0:10:24:330
2167714	PKT	0:226:208049:343:380113:0:0
2168714	TX_ANT	ff	409:0:10:26:1512
2168714	PKT	0:272:275311:409:477223:0:0
2169714	TX_ANT	ff	342:0:10:26:319
2169714	PKT	0:229:214334:342:380770:0:0
2170714	TX_ANT	ff	322:0:10:21:234
2170714	PKT	0:213:193952:322:354228:0:0
[VISION][STATUS] FPS=32 | mavi=— kirmizi=— | tespit=BEKLİYOR | kuyruk=0
2171714	TX_ANT	ff	347:0:10:19:100
2171714	PKT	0:230:212793:347:384969:0:0
2172714	TX_ANT	ff	331:0:10:24:214
2172714	PKT	0:222:205065:331:365593:0:0
2173714	TX_ANT	ff	326:0:10:28:852
2173714	PKT	0:217:198685:326:359073:0:0
2174714	TX_ANT	ff	334:0:10:21:253
2174714	PKT	0:221:201703:334:367915:0:0
2175714	TX_ANT	ff	333:0:10:29:1346
2175714	PKT	0:220:203263:333:369447:0:0
[VISION][STATUS] FPS=32 | mavi=— kirmizi=— | tespit=BEKLİYOR | kuyruk=0
2176714	TX_ANT	ff	339:0:10:30:336
2176714	PKT	0:226:205384:339:371736:0:0
2177714	TX_ANT	ff	349:0:10:22:193
2177714	PKT	0:232:207387:349:379619:0:0
2178714	TX_ANT	ff	347:0:10:21:167
2178714	PKT	0:230:213446:347:385622:0:0
2179714	TX_ANT	ff	328:0:11:23:255
2179714	PKT	0:219:202483:328:362927:0:0
2180714	TX_ANT	ff	326:0:10:24:1303
2180714	PKT	0:217:200645:326:361033:0:0
[VISION][STATUS] FPS=32 | mavi=— kirmizi=— | tespit=BEKLİYOR | kuyruk=0
2181714	TX_ANT	ff	376:0:10:26:1047
2181714	PKT	0:251:243354:376:427542:0:0
2182715	TX_ANT	ff	380:0:10:21:909
2182715	PKT	0:251:245263:380:435163:0:0
2183714	TX_ANT	ff	338:0:10:24:192
2183714	PKT	0:225:207507:338:373831:0:0
2184714	TX_ANT	ff	314:0:10:23:143
2184714	PKT	0:209:191673:314:346125:0:0
2185714	TX_ANT	ff	309:0:10:25:199
2185714	PKT	0:204:180624:309:334936:0:0
[VISION][STATUS] FPS=32 | mavi=— kirmizi=— | tespit=BEKLİYOR | kuyruk=0
2186714	TX_ANT	ff	307:0:10:21:249
2186714	PKT	0:206:180485:307:329141:0:0
2187714	TX_ANT	ff	310:0:10:24:205
2187714	PKT	0:205:178606:310:332946:0:0
2188714	TX_ANT	ff	310:0:10:22:242
2188714	PKT	0:205:179488:310:333828:0:0
2189714	TX_ANT	ff	305:0:10:21:287
2189714	PKT	0:204:178370:305:326970:0:0
2190714	TX_ANT	ff	304:0:10:29:804
2190714	PKT	0:203:177813:304:326385:0:0
[VISION][STATUS] FPS=32 | mavi=— kirmizi=— | tespit=BEKLİYOR | kuyruk=0
2191714	TX_ANT	ff	310:0:10:22:330
2191714	PKT	0:205:181841:310:336181:0:0
2192714	TX_ANT	ff	311:0:10:21:194
2192714	PKT	0:206:180513:311:334881:0:0
2193714	TX_ANT	ff	306:0:10:21:127
2193714	PKT	0:205:179186:306:327814:0:0
2194714	TX_ANT	ff	309:0:10:37:488
2194714	PKT	0:204:176899:309:331211:0:0
2195714	TX_ANT	ff	305:0:10:22:263
2195714	PKT	0:204:177790:305:326390:0:0
[VISION][STATUS] FPS=32 | mavi=— kirmizi=— | tespit=BEKLİYOR | kuyruk=0
2196714	TX_ANT	ff	310:0:10:24:279
2196714	PKT	0:205:178389:310:332729:0:0
2197714	TX_ANT	ff	309:0:10:22:182
2197714	PKT	0:204:176616:309:330928:0:0
2198714	TX_ANT	ff	307:0:10:26:523
2198714	PKT	0:206:176070:307:324726:0:0
2199714	TX_ANT	ff	310:0:10:39:1574
2199714	PKT	0:205:176018:310:330358:0:0
2200716	TX_ANT	ff	310:0:10:21:192
2200716	PKT	0:205:178535:310:332875:0:0
[VISION][STATUS] FPS=32 | mavi=— kirmizi=— | tespit=BEKLİYOR | kuyruk=0
2201714	TX_ANT	ff	307:0:10:24:565
2201714	PKT	0:206:180569:307:329225:0:0
2202714	TX_ANT	ff	309:0:10:24:285
2202714	PKT	0:204:177404:309:331716:0:0
2203714	TX_ANT	ff	305:0:10:35:1067
2203714	PKT	0:204:177026:305:325626:0:0
2204714	TX_ANT	ff	311:0:10:21:247
2204714	PKT	0:206:177280:311:331648:0:0
2205714	TX_ANT	ff	311:0:10:44:826
2205714	PKT	0:206:178560:311:332928:0:0
[VISION][STATUS] FPS=32 | mavi=— kirmizi=— | tespit=BEKLİYOR | kuyruk=0
2206714	TX_ANT	ff	304:0:10:26:1182
2206714	PKT	0:203:177645:304:326217:0:0
2207714	TX_ANT	ff	309:0:10:25:155
2207714	PKT	0:204:178442:309:332754:0:0
2208714	TX_ANT	ff	306:0:10:23:629
2208714	PKT	0:205:178380:306:327008:0:0
2209714	TX_ANT	ff	310:0:10:22:209
2209714	PKT	0:205:177391:310:331731:0:0
2210714	TX_ANT	ff	310:0:10:23:225
2210714	PKT	0:205:176660:310:331000:0:0
[VISION][STATUS] FPS=32 | mavi=— kirmizi=— | tespit=BEKLİYOR | kuyruk=0
2211714	TX_ANT	ff	306:0:10:22:337
2211714	PKT	0:205:177302:306:325930:0:0
2212714	TX_ANT	ff	310:0:10:21:169
2212714	PKT	0:205:176023:310:330363:0:0
2213714	TX_ANT	ff	312:0:10:25:397
2213714	PKT	0:207:178325:312:332721:0:0
2214714	TX_ANT	ff	312:0:10:28:729
2214714	PKT	0:207:178419:312:332815:0:0
2215715	TX_ANT	ff	305:0:10:22:178
2215715	PKT	0:204:175515:305:324115:0:0
[VISION][STATUS] FPS=32 | mavi=— kirmizi=— | tespit=BEKLİYOR | kuyruk=0
2216714	TX_ANT	ff	312:0:10:30:583
2216714	PKT	0:207:182625:312:337021:0:0
2217714	TX_ANT	ff	372:0:10:28:327
2217714	PKT	0:247:235530:372:419606:0:0
2218714	TX_ANT	ff	376:0:10:46:703
2218714	PKT	0:251:244902:376:429090:0:0
2219714	TX_ANT	ff	372:0:10:36:1351
2219714	PKT	0:247:233806:372:417882:0:0
2220714	TX_ANT	ff	361:0:10:33:1066
2220714	PKT	0:240:230565:361:408733:0:0
[VISION][STATUS] FPS=32 | mavi=— kirmizi=— | tespit=BEKLİYOR | kuyruk=0
2221714	TX_ANT	ff	349:0:10:24:366
2221714	PKT	0:232:217109:349:389341:0:0
2222714	TX_ANT	ff	328:0:10:25:312
2222714	PKT	0:219:200984:328:361428:0:0
2223714	TX_ANT	ff	312:0:10:21:184
2223714	PKT	0:207:187621:312:342017:0:0
2224714	TX_ANT	ff	336:0:10:34:916
2224714	PKT	0:223:206279:336:372547:0:0
2225714	TX_ANT	ff	325:0:10:32:2294
2225714	PKT	0:216:198408:325:358768:0:0
[VISION][STATUS] FPS=32 | mavi=— kirmizi=— | tespit=BEKLİYOR | kuyruk=0
2226714	TX_ANT	ff	312:0:10:21:145
2226714	PKT	0:207:186184:312:340580:0:0
2227714	TX_ANT	ff	334:0:10:30:746
2227714	PKT	0:221:203309:334:369521:0:0
2228714	TX_ANT	ff	338:0:10:33:1328
2228714	PKT	0:225:205049:338:371373:0:0
2229715	TX_ANT	ff	317:0:10:26:302
2229715	PKT	0:212:193527:317:348063:0:0
2230714	TX_ANT	ff	320:0:10:24:261
2230714	PKT	0:211:190892:320:351112:0:0
[VISION][STATUS] FPS=32 | mavi=— kirmizi=— | tespit=BEKLİYOR | kuyruk=0
2231714	TX_ANT	ff	316:0:10:26:260
2231714	PKT	0:211:188691:316:343199:0:0
2232714	TX_ANT	ff	322:0:11:32:215
2232714	PKT	0:213:190999:322:351275:0:0
2233714	TX_ANT	ff	312:0:10:27:1320
2233714	PKT	0:207:188849:312:343245:0:0
2234714	TX_ANT	ff	308:0:10:24:337
2234714	PKT	0:207:182037:308:330721:0:0
2235714	TX_ANT	ff	309:0:10:24:178
2235714	PKT	0:204:175181:309:329493:0:0
[VISION][STATUS] FPS=32 | mavi=— kirmizi=— | tespit=BEKLİYOR | kuyruk=0
2236714	TX_ANT	ff	316:0:10:25:272
2236714	PKT	0:211:189055:316:343563:0:0
2237714	TX_ANT	ff	346:0:10:35:2770
2237714	PKT	0:229:214165:346:386313:0:0
2238714	TX_ANT	ff	315:0:10:26:370
2238714	PKT	0:210:193142:315:347622:0:0
2239714	TX_ANT	ff	323:0:10:21:173
2239714	PKT	0:214:195402:323:355706:0:0
2240714	TX_ANT	ff	339:0:10:21:199
2240714	PKT	0:226:207371:339:373723:0:0
[VISION][STATUS] FPS=32 | mavi=— kirmizi=— | tespit=BEKLİYOR | kuyruk=0
2241715	TX_ANT	ff	320:0:10:24:157
2241715	PKT	0:211:194017:320:354237:0:0
2242714	TX_ANT	ff	316:0:10:23:336
2242714	PKT	0:211:192571:316:347079:0:0
2243714	TX_ANT	ff	314:0:10:29:2071
2243714	PKT	0:209:190962:314:345414:0:0
2244715	TX_ANT	ff	314:0:10:30:1264
2244715	PKT	0:209:193980:314:348432:0:0
2245714	TX_ANT	ff	325:0:10:26:505
2245714	PKT	0:216:197025:325:357385:0:0
[VISION][STATUS] FPS=32 | mavi=— kirmizi=— | tespit=BEKLİYOR | kuyruk=0
2246714	TX_ANT	ff	325:0:10:30:2595
2246714	PKT	0:216:197504:325:357864:0:0
2247714	TX_ANT	ff	321:0:10:34:1170
2247714	PKT	0:212:188232:321:348480:0:0
2248714	TX_ANT	ff	314:0:10:24:184
2248714	PKT	0:209:191039:314:345491:0:0
2249714	TX_ANT	ff	313:0:10:27:1824
2249714	PKT	0:208:187174:313:341598:0:0
2250714	TX_ANT	ff	326:0:10:22:297
2250714	PKT	0:217:200260:326:360648:0:0
[VISION][STATUS] FPS=32 | mavi=— kirmizi=— | tespit=BEKLİYOR | kuyruk=0
2251714	TX_ANT	ff	322:0:10:19:124
2251714	PKT	0:213:194955:322:355231:0:0
2252714	TX_ANT	ff	307:0:10:20:165
2252714	PKT	0:206:184943:307:333599:0:0
2253714	TX_ANT	ff	333:0:10:23:203
2253714	PKT	0:220:202209:333:368393:0:0
2254714	TX_ANT	ff	374:0:10:25:1083
2254714	PKT	0:249:241409:374:425541:0:0
2255714	TX_ANT	ff	376:0:10:28:1339
2255714	PKT	0:251:243864:376:428052:0:0
[VISION][STATUS] FPS=32 | mavi=— kirmizi=— | tespit=BEKLİYOR | kuyruk=0
2256714	TX_ANT	ff	337:0:10:25:206
2256714	PKT	0:224:204403:337:370699:0:0
2257714	TX_ANT	ff	324:0:10:24:195
2257714	PKT	0:215:197955:324:358287:0:0
2258714	TX_ANT	ff	314:0:10:21:222
2258714	PKT	0:209:184837:314:339289:0:0
2259714	TX_ANT	ff	309:0:10:22:260
2259714	PKT	0:204:177001:309:331313:0:0
2260714	TX_ANT	ff	305:0:10:25:390
2260714	PKT	0:204:176156:305:324756:0:0
[VISION][STATUS] FPS=32 | mavi=— kirmizi=— | tespit=BEKLİYOR | kuyruk=0
2261715	TX_ANT	ff	335:0:11:26:212
2261715	PKT	0:222:200947:335:367187:0:0
2262715	TX_ANT	ff	393:0:10:31:1284
2262715	PKT	0:260:253654:393:449518:0:0
2263714	TX_ANT	ff	362:0:10:34:441
2263714	PKT	0:241:228106:362:406302:0:0
2264714	TX_ANT	ff	328:0:10:31:469
2264714	PKT	0:219:205088:328:365532:0:0
2265714	TX_ANT	ff	315:0:10:23:287
2265714	PKT	0:210:193334:315:347814:0:0
[VISION][STATUS] FPS=32 | mavi=— kirmizi=— | tespit=BEKLİYOR | kuyruk=0
2266714	TX_ANT	ff	321:0:10:28:835
2266714	PKT	0:212:192540:321:352788:0:0
2267714	TX_ANT	ff	305:0:10:27:286
2267714	PKT	0:204:177075:305:325675:0:0
2268714	TX_ANT	ff	310:0:10:26:752
2268714	PKT	0:205:175348:310:329688:0:0
2269714	TX_ANT	ff	316:0:10:21:180
2269714	PKT	0:211:185771:316:340279:0:0
2270714	TX_ANT	ff	358:0:10:19:182
2270714	PKT	0:237:221356:358:399440:0:0
[VISION][STATUS] FPS=32 | mavi=— kirmizi=— | tespit=BEKLİYOR | kuyruk=0
2271714	TX_ANT	ff	311:0:10:25:622
2271714	PKT	0:206:179527:311:333895:0:0
2272714	TX_ANT	ff	305:0:10:20:204
2272714	PKT	0:204:177256:305:325856:0:0
2273715	TX_ANT	ff	345:0:10:22:163
2273715	PKT	0:228:213675:345:385795:0:0
2274714	TX_ANT	ff	317:0:10:42:3899
2274714	PKT	0:212:191600:317:346136:0:0
2275716	TX_ANT	ff	309:0:10:26:282
2275716	PKT	0:204:175991:309:330303:0:0
[VISION][STATUS] FPS=32 | mavi=— kirmizi=— | tespit=BEKLİYOR | kuyruk=0
2276714	TX_ANT	ff	317:0:10:21:243
2276714	PKT	0:212:192227:317:346763:0:0
2277714	TX_ANT	ff	326:0:10:24:204
2277714	PKT	0:217:197657:326:358045:0:0
2278714	TX_ANT	ff	314:0:10:34:1392
2278714	PKT	0:209:188043:314:342495:0:0
2279714	TX_ANT	ff	309:0:10:24:187
2279714	PKT	0:204:176618:309:330930:0:0
2280714	TX_ANT	ff	304:0:10:27:352
2280714	PKT	0:203:174978:304:323550:0:0
[VISION][STATUS] FPS=32 | mavi=— kirmizi=— | tespit=BEKLİYOR | kuyruk=0
2281714	TX_ANT	ff	311:0:10:23:201
2281714	PKT	0:206:180828:311:335196:0:0
2282715	TX_ANT	ff	316:0:10:26:319
2282715	PKT	0:211:187476:316:341984:0:0
2283714	TX_ANT	ff	312:0:10:27:314
2283714	PKT	0:207:179517:312:333913:0:0
2284714	TX_ANT	ff	311:0:10:34:1570
2284714	PKT	0:206:180480:311:334848:0:0
2285714	TX_ANT	ff	311:0:10:25:901
2285714	PKT	0:206:178801:311:333169:0:0
[VISION][STATUS] FPS=32 | mavi=— kirmizi=— | tespit=BEKLİYOR | kuyruk=0
2286714	TX_ANT	ff	306:0:10:26:273
2286714	PKT	0:205:177806:306:326434:0:0
2287715	TX_ANT	ff	309:0:10:24:309
2287715	PKT	0:204:176656:309:330968:0:0
2288714	TX_ANT	ff	310:0:10:32:686
2288714	PKT	0:205:175098:310:329438:0:0
2289714	TX_ANT	ff	306:0:10:39:387
2289714	PKT	0:205:175366:306:323994:0:0
2290714	TX_ANT	ff	310:0:10:21:184
2290714	PKT	0:205:176227:310:330567:0:0
[VISION][STATUS] FPS=32 | mavi=— kirmizi=— | tespit=BEKLİYOR | kuyruk=0
2291714	TX_ANT	ff	305:0:10:33:1505
2291714	PKT	0:204:173106:305:321706:0:0
2292714	TX_ANT	ff	310:0:10:23:199
2292714	PKT	0:205:173491:310:327831:0:0
2293714	TX_ANT	ff	305:0:10:25:480
2293714	PKT	0:204:172880:305:321480:0:0
2294714	TX_ANT	ff	309:0:10:21:183
2294714	PKT	0:204:173320:309:327632:0:0
2295714	TX_ANT	ff	310:0:10:27:962
2295714	PKT	0:205:174904:310:329244:0:0
[VISION][STATUS] FPS=32 | mavi=— kirmizi=— | tespit=BEKLİYOR | kuyruk=0
2296714	TX_ANT	ff	305:0:10:24:243
2296714	PKT	0:204:174522:305:323122:0:0
2297714	TX_ANT	ff	309:0:10:27:330
2297714	PKT	0:204:176952:309:331264:0:0
2298716	TX_ANT	ff	305:0:10:34:2379
2298716	PKT	0:204:174365:305:322965:0:0
2299714	TX_ANT	ff	312:0:10:24:386
2299714	PKT	0:207:179898:312:334294:0:0
2300714	TX_ANT	ff	305:0:10:21:315
2300714	PKT	0:204:184461:305:333061:0:0
[VISION][STATUS] FPS=32 | mavi=— kirmizi=— | tespit=BEKLİYOR | kuyruk=0
2301714	TX_ANT	ff	319:0:10:23:286
2301714	PKT	0:210:185071:319:345263:0:0
2302714	TX_ANT	ff	312:0:10:20:121
2302714	PKT	0:207:182109:312:336505:0:0
2303714	TX_ANT	ff	307:0:10:31:1464
2303714	PKT	0:206:178262:307:326918:0:0
2304714	TX_ANT	ff	310:0:10:22:170
2304714	PKT	0:205:179875:310:334215:0:0
2305714	TX_ANT	ff	310:0:10:21:141
2305714	PKT	0:205:182209:310:336549:0:0
[VISION][STATUS] FPS=32 | mavi=— kirmizi=— | tespit=BEKLİYOR | kuyruk=0
2306714	TX_ANT	ff	305:0:10:20:148
2306714	PKT	0:204:179635:305:328235:0:0
2307714	TX_ANT	ff	309:0:10:26:502
2307714	PKT	0:204:181068:309:335380:0:0
2308714	TX_ANT	ff	307:0:10:22:191
2308714	PKT	0:206:180011:307:328667:0:0
2309714	TX_ANT	ff	311:0:10:25:326
2309714	PKT	0:206:181343:311:335711:0:0
2310714	TX_ANT	ff	309:0:10:22:164
2310714	PKT	0:204:177178:309:331490:0:0
2311714	TX_ANT	ff	306:0:10:20:205
2311714	PKT	0:205:178996:306:327624:0:0
[VISION][STATUS] FPS=32 | mavi=— kirmizi=— | tespit=BEKLİYOR | kuyruk=0
2312714	TX_ANT	ff	313:0:10:25:256
2312714	PKT	0:208:185473:313:339897:0:0
2313715	TX_ANT	ff	311:0:10:20:221
2313715	PKT	0:206:181136:311:335504:0:0
2314714	TX_ANT	ff	313:0:10:29:2313
2314714	PKT	0:208:180619:313:335043:0:0
2315714	TX_ANT	ff	310:0:10:24:412
2315714	PKT	0:205:177970:310:332310:0:0
2316714	TX_ANT	ff	304:0:10:25:1281
2316714	PKT	0:203:176165:304:324737:0:0
[VISION][STATUS] FPS=32 | mavi=— kirmizi=— | tespit=BEKLİYOR | kuyruk=0
2317714	TX_ANT	ff	310:0:10:20:167
2317714	PKT	0:205:179371:310:333711:0:0
2318714	TX_ANT	ff	305:0:10:22:494
2318714	PKT	0:204:177240:305:325840:0:0
2319714	TX_ANT	ff	310:0:10:23:200
2319714	PKT	0:205:177395:310:331735:0:0
2320714	TX_ANT	ff	306:0:10:24:229
2320714	PKT	0:205:177300:306:325928:0:0
2321714	TX_ANT	ff	310:0:10:31:425
2321714	PKT	0:205:178212:310:332552:0:0
[VISION][STATUS] FPS=32 | mavi=— kirmizi=— | tespit=BEKLİYOR | kuyruk=0
2322714	TX_ANT	ff	310:0:10:29:379
2322714	PKT	0:205:179614:310:333954:0:0
2323714	TX_ANT	ff	306:0:10:23:652
2323714	PKT	0:205:180225:306:328853:0:0
2324714	TX_ANT	ff	311:0:10:25:191
2324714	PKT	0:206:179803:311:334171:0:0
2325714	TX_ANT	ff	305:0:10:23:208
2325714	PKT	0:204:176238:305:324838:0:0
2326714	TX_ANT	ff	309:0:10:22:184
2326714	PKT	0:204:176183:309:330495:0:0
[VISION][STATUS] FPS=32 | mavi=— kirmizi=— | tespit=BEKLİYOR | kuyruk=0
2327714	TX_ANT	ff	311:0:10:25:307
2327714	PKT	0:206:178067:311:332435:0:0
2328714	TX_ANT	ff	305:0:10:22:181
2328714	PKT	0:204:176449:305:325049:0:0
2329714	TX_ANT	ff	311:0:10:22:179
2329714	PKT	0:206:178769:311:333137:0:0
2330714	TX_ANT	ff	312:0:10:23:269
2330714	PKT	0:207:185516:312:339912:0:0
2331714	TX_ANT	ff	312:0:10:26:955
2331714	PKT	0:207:181658:312:336054:0:0
[VISION][STATUS] FPS=32 | mavi=— kirmizi=— | tespit=BEKLİYOR | kuyruk=0
2332714	TX_ANT	ff	307:0:10:30:518
2332714	PKT	0:206:181021:307:329677:0:0
2333714	TX_ANT	ff	311:0:10:30:335
2333714	PKT	0:206:186384:311:340752:0:0
2334714	TX_ANT	ff	310:0:10:29:882
2334714	PKT	0:205:179335:310:333675:0:0
2335714	TX_ANT	ff	306:0:10:23:173
2335714	PKT	0:205:176419:306:325047:0:0
2336714	TX_ANT	ff	310:0:11:32:656
2336714	PKT	0:205:176441:310:330781:0:0
[VISION][STATUS] FPS=32 | mavi=— kirmizi=— | tespit=BEKLİYOR | kuyruk=0
2337714	TX_ANT	ff	309:0:10:24:193
2337714	PKT	0:204:178310:309:332622:0:0
2338715	TX_ANT	ff	305:0:10:24:109
2338715	PKT	0:204:176311:305:324911:0:0
2339715	TX_ANT	ff	309:0:10:34:2460
2339715	PKT	0:204:177278:309:331590:0:0
2340715	TX_ANT	ff	306:0:10:23:454
2340715	PKT	0:205:176510:306:325138:0:0
2341715	TX_ANT	ff	309:0:10:30:765
2341715	PKT	0:204:176452:309:330764:0:0
[VISION][STATUS] FPS=32 | mavi=— kirmizi=— | tespit=BEKLİYOR | kuyruk=0
2342714	TX_ANT	ff	312:0:10:22:264
2342714	PKT	0:207:182011:312:336407:0:0
2343714	TX_ANT	ff	308:0:10:24:249
2343714	PKT	0:207:182666:308:331350:0:0
2344714	TX_ANT	ff	310:0:10:21:195
2344714	PKT	0:205:178449:310:332789:0:0
2345714	TX_ANT	ff	309:0:10:20:178
2345714	PKT	0:204:176026:309:330338:0:0
2346714	TX_ANT	ff	305:0:10:22:296
2346714	PKT	0:204:175330:305:323930:0:0
[VISION][STATUS] FPS=32 | mavi=— kirmizi=— | tespit=BEKLİYOR | kuyruk=0
2347714	TX_ANT	ff	314:0:10:22:187
2347714	PKT	0:209:185790:314:340242:0:0
2348714	TX_ANT	ff	309:0:10:23:354
2348714	PKT	0:204:176797:309:331109:0:0
2349714	TX_ANT	ff	306:0:10:24:260
2349714	PKT	0:205:177787:306:326415:0:0
2350714	TX_ANT	ff	309:0:10:28:1571
2350714	PKT	0:204:173996:309:328308:0:0
2351714	TX_ANT	ff	305:0:10:22:344
2351714	PKT	0:204:175264:305:323864:0:0
[VISION][STATUS] FPS=32 | mavi=— kirmizi=— | tespit=BEKLİYOR | kuyruk=0
2352715	TX_ANT	ff	312:0:10:23:248
2352715	PKT	0:207:179068:312:333464:0:0
2353716	TX_ANT	ff	350:0:10:23:409
2353716	PKT	0:233:217732:350:389992:0:0
2354714	TX_ANT	ff	362:0:10:24:848
2354714	PKT	0:241:229865:362:408061:0:0
2355714	TX_ANT	ff	345:0:11:32:2400
2355714	PKT	0:229:212086:345:384146:0:0
2356714	TX_ANT	ff	333:0:10:34:2619
2356714	PKT	0:220:202537:333:368721:0:0
[VISION][STATUS] FPS=32 | mavi=— kirmizi=— | tespit=BEKLİYOR | kuyruk=0
2357714	TX_ANT	ff	316:0:10:21:405
2357714	PKT	0:211:189729:316:344237:0:0
2358714	TX_ANT	ff	311:0:10:25:494
2358714	PKT	0:206:180814:311:335182:0:0
2359714	TX_ANT	ff	306:0:10:46:2240
2359714	PKT	0:205:180972:306:329600:0:0
2360714	TX_ANT	ff	309:0:10:44:2675
2360714	PKT	0:204:180285:309:334597:0:0
2361714	TX_ANT	ff	305:0:10:22:257
2361714	PKT	0:204:176507:305:325107:0:0
[VISION][STATUS] FPS=32 | mavi=— kirmizi=— | tespit=BEKLİYOR | kuyruk=0
2362714	TX_ANT	ff	309:0:10:27:1463
2362714	PKT	0:204:177207:309:331519:0:0
2363714	TX_ANT	ff	311:0:10:21:381
2363714	PKT	0:206:180666:311:335034:0:0
2364714	TX_ANT	ff	307:0:10:22:217
2364714	PKT	0:206:180178:307:328834:0:0
2365714	TX_ANT	ff	309:0:10:19:156
2365714	PKT	0:204:176555:309:330867:0:0
2366714	TX_ANT	ff	326:0:10:29:398
2366714	PKT	0:217:196889:326:357277:0:0
[VISION][STATUS] FPS=32 | mavi=— kirmizi=— | tespit=BEKLİYOR | kuyruk=0
2367714	TX_ANT	ff	314:0:10:40:1757
2367714	PKT	0:209:182762:314:337214:0:0
2368714	TX_ANT	ff	310:0:10:23:143
2368714	PKT	0:205:180708:310:335048:0:0
2369714	TX_ANT	ff	304:0:10:32:617
2369714	PKT	0:203:177684:304:326256:0:0
2370714	TX_ANT	ff	316:0:10:26:516
2370714	PKT	0:211:188656:316:343164:0:0
2371714	TX_ANT	ff	310:0:10:22:128
2371714	PKT	0:205:180757:310:335097:0:0
[VISION][STATUS] FPS=32 | mavi=— kirmizi=— | tespit=BEKLİYOR | kuyruk=0
2372714	TX_ANT	ff	309:0:10:21:167
2372714	PKT	0:204:175766:309:330078:0:0
2373714	TX_ANT	ff	306:0:10:29:557
2373714	PKT	0:205:180188:306:328816:0:0
2374714	TX_ANT	ff	311:0:10:25:944
2374714	PKT	0:206:180323:311:334691:0:0
2375714	TX_ANT	ff	311:0:10:24:261
2375714	PKT	0:206:179778:311:334146:0:0
2376714	TX_ANT	ff	305:0:10:23:384
2376714	PKT	0:204:175010:305:323610:0:0
[VISION][STATUS] FPS=32 | mavi=— kirmizi=— | tespit=BEKLİYOR | kuyruk=0
2377714	TX_ANT	ff	309:0:10:22:188
2377714	PKT	0:204:170915:309:325227:0:0
2378714	TX_ANT	ff	305:0:10:21:173
2378714	PKT	0:204:173345:305:321945:0:0
2379714	TX_ANT	ff	310:0:10:24:819
2379714	PKT	0:205:173789:310:328129:0:0
2380714	TX_ANT	ff	312:0:10:45:5405
2380714	PKT	0:207:177169:312:331565:0:0
2381714	TX_ANT	ff	305:0:10:27:275
2381714	PKT	0:204:175066:305:323666:0:0
[VISION][STATUS] FPS=32 | mavi=— kirmizi=— | tespit=BEKLİYOR | kuyruk=0
2382714	TX_ANT	ff	310:0:11:46:1855
2382714	PKT	0:205:173988:310:328328:0:0
2383714	TX_ANT	ff	306:0:10:25:302
2383714	PKT	0:205:175411:306:324039:0:0
2384715	TX_ANT	ff	309:0:10:22:176
2384715	PKT	0:204:173961:309:328273:0:0
2385714	TX_ANT	ff	303:0:10:27:446
2385714	PKT	0:202:174760:303:323304:0:0
2386714	TX_ANT	ff	310:0:10:41:1752
2386714	PKT	0:205:174514:310:328854:0:0
[VISION][STATUS] FPS=32 | mavi=— kirmizi=— | tespit=BEKLİYOR | kuyruk=0
2387714	TX_ANT	ff	305:0:10:23:190
2387714	PKT	0:204:174775:305:323375:0:0
2388714	TX_ANT	ff	310:0:10:26:743
2388714	PKT	0:205:174887:310:329227:0:0
2389714	TX_ANT	ff	305:0:10:28:438
2389714	PKT	0:204:173137:305:321737:0:0
2390714	TX_ANT	ff	312:0:10:29:293
2390714	PKT	0:207:179972:312:334368:0:0
2391715	TX_ANT	ff	324:0:10:23:208
2391715	PKT	0:215:195649:324:355981:0:0
[VISION][STATUS] FPS=32 | mavi=— kirmizi=— | tespit=BEKLİYOR | kuyruk=0
2392714	TX_ANT	ff	338:0:10:34:463
2392714	PKT	0:225:208327:338:374651:0:0
2393714	TX_ANT	ff	345:0:10:40:910
2393714	PKT	0:228:214482:345:386602:0:0
2394714	TX_ANT	ff	360:0:10:25:420
2394714	PKT	0:239:226055:360:404195:0:0
2395714	TX_ANT	ff	378:0:10:25:214
2395714	PKT	0:253:247886:378:432130:0:0
2396714	TX_ANT	ff	349:0:10:29:319
2396714	PKT	0:232:216145:349:388377:0:0
[VISION][STATUS] FPS=32 | mavi=— kirmizi=— | tespit=BEKLİYOR | kuyruk=0
2397714	TX_ANT	ff	334:0:10:39:3378
2397714	PKT	0:221:200679:334:366891:0:0
2398714	TX_ANT	ff	322:0:10:31:495
2398714	PKT	0:213:192242:322:352518:0:0
2399714	TX_ANT	ff	316:0:10:22:174
2399714	PKT	0:211:187314:316:341822:0:0
2400714	TX_ANT	ff	317:0:10:41:1738
2400714	PKT	0:212:190860:317:345396:0:0
2401714	TX_ANT	ff	311:0:10:25:637
2401714	PKT	0:206:182300:311:336668:0:0
[VISION][STATUS] FPS=32 | mavi=— kirmizi=— | tespit=BEKLİYOR | kuyruk=0
2402714	TX_ANT	ff	324:0:10:22:227
2402714	PKT	0:215:195117:324:355449:0:0
2403714	TX_ANT	ff	313:0:10:22:329
2403714	PKT	0:208:184154:313:338578:0:0
2404714	TX_ANT	ff	309:0:10:21:208
2404714	PKT	0:204:180925:309:335237:0:0
2405714	TX_ANT	ff	316:0:10:28:265
2405714	PKT	0:211:189426:316:343934:0:0
2406714	TX_ANT	ff	351:0:10:24:242
2406714	PKT	0:234:223240:351:395528:0:0
[VISION][STATUS] FPS=32 | mavi=— kirmizi=— | tespit=BEKLİYOR | kuyruk=0
2407714	TX_ANT	ff	372:0:10:25:339
2407714	PKT	0:247:237974:372:422050:0:0
2408714	TX_ANT	ff	311:0:10:20:167
2408714	PKT	0:206:179235:311:333603:0:0
2409714	TX_ANT	ff	305:0:10:22:145
2409714	PKT	0:204:176324:305:324924:0:0
2410714	TX_ANT	ff	308:0:10:21:119
2410714	PKT	0:203:176311:308:330595:0:0
2411716	TX_ANT	ff	312:0:10:22:286
2411716	PKT	0:207:183348:312:337744:0:0
[VISION][STATUS] FPS=32 | mavi=— kirmizi=— | tespit=BEKLİYOR | kuyruk=0
2412714	TX_ANT	ff	317:0:10:27:754
2412714	PKT	0:212:187292:317:341828:0:0
2413714	TX_ANT	ff	322:0:11:32:1587
2413714	PKT	0:213:192187:322:352463:0:0
2414714	TX_ANT	ff	326:0:10:24:514
2414714	PKT	0:217:198611:326:358999:0:0
2415714	TX_ANT	ff	347:0:10:34:824
2415714	PKT	0:230:212362:347:384538:0:0
2416714	TX_ANT	ff	314:0:10:31:801
2416714	PKT	0:209:186793:314:341245:0:0
[VISION][STATUS] FPS=32 | mavi=— kirmizi=— | tespit=BEKLİYOR | kuyruk=0
2417714	TX_ANT	ff	324:0:10:19:183
2417714	PKT	0:215:195518:324:355850:0:0
2418714	TX_ANT	ff	315:0:10:25:939
2418714	PKT	0:210:186996:315:341476:0:0
2419714	TX_ANT	ff	323:0:10:27:338
2419714	PKT	0:214:191940:323:352244:0:0
2420714	TX_ANT	ff	331:0:10:28:1798
2420714	PKT	0:222:203540:331:364068:0:0
2421714	TX_ANT	ff	323:0:10:21:198
2421714	PKT	0:214:189411:323:349715:0:0
[VISION][STATUS] FPS=32 | mavi=— kirmizi=— | tespit=BEKLİYOR | kuyruk=0
2422714	TX_ANT	ff	313:0:10:22:1060
2422714	PKT	0:208:183785:313:338209:0:0
2423714	TX_ANT	ff	333:0:10:22:321
2423714	PKT	0:220:201451:333:367635:0:0
2424714	TX_ANT	ff	379:0:10:19:182
2424714	PKT	0:254:248710:379:432982:0:0
2425714	TX_ANT	ff	356:0:11:30:578
2425714	PKT	0:235:221289:356:399317:0:0
2426714	TX_ANT	ff	326:0:10:22:131
2426714	PKT	0:217:196521:326:356909:0:0
[VISION][STATUS] FPS=32 | mavi=— kirmizi=— | tespit=BEKLİYOR | kuyruk=0
2427714	TX_ANT	ff	315:0:10:25:433
2427714	PKT	0:210:184050:315:338530:0:0
2428714	TX_ANT	ff	312:0:10:24:207
2428714	PKT	0:207:177653:312:332049:0:0
2429714	TX_ANT	ff	305:0:10:22:191
2429714	PKT	0:204:172574:305:321174:0:0
2430714	TX_ANT	ff	309:0:10:21:256
2430714	PKT	0:204:171481:309:325793:0:0
2431714	TX_ANT	ff	305:0:10:38:1075
2431714	PKT	0:204:168400:305:317000:0:0
[VISION][STATUS] FPS=32 | mavi=— kirmizi=— | tespit=BEKLİYOR | kuyruk=0
2432714	TX_ANT	ff	309:0:10:26:381
2432714	PKT	0:204:169552:309:323864:0:0
2433714	TX_ANT	ff	305:0:10:31:789
2433714	PKT	0:204:169980:305:318580:0:0
2434714	TX_ANT	ff	309:0:10:24:179
2434714	PKT	0:204:170916:309:325228:0:0
2435715	TX_ANT	ff	305:0:10:36:599
2435715	PKT	0:204:170381:305:318981:0:0
2436714	TX_ANT	ff	309:0:10:42:686
2436714	PKT	0:204:169951:309:324263:0:0
[VISION][STATUS] FPS=32 | mavi=— kirmizi=— | tespit=BEKLİYOR | kuyruk=0
2437714	TX_ANT	ff	305:0:10:40:1926
2437714	PKT	0:204:168540:305:317140:0:0
2438714	TX_ANT	ff	309:0:10:20:182
2438714	PKT	0:204:168140:309:322452:0:0
2439714	TX_ANT	ff	305:0:11:26:816
2439714	PKT	0:204:170844:305:319444:0:0
2440714	TX_ANT	ff	309:0:10:35:851
2440714	PKT	0:204:169926:309:324238:0:0
2441714	TX_ANT	ff	305:0:10:41:898
2441714	PKT	0:204:171556:305:320156:0:0
[VISION][STATUS] FPS=32 | mavi=— kirmizi=— | tespit=BEKLİYOR | kuyruk=0
2442714	TX_ANT	ff	306:0:10:21:186
2442714	PKT	0:201:168815:306:323043:0:0
2443714	TX_ANT	ff	305:0:10:26:765
2443714	PKT	0:204:171199:305:319799:0:0
2444714	TX_ANT	ff	309:0:10:30:1515
2444714	PKT	0:204:171118:309:325430:0:0
2445714	TX_ANT	ff	307:0:10:44:1922
2445714	PKT	0:206:173712:307:322368:0:0
2446714	TX_ANT	ff	310:0:10:24:182
2446714	PKT	0:205:173940:310:328280:0:0
[VISION][STATUS] FPS=32 | mavi=— kirmizi=— | tespit=BEKLİYOR | kuyruk=0
2447714	TX_ANT	ff	350:0:10:23:1141
2447714	PKT	0:233:219950:350:392210:0:0
2448714	TX_ANT	ff	328:0:10:25:300
2448714	PKT	0:219:199670:328:360114:0:0
2449714	TX_ANT	ff	307:0:10:27:354
2449714	PKT	0:202:170211:307:324467:0:0
2450714	TX_ANT	ff	305:0:10:27:290
2450714	PKT	0:204:173240:305:321840:0:0
2451714	TX_ANT	ff	309:0:10:27:747
2451714	PKT	0:204:172573:309:326885:0:0
[VISION][STATUS] FPS=32 | mavi=— kirmizi=— | tespit=BEKLİYOR | kuyruk=0
2452714	TX_ANT	ff	306:0:10:27:341
2452714	PKT	0:205:173706:306:322334:0:0
2453714	TX_ANT	ff	320:0:10:33:755
2453714	PKT	0:211:184632:320:344852:0:0
2454714	TX_ANT	ff	326:0:10:28:787
2454714	PKT	0:217:198076:326:358464:0:0
2455714	TX_ANT	ff	335:0:10:22:344
2455714	PKT	0:222:204686:335:370926:0:0
2456714	TX_ANT	ff	329:0:10:20:182
2456714	PKT	0:220:199173:329:359645:0:0
[VISION][STATUS] FPS=32 | mavi=— kirmizi=— | tespit=BEKLİYOR | kuyruk=0
2457714	TX_ANT	ff	309:0:10:30:1135
2457714	PKT	0:204:172214:309:326526:0:0
2458714	TX_ANT	ff	302:0:10:26:1119
2458714	PKT	0:201:170226:302:318742:0:0
2459714	TX_ANT	ff	326:0:10:22:200
2459714	PKT	0:217:194165:326:354553:0:0
2460714	TX_ANT	ff	335:0:10:24:220
2460714	PKT	0:222:203401:335:369641:0:0
2461714	TX_ANT	ff	340:0:10:25:1046
2461714	PKT	0:227:210367:340:376747:0:0
[VISION][STATUS] FPS=32 | mavi=— kirmizi=— | tespit=BEKLİYOR | kuyruk=0
2462714	TX_ANT	ff	304:0:10:31:652
2462714	PKT	0:203:174237:304:322809:0:0
2463715	TX_ANT	ff	309:0:10:27:299
2463715	PKT	0:204:169222:309:323534:0:0
2464714	TX_ANT	ff	313:0:10:24:286
2464714	PKT	0:208:182055:313:336479:0:0
2465714	TX_ANT	ff	314:0:10:24:207
2465714	PKT	0:209:182913:314:337365:0:0
2466714	TX_ANT	ff	304:0:10:20:179
2466714	PKT	0:203:177018:304:325590:0:0
[VISION][STATUS] FPS=32 | mavi=— kirmizi=— | tespit=BEKLİYOR | kuyruk=0
2467714	TX_ANT	ff	310:0:10:21:148
2467714	PKT	0:205:177904:310:332244:0:0
2468714	TX_ANT	ff	336:0:10:31:1078
2468714	PKT	0:223:204381:336:370649:0:0
2469714	TX_ANT	ff	324:0:10:32:681
2469714	PKT	0:215:193233:324:353565:0:0
2470714	TX_ANT	ff	314:0:10:28:527
2470714	PKT	0:209:181550:314:336002:0:0
2471714	TX_ANT	ff	314:0:10:23:202
2471714	PKT	0:209:188130:314:342582:0:0
[VISION][STATUS] FPS=32 | mavi=— kirmizi=— | tespit=BEKLİYOR | kuyruk=0
2472714	TX_ANT	ff	337:0:10:22:185
2472714	PKT	0:224:206866:337:373162:0:0
2473714	TX_ANT	ff	335:0:10:23:902
2473714	PKT	0:222:202747:335:368987:0:0
2474714	TX_ANT	ff	316:0:10:27:960
2474714	PKT	0:211:190796:316:345304:0:0
2475714	TX_ANT	ff	314:0:10:24:317
2475714	PKT	0:209:189535:314:343987:0:0
2476714	TX_ANT	ff	312:0:10:33:1452
2476714	PKT	0:207:182674:312:337070:0:0
[VISION][STATUS] FPS=32 | mavi=— kirmizi=— | tespit=BEKLİYOR | kuyruk=0
2477714	TX_ANT	ff	312:0:10:28:197
2477714	PKT	0:207:182631:312:337027:0:0
2478715	TX_ANT	ff	314:0:10:23:344
2478715	PKT	0:209:183860:314:338312:0:0
2479714	TX_ANT	ff	326:0:10:20:137
2479714	PKT	0:217:199506:326:359894:0:0
2480714	TX_ANT	ff	321:0:9:20:211
2480714	PKT	0:212:190035:321:350283:0:0
2481714	TX_ANT	ff	307:0:10:22:217
2481714	PKT	0:206:174118:307:322774:0:0
[VISION][STATUS] FPS=33 | mavi=— kirmizi=— | tespit=BEKLİYOR | kuyruk=0
2482715	TX_ANT	ff	307:0:10:20:192
2482715	PKT	0:202:167076:307:321332:0:0
2483714	TX_ANT	ff	305:0:10:26:220
2483714	PKT	0:204:168477:305:317077:0:0
2484716	TX_ANT	ff	309:0:10:27:233
2484716	PKT	0:204:170968:309:325280:0:0
2485714	TX_ANT	ff	305:0:10:23:663
2485714	PKT	0:204:171076:305:319676:0:0
2486714	TX_ANT	ff	310:0:10:21:181
2486714	PKT	0:205:174001:310:328341:0:0
[VISION][STATUS] FPS=33 | mavi=— kirmizi=— | tespit=BEKLİYOR | kuyruk=0
2487714	TX_ANT	ff	312:0:10:22:247
2487714	PKT	0:207:173414:312:327810:0:0
2488714	TX_ANT	ff	306:0:10:20:191
2488714	PKT	0:205:172235:306:320863:0:0
2489714	TX_ANT	ff	309:0:10:29:774
2489714	PKT	0:204:172603:309:326915:0:0
2490714	TX_ANT	ff	305:0:10:27:210
2490714	PKT	0:204:168490:305:317090:0:0
2491714	TX_ANT	ff	309:0:10:24:328
2491714	PKT	0:204:170487:309:324799:0:0
[VISION][STATUS] FPS=32 | mavi=— kirmizi=— | tespit=BEKLİYOR | kuyruk=0
2492714	TX_ANT	ff	305:0:10:21:185
2492714	PKT	0:204:171776:305:320376:0:0
2493714	TX_ANT	ff	311:0:10:22:176
2493714	PKT	0:206:173294:311:327662:0:0
2494714	TX_ANT	ff	315:0:10:33:2432
2494714	PKT	0:210:183696:315:338176:0:0
2495714	TX_ANT	ff	309:0:10:22:171
2495714	PKT	0:204:171209:309:325521:0:0
2496714	TX_ANT	ff	305:0:10:21:100
2496714	PKT	0:204:169184:305:317784:0:0
[VISION][STATUS] FPS=33 | mavi=— kirmizi=— | tespit=BEKLİYOR | kuyruk=0
2497714	TX_ANT	ff	310:0:10:24:251
2497714	PKT	0:205:171308:310:325648:0:0
2498714	TX_ANT	ff	305:0:10:20:215
2498714	PKT	0:204:169367:305:317967:0:0
2499714	TX_ANT	ff	309:0:10:21:186
2499714	PKT	0:204:169073:309:323385:0:0
2500714	TX_ANT	ff	312:0:10:22:196
2500714	PKT	0:207:176408:312:330804:0:0
2501714	TX_ANT	ff	306:0:10:22:168
2501714	PKT	0:205:169102:306:317730:0:0
[VISION][STATUS] FPS=32 | mavi=— kirmizi=— | tespit=BEKLİYOR | kuyruk=0
2502714	TX_ANT	ff	309:0:10:24:476
2502714	PKT	0:204:168846:309:323158:0:0
2503714	TX_ANT	ff	305:0:10:29:2148
2503714	PKT	0:204:167966:305:316566:0:0
2504714	TX_ANT	ff	309:0:10:26:193
2504714	PKT	0:204:169926:309:324238:0:0
2505714	TX_ANT	ff	310:0:10:22:181
2505714	PKT	0:205:171527:310:325867:0:0
2506714	TX_ANT	ff	308:0:10:25:1100
2506714	PKT	0:207:173732:308:322416:0:0
[VISION][STATUS] FPS=32 | mavi=— kirmizi=— | tespit=BEKLİYOR | kuyruk=0
2507715	TX_ANT	ff	307:0:10:30:1151
2507715	PKT	0:202:168118:307:322374:0:0
2508716	TX_ANT	ff	305:0:10:37:1516
2508716	PKT	0:204:171319:305:319919:0:0
2509715	TX_ANT	ff	314:0:10:25:197
2509715	PKT	0:209:179699:314:334151:0:0
2510714	TX_ANT	ff	314:0:10:27:305
2510714	PKT	0:209:186189:314:340641:0:0
2511714	TX_ANT	ff	313:0:10:30:1676
2511714	PKT	0:208:177963:313:332387:0:0
[VISION][STATUS] FPS=32 | mavi=— kirmizi=— | tespit=BEKLİYOR | kuyruk=0
2512714	TX_ANT	ff	310:0:10:31:928
2512714	PKT	0:205:176210:310:330550:0:0
2513714	TX_ANT	ff	313:0:10:30:896
2513714	PKT	0:208:181537:313:335961:0:0
2514715	TX_ANT	ff	321:0:10:23:206
2514715	PKT	0:212:189070:321:349318:0:0
2515714	TX_ANT	ff	306:0:10:21:180
2515714	PKT	0:205:178815:306:327443:0:0
2516714	TX_ANT	ff	310:0:10:28:875
2516714	PKT	0:205:173144:310:327484:0:0
[VISION][STATUS] FPS=32 | mavi=— kirmizi=— | tespit=BEKLİYOR | kuyruk=0
2517714	TX_ANT	ff	314:0:10:25:710
2517714	PKT	0:209:184201:314:338653:0:0
2518714	TX_ANT	ff	325:0:10:27:692
2518714	PKT	0:216:195944:325:356304:0:0
2519714	TX_ANT	ff	352:0:10:25:403
2519714	PKT	0:235:225228:352:397544:0:0
2520714	TX_ANT	ff	356:0:10:33:1041
2520714	PKT	0:235:225064:356:403092:0:0
2521714	TX_ANT	ff	336:0:10:35:1558
2521714	PKT	0:223:206688:336:372956:0:0
2522714	TX_ANT	ff	325:0:10:31:2540
2522714	PKT	0:216:197894:325:358254:0:0
[VISION][STATUS] FPS=32 | mavi=— kirmizi=— | tespit=BEKLİYOR | kuyruk=0
2523714	TX_ANT	ff	350:0:10:26:834
2523714	PKT	0:233:222250:350:394510:0:0
2524714	TX_ANT	ff	315:0:10:20:216
2524714	PKT	0:210:188224:315:342704:0:0
2525714	TX_ANT	ff	312:0:10:24:304
2525714	PKT	0:207:179628:312:334024:0:0
2526714	TX_ANT	ff	305:0:10:24:179
2526714	PKT	0:204:175902:305:324502:0:0
2527714	TX_ANT	ff	310:0:10:22:408
2527714	PKT	0:205:175709:310:330049:0:0
[VISION][STATUS] FPS=32 | mavi=— kirmizi=— | tespit=BEKLİYOR | kuyruk=0
2528714	TX_ANT	ff	310:0:10:21:193
2528714	PKT	0:205:178502:310:332842:0:0
2529714	TX_ANT	ff	316:0:10:20:201
2529714	PKT	0:211:191183:316:345691:0:0
2530714	TX_ANT	ff	322:0:10:26:319
2530714	PKT	0:213:192364:322:352640:0:0
2531714	TX_ANT	ff	315:0:9:30:1230
2531714	PKT	0:210:186155:315:340635:0:0
2532714	TX_ANT	ff	324:0:10:19:104
2532714	PKT	0:215:196081:324:356413:0:0
[VISION][STATUS] FPS=32 | mavi=— kirmizi=— | tespit=BEKLİYOR | kuyruk=0
2533714	TX_ANT	ff	306:0:10:23:259
2533714	PKT	0:205:181380:306:330008:0:0
2534714	TX_ANT	ff	314:0:10:21:303
2534714	PKT	0:209:181637:314:336089:0:0
2535715	TX_ANT	ff	321:0:10:28:368
2535715	PKT	0:212:184338:321:344586:0:0
2536715	TX_ANT	ff	310:0:10:23:182
2536715	PKT	0:205:172004:310:326344:0:0
2537714	TX_ANT	ff	305:0:10:23:188
2537714	PKT	0:204:170510:305:319110:0:0
[VISION][STATUS] FPS=32 | mavi=(462,7) kirmizi=— | tespit=BEKLİYOR | kuyruk=0
2538714	TX_ANT	ff	315:0:11:22:192
2538714	PKT	0:210:183167:315:337647:0:0
2539714	TX_ANT	ff	313:0:10:24:210
2539714	PKT	0:208:180401:313:334825:0:0
2540714	TX_ANT	ff	309:0:10:38:2113
2540714	PKT	0:204:169244:309:323556:0:0
2541714	TX_ANT	ff	305:0:11:32:1677
2541714	PKT	0:204:172140:305:320740:0:0
2542714	TX_ANT	ff	311:0:10:32:594
2542714	PKT	0:206:174217:311:328585:0:0
[VISION][STATUS] FPS=32 | mavi=— kirmizi=— | tespit=BEKLİYOR | kuyruk=0
2543715	TX_ANT	ff	311:0:10:31:1897
2543715	PKT	0:206:175921:311:330289:0:0
2544714	TX_ANT	ff	305:0:10:29:512
2544714	PKT	0:204:170926:305:319526:0:0
2545714	TX_ANT	ff	309:0:10:21:284
2545714	PKT	0:204:172653:309:326965:0:0
2546714	TX_ANT	ff	315:0:10:28:571
2546714	PKT	0:210:184495:315:338975:0:0
2547714	TX_ANT	ff	309:0:10:34:1575
2547714	PKT	0:204:173720:309:328032:0:0
[VISION][STATUS] FPS=32 | mavi=— kirmizi=— | tespit=BEKLİYOR | kuyruk=0
2548714	TX_ANT	ff	316:0:10:23:202
2548714	PKT	0:211:187655:316:342163:0:0
2549714	TX_ANT	ff	311:0:10:31:872
2549714	PKT	0:206:182848:311:337216:0:0
2550714	TX_ANT	ff	315:0:10:29:1626
2550714	PKT	0:210:185776:315:340256:0:0
2551714	TX_ANT	ff	315:0:10:26:320
2551714	PKT	0:210:186172:315:340652:0:0
2552715	TX_ANT	ff	320:0:10:24:195
2552715	PKT	0:211:190240:320:350460:0:0
[VISION][STATUS] FPS=32 | mavi=— kirmizi=— | tespit=BEKLİYOR | kuyruk=0
2553714	TX_ANT	ff	316:0:10:21:179
2553714	PKT	0:211:190094:316:344602:0:0
2554714	TX_ANT	ff	314:0:10:28:683
2554714	PKT	0:209:185226:314:339678:0:0
2555714	TX_ANT	ff	309:0:10:26:289
2555714	PKT	0:204:172063:309:326375:0:0
2556714	TX_ANT	ff	305:0:10:20:172
2556714	PKT	0:204:175103:305:323703:0:0
2557714	TX_ANT	ff	312:0:10:26:284
2557714	PKT	0:207:180333:312:334729:0:0
[VISION][STATUS] FPS=32 | mavi=— kirmizi=— | tespit=BEKLİYOR | kuyruk=0
2558714	TX_ANT	ff	311:0:10:26:661
2558714	PKT	0:206:177929:311:332297:0:0
2559714	TX_ANT	ff	306:0:10:22:189
2559714	PKT	0:205:174380:306:323008:0:0
2560714	TX_ANT	ff	313:0:11:317:2760
2560714	PKT	0:208:183051:313:337475:0:0
2561714	TX_ANT	ff	321:0:10:22:191
2561714	PKT	0:212:188896:321:349144:0:0
2562714	TX_ANT	ff	305:0:10:21:174
2562714	PKT	0:204:177790:305:326390:0:0
[VISION][STATUS] FPS=32 | mavi=— kirmizi=— | tespit=BEKLİYOR | kuyruk=0
2563714	TX_ANT	ff	321:0:11:23:168
2563714	PKT	0:212:184594:321:344842:0:0
2564714	TX_ANT	ff	329:0:10:32:1055
2564714	PKT	0:220:202899:329:363371:0:0
2565714	TX_ANT	ff	332:0:10:33:2368
2565714	PKT	0:219:200427:332:366583:0:0
2566714	TX_ANT	ff	317:0:10:29:234
2566714	PKT	0:212:189419:317:343955:0:0
2567714	TX_ANT	ff	332:0:10:31:2267
2567714	PKT	0:219:200201:332:366357:0:0
[VISION][STATUS] FPS=32 | mavi=— kirmizi=— | tespit=BEKLİYOR | kuyruk=0
2568714	TX_ANT	ff	349:0:10:22:588
2568714	PKT	0:232:217045:349:389277:0:0
2569714	TX_ANT	ff	332:0:10:21:148
2569714	PKT	0:223:200646:332:361202:0:0
2570714	TX_ANT	ff	343:0:10:22:227
2570714	PKT	0:226:206333:343:378397:0:0
2571714	TX_ANT	ff	305:0:10:25:385
2571714	PKT	0:204:180376:305:328976:0:0
2572714	TX_ANT	ff	308:0:10:23:177
2572714	PKT	0:203:177130:308:331414:0:0
[VISION][STATUS] FPS=32 | mavi=— kirmizi=— | tespit=BEKLİYOR | kuyruk=0
2573714	TX_ANT	ff	306:0:10:26:1174
2573714	PKT	0:205:172423:306:321051:0:0
2574714	TX_ANT	ff	309:0:10:25:1534
2574714	PKT	0:204:173414:309:327726:0:0
2575714	TX_ANT	ff	313:0:10:21:180
2575714	PKT	0:208:176892:313:331316:0:0
2576714	TX_ANT	ff	305:0:10:23:212
2576714	PKT	0:204:174878:305:323478:0:0
2577714	TX_ANT	ff	310:0:10:27:564
2577714	PKT	0:205:173110:310:327450:0:0
[VISION][STATUS] FPS=32 | mavi=— kirmizi=— | tespit=BEKLİYOR | kuyruk=0
2578714	TX_ANT	ff	305:0:10:26:289
2578714	PKT	0:204:173961:305:322561:0:0
2579714	TX_ANT	ff	308:0:11:35:923
2579714	PKT	0:203:170403:308:324687:0:0
2580714	TX_ANT	ff	303:0:11:25:306
2580714	PKT	0:202:170416:303:318960:0:0
2581714	TX_ANT	ff	310:0:10:28:461
2581714	PKT	0:205:177035:310:331375:0:0
2582714	TX_ANT	ff	320:0:10:25:348
2582714	PKT	0:215:194017:320:348637:0:0
[VISION][STATUS] FPS=32 | mavi=— kirmizi=— | tespit=BEKLİYOR | kuyruk=0
2583714	TX_ANT	ff	313:0:10:23:181
2583714	PKT	0:208:185673:313:340097:0:0
2584714	TX_ANT	ff	310:0:10:26:517
2584714	PKT	0:205:173570:310:327910:0:0
2585714	TX_ANT	ff	309:0:10:24:502
2585714	PKT	0:204:171657:309:325969:0:0
2586714	TX_ANT	ff	306:0:10:25:291
2586714	PKT	0:205:171904:306:320532:0:0
2587714	TX_ANT	ff	309:0:10:37:2855
2587714	PKT	0:204:170718:309:325030:0:0
[VISION][STATUS] FPS=32 | mavi=— kirmizi=— | tespit=BEKLİYOR | kuyruk=0
2588714	TX_ANT	ff	305:0:10:21:174
2588714	PKT	0:204:170417:305:319017:0:0
2589714	TX_ANT	ff	309:0:10:22:213
2589714	PKT	0:204:173364:309:327676:0:0
2590714	TX_ANT	ff	305:0:10:24:1095
2590714	PKT	0:204:172345:305:320945:0:0
2591714	TX_ANT	ff	311:0:10:36:2411
2591714	PKT	0:206:175629:311:329997:0:0
2592714	TX_ANT	ff	305:0:10:24:210
2592714	PKT	0:204:172878:305:321478:0:0
[VISION][STATUS] FPS=32 | mavi=— kirmizi=— | tespit=BEKLİYOR | kuyruk=0
2593714	TX_ANT	ff	310:0:10:28:1027
2593714	PKT	0:205:173586:310:327926:0:0
2594714	TX_ANT	ff	309:0:11:35:828
2594714	PKT	0:204:173037:309:327349:0:0
2595714	TX_ANT	ff	313:0:10:32:1133
2595714	PKT	0:208:184354:313:338778:0:0
2596714	TX_ANT	ff	316:0:10:39:848
2596714	PKT	0:211:187919:316:342427:0:0
2597714	TX_ANT	ff	310:0:10:38:537
2597714	PKT	0:205:177671:310:332011:0:0
[VISION][STATUS] FPS=32 | mavi=— kirmizi=— | tespit=BEKLİYOR | kuyruk=0
2598714	TX_ANT	ff	306:0:10:27:638
2598714	PKT	0:205:176149:306:324777:0:0
2599715	TX_ANT	ff	310:0:10:34:581
2599715	PKT	0:205:173978:310:328318:0:0
2600714	TX_ANT	ff	305:0:10:24:340
2600714	PKT	0:204:176362:305:324962:0:0
2601714	TX_ANT	ff	319:0:10:21:222
2601714	PKT	0:210:189319:319:349511:0:0
2602714	TX_ANT	ff	308:0:10:29:365
2602714	PKT	0:207:183268:308:331952:0:0
[VISION][STATUS] FPS=32 | mavi=— kirmizi=— | tespit=BEKLİYOR | kuyruk=0
2603714	TX_ANT	ff	311:0:10:21:193
2603714	PKT	0:206:184306:311:338674:0:0
2604714	TX_ANT	ff	311:0:10:22:434
2604714	PKT	0:206:179642:311:334010:0:0
2605714	TX_ANT	ff	305:0:10:24:208
2605714	PKT	0:204:178807:305:327407:0:0
2606714	TX_ANT	ff	311:0:10:30:1073
2606714	PKT	0:206:181242:311:335610:0:0
2607714	TX_ANT	ff	311:0:10:23:188
2607714	PKT	0:206:180074:311:334442:0:0
[VISION][STATUS] FPS=32 | mavi=— kirmizi=— | tespit=BEKLİYOR | kuyruk=0
2608714	TX_ANT	ff	305:0:10:25:865
2608714	PKT	0:204:177210:305:325810:0:0
2609715	TX_ANT	ff	322:0:10:32:1119
2609715	PKT	0:213:191439:322:351715:0:0
2610714	TX_ANT	ff	323:0:10:22:279
2610714	PKT	0:214:194863:323:355167:0:0
2611714	TX_ANT	ff	311:0:10:25:176
2611714	PKT	0:206:183959:311:338327:0:0
2612714	TX_ANT	ff	316:0:10:29:1051
2612714	PKT	0:211:188149:316:342657:0:0
[VISION][STATUS] FPS=32 | mavi=— kirmizi=— | tespit=BEKLİYOR | kuyruk=0
2613714	TX_ANT	ff	310:0:10:28:1110
2613714	PKT	0:205:179650:310:333990:0:0
2614714	TX_ANT	ff	314:0:10:26:400
2614714	PKT	0:209:182439:314:336891:0:0
2615714	TX_ANT	ff	306:0:10:24:220
2615714	PKT	0:205:176738:306:325366:0:0
2616714	TX_ANT	ff	309:0:10:20:179
2616714	PKT	0:204:170353:309:324665:0:0
2617714	TX_ANT	ff	305:0:10:37:1011
2617714	PKT	0:204:173574:305:322174:0:0
[VISION][STATUS] FPS=32 | mavi=— kirmizi=— | tespit=BEKLİYOR | kuyruk=0
2618714	TX_ANT	ff	323:0:10:21:238
2618714	PKT	0:214:189558:323:349862:0:0
2619714	TX_ANT	ff	312:0:10:22:200
2619714	PKT	0:207:178785:312:333181:0:0
2620714	TX_ANT	ff	305:0:10:22:311
2620714	PKT	0:204:174586:305:323186:0:0
2621714	TX_ANT	ff	309:0:10:23:804
2621714	PKT	0:204:174272:309:328584:0:0
2622714	TX_ANT	ff	304:0:10:26:382
2622714	PKT	0:203:170835:304:319407:0:0
[VISION][STATUS] FPS=32 | mavi=— kirmizi=— | tespit=BEKLİYOR | kuyruk=0
2623714	TX_ANT	ff	310:0:10:39:1543
2623714	PKT	0:205:174867:310:329207:0:0
2624714	TX_ANT	ff	311:0:10:36:1654
2624714	PKT	0:206:177476:311:331844:0:0
2625714	TX_ANT	ff	305:0:10:30:672
2625714	PKT	0:204:171877:305:320477:0:0
2626714	TX_ANT	ff	309:0:10:30:535
2626714	PKT	0:204:170005:309:324317:0:0
2627714	TX_ANT	ff	306:0:10:26:606
2627714	PKT	0:205:174148:306:322776:0:0
[VISION][STATUS] FPS=32 | mavi=— kirmizi=— | tespit=BEKLİYOR | kuyruk=0
2628714	TX_ANT	ff	302:0:10:28:1043
2628714	PKT	0:201:171227:302:319743:0:0
2629714	TX_ANT	ff	308:0:10:21:205
2629714	PKT	0:203:171755:308:326039:0:0
2630714	TX_ANT	ff	304:0:10:28:544
2630714	PKT	0:203:171717:304:320289:0:0
2631714	TX_ANT	ff	313:0:10:25:266
2631714	PKT	0:208:188591:313:343015:0:0
2632716	TX_ANT	ff	348:0:10:24:703
2632716	PKT	0:231:215644:348:387848:0:0
[VISION][STATUS] FPS=32 | mavi=— kirmizi=— | tespit=BEKLİYOR | kuyruk=0
2633715	TX_ANT	ff	315:0:10:23:183
2633715	PKT	0:210:189376:315:343856:0:0
2634714	TX_ANT	ff	309:0:10:29:267
2634714	PKT	0:204:178053:309:332365:0:0
2635714	TX_ANT	ff	306:0:10:24:774
2635714	PKT	0:205:171122:306:319750:0:0
2636714	TX_ANT	ff	309:0:10:23:270
2636714	PKT	0:204:171633:309:325945:0:0
2637714	TX_ANT	ff	303:0:10:28:752
2637714	PKT	0:202:169285:303:317829:0:0
[VISION][STATUS] FPS=32 | mavi=— kirmizi=— | tespit=BEKLİYOR | kuyruk=0
2638714	TX_ANT	ff	310:0:10:25:921
2638714	PKT	0:205:173033:310:327373:0:0
2639714	TX_ANT	ff	305:0:10:36:809
2639714	PKT	0:204:174296:305:322896:0:0
2640714	TX_ANT	ff	312:0:10:24:271
2640714	PKT	0:207:176031:312:330427:0:0
2641714	TX_ANT	ff	310:0:10:27:589
2641714	PKT	0:205:174685:310:329025:0:0
2642714	TX_ANT	ff	304:0:10:32:1039
2642714	PKT	0:203:171457:304:320029:0:0
[VISION][STATUS] FPS=32 | mavi=— kirmizi=— | tespit=BEKLİYOR | kuyruk=0
2643714	TX_ANT	ff	309:0:10:22:163
2643714	PKT	0:204:173186:309:327498:0:0
2644714	TX_ANT	ff	305:0:10:31:1935
2644714	PKT	0:204:170082:305:318682:0:0
2645714	TX_ANT	ff	308:0:10:24:1053
2645714	PKT	0:203:169452:308:323736:0:0
2646714	TX_ANT	ff	306:0:10:21:178
2646714	PKT	0:205:171074:306:319702:0:0
2647715	TX_ANT	ff	310:0:10:23:203
2647715	PKT	0:205:172314:310:326654:0:0
[VISION][STATUS] FPS=32 | mavi=— kirmizi=— | tespit=BEKLİYOR | kuyruk=0
2648714	TX_ANT	ff	305:0:10:22:160
2648714	PKT	0:204:172920:305:321520:0:0
2649714	TX_ANT	ff	310:0:10:19:105
2649714	PKT	0:205:173870:310:328210:0:0
2650715	TX_ANT	ff	310:0:10:36:1392
2650715	PKT	0:205:171601:310:325941:0:0
2651714	TX_ANT	ff	305:0:10:40:1770
2651714	PKT	0:204:171554:305:320154:0:0
2652714	TX_ANT	ff	312:0:10:34:573
2652714	PKT	0:207:175322:312:329718:0:0
[VISION][STATUS] FPS=32 | mavi=— kirmizi=— | tespit=BEKLİYOR | kuyruk=0
2653714	TX_ANT	ff	303:0:10:22:284
2653714	PKT	0:202:170775:303:319319:0:0
2654715	TX_ANT	ff	312:0:10:26:899
2654715	PKT	0:207:176398:312:330794:0:0
2655714	TX_ANT	ff	310:0:10:22:182
2655714	PKT	0:205:177424:310:331764:0:0
2656714	TX_ANT	ff	307:0:10:25:995
2656714	PKT	0:206:177816:307:326472:0:0
2657714	TX_ANT	ff	310:0:10:27:599
2657714	PKT	0:205:175027:310:329367:0:0
[VISION][STATUS] FPS=32 | mavi=— kirmizi=— | tespit=BEKLİYOR | kuyruk=0
2658714	TX_ANT	ff	309:0:10:23:178
2658714	PKT	0:204:171887:309:326199:0:0
2659714	TX_ANT	ff	305:0:10:27:368
2659714	PKT	0:204:172168:305:320768:0:0
2660714	TX_ANT	ff	314:0:10:32:347
2660714	PKT	0:209:182079:314:336531:0:0
2661714	TX_ANT	ff	320:0:10:32:1029
2661714	PKT	0:211:183612:320:343832:0:0
2662714	TX_ANT	ff	315:0:10:31:1257
2662714	PKT	0:210:184853:315:339333:0:0
[VISION][STATUS] FPS=32 | mavi=— kirmizi=— | tespit=BEKLİYOR | kuyruk=0
2663714	TX_ANT	ff	306:0:10:29:1012
2663714	PKT	0:205:176632:306:325260:0:0
2664714	TX_ANT	ff	323:0:10:21:200
2664714	PKT	0:214:192721:323:353025:0:0
2665714	TX_ANT	ff	313:0:10:31:1146
2665714	PKT	0:208:185873:313:340297:0:0
2666714	TX_ANT	ff	321:0:10:23:160
2666714	PKT	0:212:191724:321:351972:0:0
2667715	TX_ANT	ff	315:0:10:23:173
2667715	PKT	0:210:185567:315:340047:0:0
[VISION][STATUS] FPS=32 | mavi=(458,16) kirmizi=— | tespit=BEKLİYOR | kuyruk=0
2668714	TX_ANT	ff	324:0:10:21:195
2668714	PKT	0:215:191825:324:352157:0:0
2669714	TX_ANT	ff	313:0:10:24:342
2669714	PKT	0:208:182093:313:336517:0:0
2670714	TX_ANT	ff	317:0:10:25:272
2670714	PKT	0:212:190218:317:344754:0:0
2671714	TX_ANT	ff	321:0:10:23:421
2671714	PKT	0:212:192052:321:352300:0:0
2672715	TX_ANT	ff	317:0:10:26:321
2672715	PKT	0:212:188685:317:343221:0:0
[VISION][STATUS] FPS=32 | mavi=— kirmizi=— | tespit=BEKLİYOR | kuyruk=0
2673714	TX_ANT	ff	322:0:10:23:177
2673714	PKT	0:213:192866:322:353142:0:0
2674714	TX_ANT	ff	339:0:10:28:861
2674714	PKT	0:227:211548:339:377840:0:0
2675714	TX_ANT	ff	336:0:10:24:1095
2675714	PKT	0:223:201682:336:367950:0:0
2676714	TX_ANT	ff	309:0:10:20:161
2676714	PKT	0:204:177926:309:332238:0:0
2677715	TX_ANT	ff	304:0:10:20:207
2677715	PKT	0:203:178516:304:327088:0:0
[VISION][STATUS] FPS=32 | mavi=— kirmizi=— | tespit=BEKLİYOR | kuyruk=0
2678714	TX_ANT	ff	311:0:10:23:229
2678714	PKT	0:206:179329:311:333697:0:0
2679714	TX_ANT	ff	314:0:10:26:265
2679714	PKT	0:209:186745:314:341197:0:0
2680714	TX_ANT	ff	305:0:10:23:158
2680714	PKT	0:204:171245:305:319845:0:0
2681714	TX_ANT	ff	309:0:10:30:893
2681714	PKT	0:204:169837:309:324149:0:0
2682714	TX_ANT	ff	312:0:10:26:618
2682714	PKT	0:207:176681:312:331077:0:0
[VISION][STATUS] FPS=32 | mavi=— kirmizi=— | tespit=BEKLİYOR | kuyruk=0
2683715	TX_ANT	ff	312:0:10:28:613
2683715	PKT	0:207:178734:312:333130:0:0
2684714	TX_ANT	ff	305:0:10:25:819
2684714	PKT	0:204:172077:305:320677:0:0
2685714	TX_ANT	ff	309:0:10:33:3266
2685714	PKT	0:204:167237:309:321549:0:0
2686714	TX_ANT	ff	303:0:10:32:840
2686714	PKT	0:202:163745:303:312289:0:0
2687714	TX_ANT	ff	305:0:10:31:643
2687714	PKT	0:204:167322:305:315922:0:0
[VISION][STATUS] FPS=32 | mavi=— kirmizi=— | tespit=BEKLİYOR | kuyruk=0
2688714	TX_ANT	ff	311:0:10:28:316
2688714	PKT	0:206:171182:311:325550:0:0
2689714	TX_ANT	ff	309:0:10:22:195
2689714	PKT	0:204:167052:309:321364:0:0
2690714	TX_ANT	ff	305:0:10:23:263
2690714	PKT	0:204:167575:305:316175:0:0
2691716	TX_ANT	ff	309:0:10:30:261
2691716	PKT	0:204:166784:309:321096:0:0
2692714	TX_ANT	ff	305:0:10:29:2089
2692714	PKT	0:204:168817:305:317417:0:0
[VISION][STATUS] FPS=32 | mavi=— kirmizi=— | tespit=BEKLİYOR | kuyruk=0
2693714	TX_ANT	ff	309:0:10:24:313
2693714	PKT	0:204:168284:309:322596:0:0
2694714	TX_ANT	ff	305:0:10:31:480
2694714	PKT	0:204:167740:305:316340:0:0
2695714	TX_ANT	ff	310:0:10:26:401
2695714	PKT	0:205:169299:310:323639:0:0
2696714	TX_ANT	ff	306:0:10:21:192
2696714	PKT	0:205:170656:306:319284:0:0
2697714	TX_ANT	ff	330:0:10:33:1039
2697714	PKT	0:217:195041:330:361141:0:0
[VISION][STATUS] FPS=32 | mavi=— kirmizi=— | tespit=BEKLİYOR | kuyruk=0
2698715	TX_ANT	ff	320:0:10:31:1796
2698715	PKT	0:215:192579:320:347199:0:0
2699714	TX_ANT	ff	313:0:10:23:341
2699714	PKT	0:208:182950:313:337374:0:0
2700714	TX_ANT	ff	310:0:10:21:131
2700714	PKT	0:205:176714:310:331054:0:0
2701714	TX_ANT	ff	310:0:10:28:1486
2701714	PKT	0:205:173140:310:327480:0:0
2702714	TX_ANT	ff	304:0:10:28:681
2702714	PKT	0:203:172625:304:321197:0:0
[VISION][STATUS] FPS=32 | mavi=— kirmizi=— | tespit=BEKLİYOR | kuyruk=0
2703714	TX_ANT	ff	310:0:10:26:1313
2703714	PKT	0:205:173255:310:327595:0:0
2704715	TX_ANT	ff	307:0:10:21:196
2704715	PKT	0:206:175035:307:323691:0:0
2705714	TX_ANT	ff	309:0:10:23:612
2705714	PKT	0:204:171925:309:326237:0:0
2706714	TX_ANT	ff	310:0:10:34:3292
2706714	PKT	0:205:173031:310:327371:0:0
2707714	TX_ANT	ff	307:0:10:24:223
2707714	PKT	0:206:174057:307:322713:0:0
[VISION][STATUS] FPS=32 | mavi=— kirmizi=— | tespit=BEKLİYOR | kuyruk=0
2708714	TX_ANT	ff	310:0:10:21:236
2708714	PKT	0:205:176151:310:330491:0:0
2709714	TX_ANT	ff	310:0:10:25:821
2709714	PKT	0:205:174279:310:328619:0:0
2710714	TX_ANT	ff	303:0:10:21:155
2710714	PKT	0:202:169019:303:317563:0:0
2711714	TX_ANT	ff	311:0:10:23:498
2711714	PKT	0:206:177116:311:331484:0:0
2712714	TX_ANT	ff	306:0:10:42:1775
2712714	PKT	0:205:173067:306:321695:0:0
[VISION][STATUS] FPS=32 | mavi=— kirmizi=— | tespit=BEKLİYOR | kuyruk=0
2713714	TX_ANT	ff	310:0:10:22:168
2713714	PKT	0:205:172646:310:326986:0:0
2714714	TX_ANT	ff	305:0:10:24:189
2714714	PKT	0:204:171785:305:320385:0:0
2715714	TX_ANT	ff	309:0:10:31:535
2715714	PKT	0:204:171533:309:325845:0:0
2716714	TX_ANT	ff	305:0:10:37:1478
2716714	PKT	0:204:173042:305:321642:0:0
2717714	TX_ANT	ff	310:0:10:31:1308
2717714	PKT	0:205:174558:310:328898:0:0
[VISION][STATUS] FPS=32 | mavi=— kirmizi=— | tespit=BEKLİYOR | kuyruk=0
2718717	TX_ANT	ff	303:0:10:31:1658
2718717	PKT	0:202:171826:303:320370:0:0
2719714	TX_ANT	ff	309:0:10:25:298
2719714	PKT	0:204:172689:309:327001:0:0
2720714	TX_ANT	ff	306:0:10:33:1914
2720714	PKT	0:205:175380:306:324008:0:0
2721714	TX_ANT	ff	311:0:10:23:202
2721714	PKT	0:206:176054:311:330422:0:0
2722714	TX_ANT	ff	309:0:10:24:338
2722714	PKT	0:204:172037:309:326349:0:0
[VISION][STATUS] FPS=32 | mavi=— kirmizi=— | tespit=BEKLİYOR | kuyruk=0
2723714	TX_ANT	ff	306:0:10:31:477
2723714	PKT	0:205:171010:306:319638:0:0
2724714	TX_ANT	ff	310:0:10:28:1183
2724714	PKT	0:205:172177:310:326517:0:0
2725714	TX_ANT	ff	305:0:10:25:190
2725714	PKT	0:204:171992:305:320592:0:0
2726715	TX_ANT	ff	309:0:10:21:169
2726715	PKT	0:204:171652:309:325964:0:0
2727714	TX_ANT	ff	305:0:10:32:406
2727714	PKT	0:204:174403:305:323003:0:0
[VISION][STATUS] FPS=32 | mavi=— kirmizi=— | tespit=BEKLİYOR | kuyruk=0
2728714	TX_ANT	ff	309:0:9:21:145
2728714	PKT	0:204:173570:309:327882:0:0
2729714	TX_ANT	ff	305:0:10:49:2715
2729714	PKT	0:204:172156:305:320756:0:0
2730715	TX_ANT	ff	310:0:10:31:839
2730715	PKT	0:205:173500:310:327840:0:0
2731714	TX_ANT	ff	305:0:10:28:531
2731714	PKT	0:204:170853:305:319453:0:0
2732714	TX_ANT	ff	311:0:10:29:505
2732714	PKT	0:206:173163:311:327531:0:0
[VISION][STATUS] FPS=32 | mavi=— kirmizi=— | tespit=BEKLİYOR | kuyruk=0
2733715	TX_ANT	ff	310:0:10:26:996
2733715	PKT	0:205:172937:310:327277:0:0
2734714	TX_ANT	ff	305:0:10:21:138
2734714	PKT	0:204:173207:305:321807:0:0
2735714	TX_ANT	ff	309:0:10:31:1370
2735714	PKT	0:204:173199:309:327511:0:0
2736714	TX_ANT	ff	337:0:10:23:219
2736714	PKT	0:224:202777:337:369073:0:0
2737715	TX_ANT	ff	348:0:10:23:189
2737715	PKT	0:231:214873:348:387077:0:0
[VISION][STATUS] FPS=32 | mavi=— kirmizi=— | tespit=BEKLİYOR | kuyruk=0
2738714	TX_ANT	ff	402:0:10:26:227
2738714	PKT	0:269:266503:402:462619:0:0
2739714	TX_ANT	ff	408:0:10:22:1303
2739714	PKT	0:271:269236:408:471120:0:0
2740714	TX_ANT	ff	406:0:10:33:2286
2740714	PKT	0:269:266288:406:468116:0:0
2741714	TX_ANT	ff	474:0:10:31:1757
2741714	PKT	0:317:333814:474:565546:0:0
2742714	TX_ANT	ff	432:0:10:28:1030
2742714	PKT	0:287:294817:432:508573:0:0
2743714	TX_ANT	ff	475:0:10:22:802
2743714	PKT	0:314:330448:475:567808:0:0
[VISION][STATUS] FPS=32 | mavi=(623,58) kirmizi=— | tespit=BEKLİYOR | kuyruk=0
2744714	TX_ANT	ff	461:0:10:28:894
2744714	PKT	0:308:317414:461:543182:0:0
2745714	TX_ANT	ff	375:0:10:24:708
2745714	PKT	0:250:244707:375:428867:0:0
2746715	TX_ANT	ff	361:0:10:19:162
2746715	PKT	0:240:227615:361:405783:0:0
2747714	TX_ANT	ff	405:0:10:33:1859
2747714	PKT	0:268:265828:405:467628:0:0
2748714	TX_ANT	ff	399:0:10:29:632
2748714	PKT	0:266:258634:399:454666:0:0
[VISION][STATUS] FPS=32 | mavi=— kirmizi=— | tespit=BEKLİYOR | kuyruk=0
2749714	TX_ANT	ff	384:0:10:28:772
2749714	PKT	0:255:250954:384:440966:0:0
2750714	TX_ANT	ff	374:0:10:21:579
2750714	PKT	0:249:242082:374:426214:0:0
2751714	TX_ANT	ff	418:0:10:23:198
2751714	PKT	0:277:281513:418:489277:0:0
2752714	TX_ANT	ff	424:0:10:29:305
2752714	PKT	0:283:288566:424:496498:0:0
2753715	TX_ANT	ff	434:0:10:37:930
2753715	PKT	0:289:293573:434:507385:0:0
[VISION][STATUS] FPS=32 | mavi=— kirmizi=— | tespit=BEKLİYOR | kuyruk=0
2754714	TX_ANT	ff	445:0:10:35:714
2754714	PKT	0:296:308191:445:527911:0:0
2755714	TX_ANT	ff	466:0:10:24:267
2755714	PKT	0:309:326799:466:558307:0:0
2756714	TX_ANT	ff	474:0:10:20:1023
2756714	PKT	0:317:335231:474:566963:0:0
2757714	TX_ANT	ff	490:0:10:20:389
2757714	PKT	0:325:348317:490:591697:0:0
2758714	TX_ANT	ff	478:0:10:21:380
2758714	PKT	0:317:335251:478:572695:0:0
[VISION][STATUS] FPS=32 | mavi=— kirmizi=— | tespit=BEKLİYOR | kuyruk=0
2759714	TX_ANT	ff	463:0:10:34:4117
2759714	PKT	0:310:330545:463:556369:0:0
2760714	TX_ANT	ff	475:0:10:28:1639
2760714	PKT	0:314:331669:475:569029:0:0
2761715	TX_ANT	ff	483:0:10:31:1331
2761715	PKT	0:322:338376:483:575960:0:0
2762714	TX_ANT	ff	458:0:10:20:213
2762714	PKT	0:305:319221:458:544905:0:0
2763714	TX_ANT	ff	456:0:10:27:456
2763714	PKT	0:303:315445:456:541073:0:0
[VISION][STATUS] FPS=32 | mavi=— kirmizi=— | tespit=BEKLİYOR | kuyruk=0
2764714	TX_ANT	ff	445:0:10:28:603
2764714	PKT	0:296:308836:445:528556:0:0
2765714	TX_ANT	ff	460:0:10:20:183
2765714	PKT	0:307:321354:460:547094:0:0
2766714	TX_ANT	ff	454:0:10:26:961
2766714	PKT	0:301:308172:454:533744:0:0
2767714	TX_ANT	ff	470:0:10:26:413
2767714	PKT	0:313:329861:470:561481:0:0
2768714	TX_ANT	ff	494:0:10:22:1029
2768714	PKT	0:329:352954:494:596446:0:0
[VISION][STATUS] FPS=32 | mavi=— kirmizi=— | tespit=BEKLİYOR | kuyruk=0
2769714	TX_ANT	ff	483:0:10:33:565
2769714	PKT	0:322:343771:483:581355:0:0
2770714	TX_ANT	ff	479:0:10:25:252
2770714	PKT	0:318:334988:479:572460:0:0
2771714	TX_ANT	ff	457:0:10:21:663
2771714	PKT	0:304:316625:457:542281:0:0
2772714	TX_ANT	ff	480:0:10:24:1261
2772714	PKT	0:319:340938:480:578438:0:0
2773714	TX_ANT	ff	456:0:10:26:1178
2773714	PKT	0:303:317787:456:543415:0:0
[VISION][STATUS] FPS=32 | mavi=— kirmizi=(468,366) | tespit=BEKLİYOR | kuyruk=0
2774714	TX_ANT	ff	478:0:10:28:812
2774714	PKT	0:317:334975:478:572419:0:0
2775714	TX_ANT	ff	481:0:10:26:494
2775714	PKT	0:320:334066:481:571594:0:0
2776715	TX_ANT	ff	460:0:10:28:1485
2776715	PKT	0:307:320907:460:546647:0:0
2777715	TX_ANT	ff	481:0:10:25:482
2777715	PKT	0:320:339486:481:577014:0:0
2778714	TX_ANT	ff	478:0:10:20:165
2778714	PKT	0:317:337523:478:574967:0:0
[VISION][STATUS] FPS=32 | mavi=(614,272) kirmizi=— | tespit=BEKLİYOR | kuyruk=0
2779714	TX_ANT	ff	428:0:10:33:1874
2779714	PKT	0:287:297604:428:505648:0:0
2780714	TX_ANT	ff	468:0:10:24:1244
2780714	PKT	0:311:328589:468:560153:0:0
2781714	TX_ANT	ff	478:0:10:29:1756
2781714	PKT	0:317:334046:478:571490:0:0
2782715	TX_ANT	ff	469:0:10:24:619
2782715	PKT	0:312:325474:469:557066:0:0
2783714	TX_ANT	ff	483:0:10:25:1521
2783714	PKT	0:322:344811:483:582395:0:0
[VISION][STATUS] FPS=32 | mavi=— kirmizi=— | tespit=BEKLİYOR | kuyruk=0
2784714	TX_ANT	ff	481:0:9:20:433
2784714	PKT	0:320:341312:481:578840:0:0
2785714	TX_ANT	ff	477:0:10:30:1753
2785714	PKT	0:316:328310:477:565726:0:0
2786714	TX_ANT	ff	475:0:10:30:1847
2786714	PKT	0:318:335283:475:567043:0:0
2787714	TX_ANT	ff	481:0:10:34:3271
2787714	PKT	0:320:339616:481:577144:0:0
2788714	TX_ANT	ff	488:0:10:30:796
2788714	PKT	0:323:342936:488:586260:0:0
[VISION][STATUS] FPS=32 | mavi=— kirmizi=— | tespit=BEKLİYOR | kuyruk=0
2789715	TX_ANT	ff	470:0:10:29:1077
2789715	PKT	0:313:332768:470:564388:0:0
2790714	TX_ANT	ff	472:0:10:41:2195
2790714	PKT	0:315:330721:472:562397:0:0
2791714	TX_ANT	ff	479:0:10:23:389
2791714	PKT	0:318:335438:479:572910:0:0
2792714	TX_ANT	ff	489:0:10:26:1277
2792714	PKT	0:324:342779:489:586131:0:0
2793714	TX_ANT	ff	486:0:10:27:832
2793714	PKT	0:325:344683:486:582351:0:0
[VISION][STATUS] FPS=32 | mavi=— kirmizi=— | tespit=BEKLİYOR | kuyruk=0
2794714	TX_ANT	ff	480:0:10:24:591
2794714	PKT	0:319:337596:480:575096:0:0
2795714	TX_ANT	ff	479:0:10:24:282
2795714	PKT	0:318:335239:479:572711:0:0
2796715	TX_ANT	ff	484:0:10:20:297
2796715	PKT	0:323:342136:484:579748:0:0
2797714	TX_ANT	ff	490:0:10:22:206
2797714	PKT	0:325:342142:490:585522:0:0
2798714	TX_ANT	ff	491:0:10:25:562
2798714	PKT	0:326:346916:491:590324:0:0
[VISION][STATUS] FPS=32 | mavi=— kirmizi=— | tespit=BEKLİYOR | kuyruk=0
2799714	TX_ANT	ff	483:0:10:19:205
2799714	PKT	0:322:342012:483:579596:0:0
2800714	TX_ANT	ff	483:0:10:19:331
2800714	PKT	0:322:347358:483:584942:0:0
2801714	TX_ANT	ff	482:0:10:38:2012
2801714	PKT	0:321:341994:482:579550:0:0
2802715	TX_ANT	ff	494:0:10:27:1537
2802715	PKT	0:329:352156:494:595648:0:0
2803714	TX_ANT	ff	492:0:10:23:1230
2803714	PKT	0:327:346550:492:589986:0:0
[VISION][STATUS] FPS=32 | mavi=— kirmizi=— | tespit=BEKLİYOR | kuyruk=0
2804714	TX_ANT	ff	492:0:10:25:822
2804714	PKT	0:327:346596:492:590032:0:0
2805714	TX_ANT	ff	492:0:10:27:361
2805714	PKT	0:327:349874:492:593310:0:0
2806714	TX_ANT	ff	492:0:10:26:531
2806714	PKT	0:327:351948:492:595384:0:0
2807714	TX_ANT	ff	492:0:10:19:231
2807714	PKT	0:327:350707:492:594143:0:0
2808714	TX_ANT	ff	506:0:10:20:428
2808714	PKT	0:337:359631:506:609059:0:0
[VISION][STATUS] FPS=32 | mavi=— kirmizi=— | tespit=BEKLİYOR | kuyruk=0
2809714	TX_ANT	ff	444:0:10:18:175
2809714	PKT	0:295:306879:444:526571:0:0
2810714	TX_ANT	ff	485:0:10:21:469
2810714	PKT	0:324:346621:485:584261:0:0
2811714	TX_ANT	ff	481:0:11:26:432
2811714	PKT	0:320:338170:481:575698:0:0
2812714	TX_ANT	ff	471:0:10:27:198
2812714	PKT	0:314:334655:471:566303:0:0
2813714	TX_ANT	ff	475:0:10:19:176
2813714	PKT	0:314:329552:475:566912:0:0
[VISION][STATUS] FPS=32 | mavi=— kirmizi=— | tespit=BEKLİYOR | kuyruk=0
2814714	TX_ANT	ff	480:0:10:20:882
2814714	PKT	0:319:337028:480:574528:0:0
2815715	TX_ANT	ff	487:0:10:25:304
2815715	PKT	0:326:349448:487:587144:0:0
2816714	TX_ANT	ff	501:0:10:24:535
2816714	PKT	0:332:354655:501:603943:0:0
2817714	TX_ANT	ff	506:0:10:34:1315
2817714	PKT	0:337:362306:506:611734:0:0
2818714	TX_ANT	ff	494:0:10:22:241
2818714	PKT	0:329:351721:494:595213:0:0
[VISION][STATUS] FPS=32 | mavi=— kirmizi=— | tespit=BEKLİYOR | kuyruk=0
2819714	TX_ANT	ff	483:0:10:23:1203
2819714	PKT	0:322:345035:483:582619:0:0
2820714	TX_ANT	ff	505:0:10:20:542
2820714	PKT	0:336:360470:505:609870:0:0
2821714	TX_ANT	ff	492:0:10:20:250
2821714	PKT	0:327:350192:492:593628:0:0
2822715	TX_ANT	ff	464:0:10:18:195
2822715	PKT	0:307:320239:464:551691:0:0
2823714	TX_ANT	ff	483:0:10:19:196
2823714	PKT	0:322:342847:483:580431:0:0
[VISION][STATUS] FPS=32 | mavi=— kirmizi=— | tespit=BEKLİYOR | kuyruk=0
2824714	TX_ANT	ff	505:0:10:22:1648
2824714	PKT	0:336:360856:505:610256:0:0
2825714	TX_ANT	ff	504:0:10:21:458
2825714	PKT	0:335:364295:504:613667:0:0
2826714	TX_ANT	ff	492:0:10:27:295
2826714	PKT	0:327:351721:492:595157:0:0
2827714	TX_ANT	ff	510:0:10:24:234
2827714	PKT	0:341:368242:510:617782:0:0
2828714	TX_ANT	ff	515:0:10:19:195
2828714	PKT	0:342:369492:515:624772:0:0
[VISION][STATUS] FPS=32 | mavi=— kirmizi=(433,408) | tespit=BEKLİYOR | kuyruk=0
2829714	TX_ANT	ff	420:0:10:23:332
2829714	PKT	0:279:281317:420:489137:0:0
2830714	TX_ANT	ff	479:0:10:27:2859
2830714	PKT	0:318:342555:479:580027:0:0
2831714	TX_ANT	ff	505:0:10:18:147
2831714	PKT	0:336:359024:505:608424:0:0
2832714	TX_ANT	ff	517:0:10:21:753
2832714	PKT	0:344:370024:517:625360:0:0
2833714	TX_ANT	ff	498:0:10:38:1628
2833714	PKT	0:333:358903:498:602507:0:0
[VISION][STATUS] FPS=32 | mavi=(397,395) kirmizi=(313,390) | tespit=BEKLİYOR | kuyruk=0
2834714	TX_ANT	ff	490:0:10:31:1188
2834714	PKT	0:325:342741:490:586121:0:0
2835714	TX_ANT	ff	485:0:10:20:729
2835714	PKT	0:324:349848:485:587488:0:0
2836714	TX_ANT	ff	482:0:10:21:339
2836714	PKT	0:321:345522:482:583078:0:0
2837714	TX_ANT	ff	493:0:10:27:301
2837714	PKT	0:328:352171:493:595635:0:0
2838714	TX_ANT	ff	487:0:10:24:1086
2838714	PKT	0:322:345955:487:589251:0:0
[VISION][STATUS] FPS=32 | mavi=— kirmizi=(246,437) | tespit=BEKLİYOR | kuyruk=0
2839714	TX_ANT	ff	496:0:10:21:360
2839714	PKT	0:331:353827:496:597375:0:0
2840714	TX_ANT	ff	496:0:10:32:1143
2840714	PKT	0:331:352101:496:595649:0:0
2841714	TX_ANT	ff	498:0:10:28:1571
2841714	PKT	0:329:350256:498:599460:0:0
2842714	TX_ANT	ff	464:0:10:24:590
2842714	PKT	0:311:331175:464:557027:0:0
2843714	TX_ANT	ff	427:0:10:23:880
2843714	PKT	0:282:288839:427:502455:0:0
[VISION][STATUS] FPS=32 | mavi=— kirmizi=— | tespit=BEKLİYOR | kuyruk=0
2844714	TX_ANT	ff	493:0:10:20:507
2844714	PKT	0:328:351977:493:595441:0:0
2845714	TX_ANT	ff	507:0:10:23:557
2845714	PKT	0:338:369967:507:619423:0:0
2846714	TX_ANT	ff	497:0:10:40:1217
2846714	PKT	0:332:357127:497:600703:0:0
2847716	TX_ANT	ff	499:0:10:25:723
2847716	PKT	0:330:351512:499:600744:0:0
2848714	TX_ANT	ff	493:0:10:20:208
2848714	PKT	0:328:352010:493:595474:0:0
[VISION][STATUS] FPS=32 | mavi=— kirmizi=— | tespit=BEKLİYOR | kuyruk=0
2849714	TX_ANT	ff	472:0:10:34:1300
2849714	PKT	0:315:331350:472:563026:0:0
2850714	TX_ANT	ff	507:0:10:19:184
2850714	PKT	0:338:365316:507:614772:0:0
2851714	TX_ANT	ff	511:0:10:25:665
2851714	PKT	0:338:364423:511:619591:0:0
2852714	TX_ANT	ff	520:0:10:22:459
2852714	PKT	0:347:376029:520:631449:0:0
2853714	TX_ANT	ff	517:0:10:25:919
2853714	PKT	0:344:374433:517:629769:0:0
[VISION][STATUS] FPS=32 | mavi=— kirmizi=— | tespit=BEKLİYOR | kuyruk=0
2854714	TX_ANT	ff	495:0:10:18:179
2854714	PKT	0:330:357053:495:600573:0:0
2855714	TX_ANT	ff	502:0:9:26:1497
2855714	PKT	0:333:357296:502:606612:0:0
2856714	TX_ANT	ff	503:0:10:28:1184
2856714	PKT	0:334:360861:503:610205:0:0
2857714	TX_ANT	ff	533:0:10:20:297
2857714	PKT	0:356:389243:533:650627:0:0
2858714	TX_ANT	ff	513:0:10:26:675
2858714	PKT	0:340:365403:513:620627:0:0
[VISION][STATUS] FPS=32 | mavi=(190,395) kirmizi=(264,395) | tespit=BEKLİYOR | kuyruk=0
2859714	TX_ANT	ff	500:0:10:24:360
2859714	PKT	0:335:360238:500:603898:0:0
2860714	TX_ANT	ff	498:0:10:24:313
2860714	PKT	0:329:354872:498:604076:0:0
2861714	TX_ANT	ff	510:0:10:22:1303
2861714	PKT	0:341:371754:510:621294:0:0
2862714	TX_ANT	ff	507:0:10:22:764
2862714	PKT	0:338:363169:507:612625:0:0
2863714	TX_ANT	ff	512:0:10:20:205
2863714	PKT	0:339:365903:512:621099:0:0
[VISION][STATUS] FPS=32 | mavi=(188,394) kirmizi=— | tespit=BEKLİYOR | kuyruk=0
2864714	TX_ANT	ff	491:0:10:27:557
2864714	PKT	0:326:350274:491:593682:0:0
2865714	TX_ANT	ff	498:0:10:44:1664
2865714	PKT	0:333:359613:498:603217:0:0
2866714	TX_ANT	ff	507:0:10:27:1923
2866714	PKT	0:338:367431:507:616887:0:0
2867714	TX_ANT	ff	512:0:10:32:1810
2867714	PKT	0:339:367498:512:622694:0:0
2868714	TX_ANT	ff	503:0:10:34:1908
2868714	PKT	0:334:360202:503:609546:0:0
[VISION][STATUS] FPS=32 | mavi=— kirmizi=— | tespit=BEKLİYOR | kuyruk=0
2869714	TX_ANT	ff	511:0:10:24:591
2869714	PKT	0:342:368922:511:618490:0:0
2870714	TX_ANT	ff	499:0:10:26:1453
2870714	PKT	0:330:353008:499:602240:0:0
2871714	TX_ANT	ff	499:0:10:20:540
2871714	PKT	0:334:358160:499:601792:0:0
2872714	TX_ANT	ff	529:0:10:18:188
2872714	PKT	0:352:383853:529:645125:0:0
2873714	TX_ANT	ff	513:0:10:19:295
2873714	PKT	0:340:371887:513:627111:0:0
[VISION][STATUS] FPS=32 | mavi=(189,395) kirmizi=— | tespit=BEKLİYOR | kuyruk=0
2874714	TX_ANT	ff	506:0:10:19:521
2874714	PKT	0:337:363956:506:613384:0:0
2875714	TX_ANT	ff	521:0:10:21:881
2875714	PKT	0:348:380132:521:635580:0:0
2876714	TX_ANT	ff	513:0:10:22:744
2876714	PKT	0:340:365788:513:621012:0:0
2877714	TX_ANT	ff	517:0:10:21:1171
2877714	PKT	0:344:373197:517:628533:0:0
2878714	TX_ANT	ff	507:0:10:25:1463
2878714	PKT	0:338:369606:507:619062:0:0
[VISION][STATUS] FPS=32 | mavi=— kirmizi=— | tespit=BEKLİYOR | kuyruk=0
2879714	TX_ANT	ff	512:0:10:21:364
2879714	PKT	0:339:364370:512:619566:0:0
2880715	TX_ANT	ff	495:0:10:18:149
2880715	PKT	0:330:356504:495:600024:0:0
2881714	TX_ANT	ff	507:0:10:18:162
2881714	PKT	0:338:364777:507:614233:0:0
2882714	TX_ANT	ff	506:0:10:38:1165
2882714	PKT	0:337:362533:506:611961:0:0
2883714	TX_ANT	ff	519:0:10:27:1036
2883714	PKT	0:346:373538:519:628930:0:0
[VISION][STATUS] FPS=32 | mavi=— kirmizi=— | tespit=BEKLİYOR | kuyruk=0
2884714	TX_ANT	ff	516:0:10:33:2134
2884714	PKT	0:343:371628:516:626936:0:0
2885714	TX_ANT	ff	505:0:10:29:1073
2885714	PKT	0:336:360394:505:609794:0:0
2886714	TX_ANT	ff	525:0:10:18:185
2886714	PKT	0:348:374831:525:635991:0:0
2887714	TX_ANT	ff	521:0:10:20:550
2887714	PKT	0:348:376940:521:632388:0:0
2888714	TX_ANT	ff	511:0:10:23:293
2888714	PKT	0:338:361662:511:616830:0:0
[VISION][STATUS] FPS=32 | mavi=(629,35) kirmizi=— | tespit=BEKLİYOR | kuyruk=0
2889714	TX_ANT	ff	509:0:10:26:1233
2889714	PKT	0:340:368845:509:618357:0:0
2890714	TX_ANT	ff	517:0:10:28:1389
2890714	PKT	0:344:374915:517:630251:0:0
2891715	TX_ANT	ff	505:0:10:22:943
2891715	PKT	0:336:361717:505:611117:0:0
2892714	TX_ANT	ff	517:0:10:21:1210
2892714	PKT	0:344:373815:517:629151:0:0
2893714	TX_ANT	ff	504:0:10:19:169
2893714	PKT	0:335:363988:504:613360:0:0
[VISION][STATUS] FPS=32 | mavi=(191,392) kirmizi=— | tespit=BEKLİYOR | kuyruk=0
2894714	TX_ANT	ff	516:0:10:19:227
2894714	PKT	0:343:367384:516:622692:0:0
2895714	TX_ANT	ff	510:0:10:20:191
2895714	PKT	0:341:369389:510:618929:0:0
2896714	TX_ANT	ff	510:0:10:21:470
2896714	PKT	0:337:362552:510:617692:0:0
2897714	TX_ANT	ff	519:0:10:22:1439
2897714	PKT	0:346:377472:519:632864:0:0
2898714	TX_ANT	ff	508:0:10:28:920
2898714	PKT	0:339:366556:508:616040:0:0
[VISION][STATUS] FPS=32 | mavi=— kirmizi=(285,246) | tespit=BEKLİYOR | kuyruk=0
2899714	TX_ANT	ff	513:0:9:21:247
2899714	PKT	0:340:372115:513:627339:0:0
2900714	TX_ANT	ff	522:0:10:18:145
2900714	PKT	0:349:376721:522:632197:0:0
2901714	TX_ANT	ff	512:0:10:24:391
2901714	PKT	0:339:362358:512:617554:0:0
2902714	TX_ANT	ff	497:0:10:21:449
2902714	PKT	0:332:360834:497:604410:0:0
2903714	TX_ANT	ff	517:0:10:22:288
2903714	PKT	0:344:375428:517:630764:0:0
[VISION][STATUS] FPS=32 | mavi=— kirmizi=— | tespit=BEKLİYOR | kuyruk=0
2904714	TX_ANT	ff	506:0:10:19:183
2904714	PKT	0:337:363549:506:612977:0:0
2905714	TX_ANT	ff	516:0:10:21:486
2905714	PKT	0:343:373354:516:628662:0:0
2906714	TX_ANT	ff	515:0:10:21:811
2906714	PKT	0:342:370980:515:626260:0:0
2907715	TX_ANT	ff	516:0:10:19:191
2907715	PKT	0:343:369704:516:625012:0:0
2908714	TX_ANT	ff	518:0:10:23:407
2908714	PKT	0:345:374969:518:630333:0:0
[VISION][STATUS] FPS=32 | mavi=— kirmizi=— | tespit=BEKLİYOR | kuyruk=0
2909714	TX_ANT	ff	508:0:11:33:989
2909714	PKT	0:339:366031:508:615515:0:0
2910714	TX_ANT	ff	524:0:10:21:215
2910714	PKT	0:347:374219:524:635351:0:0
2911714	TX_ANT	ff	517:0:10:22:251
2911714	PKT	0:344:373727:517:629063:0:0
2912714	TX_ANT	ff	510:0:10:27:1964
2912714	PKT	0:341:372857:510:622397:0:0
2913714	TX_ANT	ff	527:0:10:23:939
2913714	PKT	0:350:380363:527:641579:0:0
[VISION][STATUS] FPS=32 | mavi=— kirmizi=— | tespit=BEKLİYOR | kuyruk=0
2914714	TX_ANT	ff	515:0:10:31:3860
2914714	PKT	0:342:365940:515:621220:0:0
2915714	TX_ANT	ff	515:0:10:23:423
2915714	PKT	0:342:369564:515:624844:0:0
2916714	TX_ANT	ff	497:0:10:32:1238
2916714	PKT	0:332:360221:497:603797:0:0
2917714	TX_ANT	ff	507:0:10:25:1150
2917714	PKT	0:338:368507:507:617963:0:0
2918714	TX_ANT	ff	502:0:10:21:199
2918714	PKT	0:333:358846:502:608162:0:0
[VISION][STATUS] FPS=32 | mavi=(210,393) kirmizi=— | tespit=BEKLİYOR | kuyruk=0
2919714	TX_ANT	ff	521:0:10:22:1509
2919714	PKT	0:348:378889:521:634337:0:0
2920714	TX_ANT	ff	510:0:10:22:550
2920714	PKT	0:337:362499:510:617639:0:0
2921714	TX_ANT	ff	521:0:10:33:2958
2921714	PKT	0:348:377596:521:633044:0:0
2922714	TX_ANT	ff	513:0:10:31:1501
2922714	PKT	0:340:369604:513:624828:0:0
2923714	TX_ANT	ff	509:0:10:22:297
2923714	PKT	0:340:366274:509:615786:0:0
[VISION][STATUS] FPS=32 | mavi=— kirmizi=— | tespit=BEKLİYOR | kuyruk=0
2924714	TX_ANT	ff	518:0:10:29:1520
2924714	PKT	0:345:372185:518:627549:0:0
2925714	TX_ANT	ff	514:0:10:20:285
2925714	PKT	0:341:365321:514:620573:0:0
2926714	TX_ANT	ff	527:0:10:21:484
2926714	PKT	0:350:381116:527:642332:0:0
2927714	TX_ANT	ff	496:0:10:21:1391
2927714	PKT	0:331:357944:496:601492:0:0
2928714	TX_ANT	ff	515:0:10:23:227
2928714	PKT	0:342:369508:515:624788:0:0
[VISION][STATUS] FPS=32 | mavi=— kirmizi=— | tespit=BEKLİYOR | kuyruk=0
2929714	TX_ANT	ff	518:0:10:22:757
2929714	PKT	0:345:372572:518:627936:0:0
2930714	TX_ANT	ff	518:0:10:21:946
2930714	PKT	0:345:372326:518:627690:0:0
2931714	TX_ANT	ff	505:0:10:23:835
2931714	PKT	0:336:363502:505:612902:0:0
2932714	TX_ANT	ff	516:0:10:21:331
2932714	PKT	0:343:370957:516:626265:0:0
2933714	TX_ANT	ff	508:0:10:23:263
2933714	PKT	0:339:362923:508:612407:0:0
[VISION][STATUS] FPS=32 | mavi=— kirmizi=— | tespit=BEKLİYOR | kuyruk=0
2934714	TX_ANT	ff	513:0:10:26:838
2934714	PKT	0:340:368162:513:623386:0:0
2935715	TX_ANT	ff	519:0:10:26:1622
2935715	PKT	0:346:373747:519:629139:0:0
2936714	TX_ANT	ff	507:0:10:31:1060
2936714	PKT	0:338:365146:507:614602:0:0
2937714	TX_ANT	ff	515:0:10:24:505
2937714	PKT	0:342:368406:515:623686:0:0
2938714	TX_ANT	ff	506:0:10:22:751
2938714	PKT	0:337:368732:506:618160:0:0
[VISION][STATUS] FPS=32 | mavi=— kirmizi=— | tespit=BEKLİYOR | kuyruk=0
2939714	TX_ANT	ff	514:0:10:22:686
2939714	PKT	0:341:368747:514:623999:0:0
2940714	TX_ANT	ff	509:0:10:22:649
2940714	PKT	0:340:367075:509:616587:0:0
2941714	TX_ANT	ff	519:0:10:19:269
2941714	PKT	0:346:372634:519:628026:0:0
2942714	TX_ANT	ff	504:0:10:27:952
2942714	PKT	0:335:360360:504:609732:0:0
2943714	TX_ANT	ff	514:0:10:21:273
2943714	PKT	0:341:365495:514:620747:0:0
[VISION][STATUS] FPS=32 | mavi=— kirmizi=— | tespit=BEKLİYOR | kuyruk=0
2944714	TX_ANT	ff	508:0:10:29:1197
2944714	PKT	0:339:366101:508:615585:0:0
2945714	TX_ANT	ff	512:0:10:23:1010
2945714	PKT	0:339:364196:512:619392:0:0
2946714	TX_ANT	ff	516:0:9:21:944
2946714	PKT	0:343:369678:516:624986:0:0
2947714	TX_ANT	ff	506:0:10:25:847
2947714	PKT	0:337:361867:506:611295:0:0
2948714	TX_ANT	ff	506:0:10:36:3920
2948714	PKT	0:337:365261:506:614689:0:0
2949714	TX_ANT	ff	497:0:10:21:685
2949714	PKT	0:332:360408:497:603984:0:0
[VISION][STATUS] FPS=32 | mavi=(192,395) kirmizi=— | tespit=BEKLİYOR | kuyruk=0
2950715	TX_ANT	ff	524:0:10:21:1270
2950715	PKT	0:347:373309:524:634441:0:0
2951715	TX_ANT	ff	507:0:10:19:155
2951715	PKT	0:338:365504:507:614960:0:0
2952714	TX_ANT	ff	515:0:10:20:398
2952714	PKT	0:342:366859:515:622139:0:0
2953714	TX_ANT	ff	497:0:10:22:358
2953714	PKT	0:332:354943:497:598519:0:0
2954714	TX_ANT	ff	479:0:10:36:829
2954714	PKT	0:318:335381:479:572853:0:0
[VISION][STATUS] FPS=32 | mavi=— kirmizi=— | tespit=BEKLİYOR | kuyruk=0
2955714	TX_ANT	ff	484:0:10:23:871
2955714	PKT	0:323:342207:484:579819:0:0
2956714	TX_ANT	ff	481:0:10:28:363
2956714	PKT	0:320:338161:481:575689:0:0
2957714	TX_ANT	ff	491:0:10:29:634
2957714	PKT	0:326:348571:491:591979:0:0
2958714	TX_ANT	ff	505:0:9:21:647
2958714	PKT	0:336:362251:505:611651:0:0
2959714	TX_ANT	ff	496:0:10:23:1112
2959714	PKT	0:331:352927:496:596475:0:0
[VISION][STATUS] FPS=32 | mavi=— kirmizi=— | tespit=BEKLİYOR | kuyruk=0
2960714	TX_ANT	ff	504:0:10:23:643
2960714	PKT	0:335:361146:504:610518:0:0
2961715	TX_ANT	ff	515:0:10:42:1958
2961715	PKT	0:342:370977:515:626257:0:0
2962714	TX_ANT	ff	518:0:10:31:2778
2962714	PKT	0:345:375591:518:630955:0:0
2963714	TX_ANT	ff	513:0:10:20:247
2963714	PKT	0:340:366178:513:621402:0:0
2964714	TX_ANT	ff	494:0:10:33:870
2964714	PKT	0:329:351232:494:594724:0:0
[VISION][STATUS] FPS=32 | mavi=— kirmizi=— | tespit=BEKLİYOR | kuyruk=0
2965714	TX_ANT	ff	505:0:10:30:1088
2965714	PKT	0:336:363608:505:613008:0:0
2966714	TX_ANT	ff	497:0:10:28:3557
2966714	PKT	0:332:356491:497:600067:0:0
2967714	TX_ANT	ff	513:0:10:25:353
2967714	PKT	0:340:369205:513:624429:0:0
2968714	TX_ANT	ff	509:0:10:27:1146
2968714	PKT	0:340:363057:509:612569:0:0
2969714	TX_ANT	ff	502:0:11:25:311
2969714	PKT	0:333:360182:502:609498:0:0
[VISION][STATUS] FPS=33 | mavi=— kirmizi=— | tespit=BEKLİYOR | kuyruk=0
2970714	TX_ANT	ff	517:0:10:20:185
2970714	PKT	0:344:369691:517:625027:0:0
2971714	TX_ANT	ff	497:0:10:21:268
2971714	PKT	0:332:355258:497:598834:0:0
2972715	TX_ANT	ff	504:0:9:19:170
2972715	PKT	0:335:362188:504:611560:0:0
2973714	TX_ANT	ff	506:0:10:23:219
2973714	PKT	0:337:359384:506:608812:0:0
2974714	TX_ANT	ff	502:0:10:30:2697
2974714	PKT	0:333:358190:502:607506:0:0
[VISION][STATUS] FPS=32 | mavi=— kirmizi=— | tespit=BEKLİYOR | kuyruk=0
2975714	TX_ANT	ff	507:0:10:31:1156
2975714	PKT	0:338:360161:507:609617:0:0
2976714	TX_ANT	ff	511:0:10:23:1000
2976714	PKT	0:338:364144:511:619312:0:0
2977714	TX_ANT	ff	493:0:10:23:279
2977714	PKT	0:328:349660:493:593124:0:0
2978714	TX_ANT	ff	493:0:10:31:1293
2978714	PKT	0:328:350572:493:594036:0:0
2979714	TX_ANT	ff	506:0:10:25:888
2979714	PKT	0:337:367687:506:617115:0:0
[VISION][STATUS] FPS=32 | mavi=— kirmizi=— | tespit=BEKLİYOR | kuyruk=0
2980714	TX_ANT	ff	498:0:10:22:164
2980714	PKT	0:333:360238:498:603842:0:0
2981714	TX_ANT	ff	502:0:10:29:1012
2981714	PKT	0:333:355815:502:605131:0:0
2982714	TX_ANT	ff	507:0:10:21:359
2982714	PKT	0:338:366938:507:616394:0:0
2983714	TX_ANT	ff	500:0:10:23:526
2983714	PKT	0:331:357206:500:606466:0:0
2984716	TX_ANT	ff	506:0:10:21:347
2984716	PKT	0:337:366867:506:616295:0:0
[VISION][STATUS] FPS=32 | mavi=(200,397) kirmizi=— | tespit=BEKLİYOR | kuyruk=0
2985714	TX_ANT	ff	507:0:10:40:5563
2985714	PKT	0:338:364952:507:614408:0:0
2986714	TX_ANT	ff	503:0:10:23:519
2986714	PKT	0:334:354541:503:603885:0:0
2987714	TX_ANT	ff	495:0:10:26:685
2987714	PKT	0:330:350869:495:594389:0:0
2988714	TX_ANT	ff	506:0:10:23:282
2988714	PKT	0:337:364756:506:614184:0:0
2989714	TX_ANT	ff	502:0:10:25:446
2989714	PKT	0:333:359445:502:608761:0:0
[VISION][STATUS] FPS=32 | mavi=— kirmizi=— | tespit=BEKLİYOR | kuyruk=0
2990714	TX_ANT	ff	516:0:10:36:4671
2990714	PKT	0:343:370541:516:625849:0:0
2991714	TX_ANT	ff	496:0:10:23:1712
2991714	PKT	0:331:356417:496:599965:0:0
2992715	TX_ANT	ff	515:0:10:22:235
2992715	PKT	0:342:375129:515:630409:0:0
2993716	TX_ANT	ff	487:0:10:21:516
2993716	PKT	0:326:351448:487:589144:0:0
2994714	TX_ANT	ff	499:0:10:28:1409
2994714	PKT	0:330:355179:499:604411:0:0
[VISION][STATUS] FPS=32 | mavi=(201,393) kirmizi=— | tespit=BEKLİYOR | kuyruk=0
2995714	TX_ANT	ff	495:0:10:25:2219
2995714	PKT	0:330:351888:495:595408:0:0
2996714	TX_ANT	ff	516:0:10:30:1400
2996714	PKT	0:343:374126:516:629434:0:0
2997714	TX_ANT	ff	505:0:10:20:243
2997714	PKT	0:336:360636:505:610036:0:0
2998714	TX_ANT	ff	484:0:10:21:222
2998714	PKT	0:323:349364:484:586976:0:0
2999714	TX_ANT	ff	515:0:10:20:855
2999714	PKT	0:342:368319:515:623599:0:0
[VISION][STATUS] FPS=32 | mavi=— kirmizi=(329,423) | tespit=BEKLİYOR | kuyruk=0
3000715	TX_ANT	ff	495:0:10:20:203
3000715	PKT	0:330:351715:495:595235:0:0
3001714	TX_ANT	ff	489:0:10:30:921
3001714	PKT	0:324:349969:489:593321:0:0
3002714	TX_ANT	ff	487:0:10:29:3625
3002714	PKT	0:326:349914:487:587610:0:0
3003714	TX_ANT	ff	500:0:10:27:1243
3003714	PKT	0:331:352929:500:602189:0:0
3004714	TX_ANT	ff	503:0:10:26:662
3004714	PKT	0:334:356125:503:605469:0:0
[VISION][STATUS] FPS=32 | mavi=— kirmizi=— | tespit=BEKLİYOR | kuyruk=0
3005714	TX_ANT	ff	498:0:10:34:1510
3005714	PKT	0:333:357391:498:600995:0:0
3006714	TX_ANT	ff	495:0:10:21:883
3006714	PKT	0:330:352989:495:596509:0:0
3007714	TX_ANT	ff	505:0:10:20:252
3007714	PKT	0:336:361709:505:611109:0:0
3008714	TX_ANT	ff	505:0:10:31:484
3008714	PKT	0:336:364847:505:614247:0:0
3009714	TX_ANT	ff	504:0:10:21:493
3009714	PKT	0:335:360173:504:609545:0:0
[VISION][STATUS] FPS=32 | mavi=(201,393) kirmizi=— | tespit=BEKLİYOR | kuyruk=0
3010715	TX_ANT	ff	492:0:10:23:365
3010715	PKT	0:327:350593:492:594029:0:0
3011715	TX_ANT	ff	527:0:10:21:1373
3011715	PKT	0:350:380811:527:642027:0:0
3012714	TX_ANT	ff	484:0:10:23:984
3012714	PKT	0:323:343933:484:581545:0:0
3013714	TX_ANT	ff	493:0:10:21:207
3013714	PKT	0:328:351458:493:594922:0:0
3014714	TX_ANT	ff	518:0:10:29:2493
3014714	PKT	0:345:372113:518:627477:0:0
[VISION][STATUS] FPS=32 | mavi=— kirmizi=— | tespit=BEKLİYOR | kuyruk=0
3015714	TX_ANT	ff	512:0:10:23:806
3015714	PKT	0:339:365065:512:620261:0:0
3016714	TX_ANT	ff	493:0:10:18:168
3016714	PKT	0:328:349898:493:593362:0:0
3017714	TX_ANT	ff	504:0:10:19:208
3017714	PKT	0:335:360257:504:609629:0:0
3018715	TX_ANT	ff	517:0:10:18:105
3018715	PKT	0:344:374461:517:629797:0:0
3019714	TX_ANT	ff	504:0:10:23:283
3019714	PKT	0:335:362247:504:611619:0:0
[VISION][STATUS] FPS=32 | mavi=— kirmizi=(329,423) | tespit=BEKLİYOR | kuyruk=0
3020714	TX_ANT	ff	485:0:10:20:269
3020714	PKT	0:324:345601:485:583241:0:0
3021714	TX_ANT	ff	505:0:10:18:183
3021714	PKT	0:336:360327:505:609727:0:0
3022714	TX_ANT	ff	478:0:10:25:572
3022714	PKT	0:317:334279:478:571723:0:0
3023714	TX_ANT	ff	483:0:10:30:1515
3023714	PKT	0:322:343881:483:581465:0:0
3024714	TX_ANT	ff	494:0:10:19:189
3024714	PKT	0:329:352961:494:596453:0:0
[VISION][STATUS] FPS=32 | mavi=— kirmizi=(295,264) | tespit=BEKLİYOR | kuyruk=0
3025714	TX_ANT	ff	490:0:10:18:155
3025714	PKT	0:325:348330:490:591710:0:0
3026715	TX_ANT	ff	497:0:10:19:395
3026715	PKT	0:332:359102:497:602678:0:0
3027714	TX_ANT	ff	503:0:10:25:1211
3027714	PKT	0:334:358118:503:607462:0:0
3028714	TX_ANT	ff	504:0:10:26:677
3028714	PKT	0:335:360144:504:609516:0:0
3029714	TX_ANT	ff	493:0:10:19:274
3029714	PKT	0:328:349789:493:593253:0:0
[VISION][STATUS] FPS=32 | mavi=(202,393) kirmizi=(327,422) | tespit=BEKLİYOR | kuyruk=0
3030714	TX_ANT	ff	504:0:10:26:480
3030714	PKT	0:335:360460:504:609832:0:0
3031714	TX_ANT	ff	493:0:10:24:448
3031714	PKT	0:328:352421:493:595885:0:0
3032714	TX_ANT	ff	495:0:10:26:1800
3032714	PKT	0:330:357623:495:601143:0:0
3033715	TX_ANT	ff	516:0:10:20:197
3033715	PKT	0:343:373137:516:628445:0:0
3034714	TX_ANT	ff	504:0:9:20:311
3034714	PKT	0:335:359729:504:609101:0:0
[VISION][STATUS] FPS=32 | mavi=— kirmizi=— | tespit=BEKLİYOR | kuyruk=0
3035714	TX_ANT	ff	493:0:10:31:1592
3035714	PKT	0:328:351269:493:594733:0:0
3036714	TX_ANT	ff	505:0:10:25:526
3036714	PKT	0:336:361321:505:610721:0:0
3037714	TX_ANT	ff	509:0:10:24:947
3037714	PKT	0:340:366186:509:615698:0:0
3038714	TX_ANT	ff	502:0:10:21:224
3038714	PKT	0:333:354863:502:604179:0:0
3039715	TX_ANT	ff	504:0:10:28:1293
3039715	PKT	0:335:363884:504:613256:0:0
[VISION][STATUS] FPS=32 | mavi=— kirmizi=(327,424) | tespit=BEKLİYOR | kuyruk=0
3040714	TX_ANT	ff	482:0:10:31:1078
3040714	PKT	0:321:340417:482:577973:0:0
3041714	TX_ANT	ff	493:0:10:20:176
3041714	PKT	0:328:349542:493:593006:0:0
3042714	TX_ANT	ff	508:0:10:34:1310
3042714	PKT	0:339:368572:508:618056:0:0
3043714	TX_ANT	ff	512:0:10:26:1297
3043714	PKT	0:339:364523:512:619719:0:0
3044714	TX_ANT	ff	460:0:10:26:1392
3044714	PKT	0:307:321264:460:547004:0:0
[VISION][STATUS] FPS=32 | mavi=— kirmizi=(338,415) | tespit=BEKLİYOR | kuyruk=0
3045714	TX_ANT	ff	446:0:10:28:1332
3045714	PKT	0:297:307570:446:527318:0:0
3046715	TX_ANT	ff	506:0:10:30:1099
3046715	PKT	0:337:366953:506:616381:0:0
3047714	TX_ANT	ff	464:0:10:29:1728
3047714	PKT	0:307:317547:464:548999:0:0
3048714	TX_ANT	ff	500:0:10:22:184
3048714	PKT	0:335:357929:500:601589:0:0
3049714	TX_ANT	ff	498:0:10:26:1296
3049714	PKT	0:329:351493:498:600697:0:0
[VISION][STATUS] FPS=32 | mavi=— kirmizi=(343,424) | tespit=BEKLİYOR | kuyruk=0
3050715	TX_ANT	ff	507:0:10:26:1786
3050715	PKT	0:338:364571:507:614027:0:0
3051714	TX_ANT	ff	493:0:10:24:309
3051714	PKT	0:328:354152:493:597616:0:0
3052715	TX_ANT	ff	495:0:10:24:714
3052715	PKT	0:330:354948:495:598468:0:0
3053714	TX_ANT	ff	501:0:10:22:862
3053714	PKT	0:332:358222:501:607510:0:0
3054714	TX_ANT	ff	507:0:10:28:3321
3054714	PKT	0:338:365252:507:614708:0:0
[VISION][STATUS] FPS=32 | mavi=— kirmizi=— | tespit=BEKLİYOR | kuyruk=0
3055714	TX_ANT	ff	492:0:10:21:1144
3055714	PKT	0:327:351716:492:595152:0:0
3056714	TX_ANT	ff	495:0:10:23:834
3056714	PKT	0:330:352828:495:596348:0:0
3057714	TX_ANT	ff	496:0:10:24:295
3057714	PKT	0:331:354558:496:598106:0:0
3058714	TX_ANT	ff	494:0:10:26:827
3058714	PKT	0:329:354788:494:598280:0:0
3059714	TX_ANT	ff	505:0:10:27:535
3059714	PKT	0:336:363613:505:613013:0:0
[VISION][STATUS] FPS=32 | mavi=— kirmizi=— | tespit=BEKLİYOR | kuyruk=0
3060714	TX_ANT	ff	489:0:10:20:798
3060714	PKT	0:325:347285:489:590577:0:0
3061714	TX_ANT	ff	507:0:10:33:2716
3061714	PKT	0:338:366288:507:615744:0:0
3062714	TX_ANT	ff	489:0:10:23:916
3062714	PKT	0:324:346789:489:590141:0:0
3063714	TX_ANT	ff	494:0:10:27:1462
3063714	PKT	0:329:352050:494:595542:0:0
3064714	TX_ANT	ff	481:0:10:25:722
3064714	PKT	0:320:342692:481:580220:0:0
[VISION][STATUS] FPS=32 | mavi=— kirmizi=— | tespit=BEKLİYOR | kuyruk=0
3065714	TX_ANT	ff	502:0:10:20:227
3065714	PKT	0:333:356455:502:605771:0:0
3066714	TX_ANT	ff	488:0:10:19:147
3066714	PKT	0:327:352397:488:590121:0:0
3067714	TX_ANT	ff	489:0:10:23:1039
3067714	PKT	0:324:347684:489:591036:0:0
3068714	TX_ANT	ff	502:0:10:22:317
3068714	PKT	0:333:356175:502:605491:0:0
3069714	TX_ANT	ff	495:0:10:20:227
3069714	PKT	0:330:350403:495:593923:0:0
[VISION][STATUS] FPS=32 | mavi=— kirmizi=— | tespit=BEKLİYOR | kuyruk=0
3070714	TX_ANT	ff	510:0:10:21:835
3070714	PKT	0:341:364030:510:613570:0:0
3071714	TX_ANT	ff	502:0:10:32:1765
3071714	PKT	0:333:358163:502:607479:0:0
3072714	TX_ANT	ff	505:0:10:19:386
3072714	PKT	0:336:363285:505:612685:0:0
3073714	TX_ANT	ff	505:0:10:25:810
3073714	PKT	0:336:363623:505:613023:0:0
3074714	TX_ANT	ff	506:0:10:33:1223
3074714	PKT	0:337:362204:506:611632:0:0
[VISION][STATUS] FPS=32 | mavi=— kirmizi=— | tespit=BEKLİYOR | kuyruk=0
3075714	TX_ANT	ff	506:0:10:19:699
3075714	PKT	0:337:360990:506:610418:0:0
3076714	TX_ANT	ff	523:0:10:24:599
3076714	PKT	0:346:377316:523:638420:0:0
3077714	TX_ANT	ff	509:0:10:22:496
3077714	PKT	0:340:366603:509:616115:0:0
3078714	TX_ANT	ff	502:0:10:28:1429
3078714	PKT	0:333:358803:502:608119:0:0
3079714	TX_ANT	ff	509:0:10:28:673
3079714	PKT	0:340:369348:509:618860:0:0
[VISION][STATUS] FPS=32 | mavi=— kirmizi=— | tespit=BEKLİYOR | kuyruk=0
3080715	TX_ANT	ff	494:0:10:21:731
3080715	PKT	0:329:350443:494:593935:0:0
3081714	TX_ANT	ff	505:0:10:31:733
3081714	PKT	0:336:365684:505:615084:0:0
3082714	TX_ANT	ff	517:0:10:24:353
3082714	PKT	0:344:371888:517:627224:0:0
3083715	TX_ANT	ff	456:0:10:33:1068
3083715	PKT	0:303:319145:456:544773:0:0
3084714	TX_ANT	ff	482:0:10:20:222
3084714	PKT	0:321:340460:482:578016:0:0
[VISION][STATUS] FPS=32 | mavi=— kirmizi=— | tespit=BEKLİYOR | kuyruk=0
3085714	TX_ANT	ff	493:0:10:18:217
3085714	PKT	0:328:352022:493:595486:0:0
3086714	TX_ANT	ff	490:0:10:24:430
3086714	PKT	0:325:349375:490:592755:0:0
3087716	TX_ANT	ff	502:0:10:28:2072
3087716	PKT	0:333:356193:502:605509:0:0
3088715	TX_ANT	ff	485:0:10:26:771
3088715	PKT	0:324:347291:485:584931:0:0
3089715	TX_ANT	ff	483:0:10:28:480
3089715	PKT	0:322:344230:483:581814:0:0
[VISION][STATUS] FPS=32 | mavi=— kirmizi=— | tespit=BEKLİYOR | kuyruk=0
3090714	TX_ANT	ff	482:0:10:24:1287
3090714	PKT	0:321:342787:482:580343:0:0
3091714	TX_ANT	ff	491:0:10:33:1598
3091714	PKT	0:326:347399:491:590807:0:0
3092714	TX_ANT	ff	518:0:10:26:2410
3092714	PKT	0:345:371155:518:626519:0:0
3093714	TX_ANT	ff	493:0:10:20:152
3093714	PKT	0:328:350952:493:594416:0:0
3094714	TX_ANT	ff	500:0:10:30:2578
3094714	PKT	0:331:356867:500:606127:0:0
[VISION][STATUS] FPS=32 | mavi=— kirmizi=— | tespit=BEKLİYOR | kuyruk=0
3095715	TX_ANT	ff	517:0:10:22:1170
3095715	PKT	0:344:372989:517:628325:0:0
3096714	TX_ANT	ff	522:0:10:20:431
3096714	PKT	0:349:378563:522:634039:0:0
3097714	TX_ANT	ff	502:0:10:19:193
3097714	PKT	0:333:359655:502:608971:0:0
3098714	TX_ANT	ff	495:0:10:25:1124
3098714	PKT	0:330:352314:495:595834:0:0
3099714	TX_ANT	ff	483:0:10:20:196
3099714	PKT	0:322:347217:483:584801:0:0
[VISION][STATUS] FPS=33 | mavi=— kirmizi=(271,384) | tespit=BEKLİYOR | kuyruk=0
3100714	TX_ANT	ff	503:0:10:20:866
3100714	PKT	0:334:358137:503:607481:0:0
3101714	TX_ANT	ff	489:0:10:30:966
3101714	PKT	0:324:351261:489:594613:0:0
3102714	TX_ANT	ff	498:0:10:24:822
3102714	PKT	0:333:356288:498:599892:0:0
3103714	TX_ANT	ff	501:0:10:22:313
3103714	PKT	0:332:354888:501:604176:0:0
3104715	TX_ANT	ff	493:0:10:25:853
3104715	PKT	0:328:351827:493:595291:0:0
[VISION][STATUS] FPS=32 | mavi=— kirmizi=— | tespit=BEKLİYOR | kuyruk=0
3105714	TX_ANT	ff	516:0:10:24:1514
3105714	PKT	0:343:367497:516:622805:0:0
3106714	TX_ANT	ff	492:0:10:22:727
3106714	PKT	0:327:350221:492:593657:0:0
3107714	TX_ANT	ff	500:0:10:25:577
3107714	PKT	0:335:358493:500:602153:0:0
3108714	TX_ANT	ff	501:0:10:33:2757
3108714	PKT	0:332:355867:501:605155:0:0
3109715	TX_ANT	ff	520:0:10:25:656
3109715	PKT	0:347:381057:520:636477:0:0
[VISION][STATUS] FPS=33 | mavi=— kirmizi=— | tespit=BEKLİYOR | kuyruk=0
3110714	TX_ANT	ff	500:0:10:24:421
3110714	PKT	0:331:357834:500:607094:0:0
3111714	TX_ANT	ff	530:0:10:20:161
3111714	PKT	0:353:386276:530:647576:0:0
3112714	TX_ANT	ff	505:0:10:18:153
3112714	PKT	0:336:363167:505:612567:0:0
3113715	TX_ANT	ff	504:0:10:23:415
3113715	PKT	0:335:367658:504:617030:0:0
3114714	TX_ANT	ff	498:0:10:25:483
3114714	PKT	0:333:360786:498:604390:0:0
[VISION][STATUS] FPS=33 | mavi=— kirmizi=— | tespit=BEKLİYOR | kuyruk=0
3115714	TX_ANT	ff	500:0:10:37:1774
3115714	PKT	0:331:354419:500:603679:0:0
3116715	TX_ANT	ff	497:0:11:38:916
3116715	PKT	0:332:359061:497:602637:0:0
3117714	TX_ANT	ff	502:0:10:27:324
3117714	PKT	0:333:360817:502:610133:0:0
3118714	TX_ANT	ff	507:0:10:28:1307
3118714	PKT	0:338:364122:507:613578:0:0
3119714	TX_ANT	ff	519:0:10:32:688
3119714	PKT	0:346:373074:519:628466:0:0
[VISION][STATUS] FPS=32 | mavi=— kirmizi=— | tespit=BEKLİYOR | kuyruk=0
3120714	TX_ANT	ff	506:0:10:26:510
3120714	PKT	0:337:361203:506:610631:0:0
3121714	TX_ANT	ff	505:0:10:23:846
3121714	PKT	0:336:360201:505:609601:0:0
3122714	TX_ANT	ff	504:0:10:33:1668
3122714	PKT	0:335:357424:504:606796:0:0
3123714	TX_ANT	ff	512:0:10:24:922
3123714	PKT	0:339:365702:512:620898:0:0
3124714	TX_ANT	ff	520:0:10:19:278
3124714	PKT	0:347:375091:520:630511:0:0
[VISION][STATUS] FPS=33 | mavi=— kirmizi=— | tespit=BEKLİYOR | kuyruk=0
3125714	TX_ANT	ff	503:0:10:23:387
3125714	PKT	0:334:361376:503:610720:0:0
3126714	TX_ANT	ff	504:0:10:31:3722
3126714	PKT	0:335:361797:504:611169:0:0
3127714	TX_ANT	ff	499:0:10:23:1943
3127714	PKT	0:334:362272:499:605904:0:0
3128714	TX_ANT	ff	499:0:10:19:168
3128714	PKT	0:330:351744:499:600976:0:0
3129715	TX_ANT	ff	508:0:10:31:1318
3129715	PKT	0:339:362881:508:612365:0:0
[VISION][STATUS] FPS=33 | mavi=— kirmizi=— | tespit=BEKLİYOR | kuyruk=0
3130714	TX_ANT	ff	513:0:10:25:996
3130714	PKT	0:340:370588:513:625812:0:0
3131714	TX_ANT	ff	500:0:10:26:1455
3131714	PKT	0:335:359809:500:603469:0:0
3132714	TX_ANT	ff	489:0:10:21:259
3132714	PKT	0:324:345997:489:589349:0:0
3133714	TX_ANT	ff	505:0:10:24:1560
3133714	PKT	0:336:362654:505:612054:0:0
3134714	TX_ANT	ff	502:0:10:22:828
3134714	PKT	0:333:356134:502:605450:0:0
[VISION][STATUS] FPS=33 | mavi=— kirmizi=— | tespit=BEKLİYOR | kuyruk=0
3135714	TX_ANT	ff	496:0:10:21:872
3135714	PKT	0:331:352524:496:596072:0:0
3136714	TX_ANT	ff	509:0:10:26:400
3136714	PKT	0:340:366446:509:615958:0:0
3137714	TX_ANT	ff	517:0:10:26:518
3137714	PKT	0:344:371304:517:626640:0:0
3138714	TX_ANT	ff	502:0:10:19:150
3138714	PKT	0:333:359152:502:608468:0:0
3139714	TX_ANT	ff	507:0:10:25:1212
3139714	PKT	0:338:364010:507:613466:0:0
[VISION][STATUS] FPS=32 | mavi=— kirmizi=— | tespit=BEKLİYOR | kuyruk=0
3140714	TX_ANT	ff	512:0:10:25:1014
3140714	PKT	0:339:364991:512:620187:0:0
3141714	TX_ANT	ff	519:0:10:22:398
3141714	PKT	0:346:377004:519:632396:0:0
3142714	TX_ANT	ff	504:0:11:27:705
3142714	PKT	0:335:363656:504:613028:0:0
3143714	TX_ANT	ff	515:0:10:18:251
3143714	PKT	0:342:366859:515:622139:0:0
3144714	TX_ANT	ff	500:0:10:31:785
3144714	PKT	0:335:356763:500:600423:0:0
[VISION][STATUS] FPS=32 | mavi=— kirmizi=— | tespit=BEKLİYOR | kuyruk=0
3145714	TX_ANT	ff	510:0:10:22:203
3145714	PKT	0:337:364054:510:619194:0:0
3146714	TX_ANT	ff	498:0:10:19:187
3146714	PKT	0:333:359491:498:603095:0:0
3147714	TX_ANT	ff	517:0:10:23:1092
3147714	PKT	0:344:369245:517:624581:0:0
3148714	TX_ANT	ff	513:0:10:21:728
3148714	PKT	0:340:367072:513:622296:0:0
3149714	TX_ANT	ff	505:0:10:21:275
3149714	PKT	0:336:360908:505:610308:0:0
[VISION][STATUS] FPS=32 | mavi=— kirmizi=— | tespit=BEKLİYOR | kuyruk=0
3150714	TX_ANT	ff	508:0:10:35:2673
3150714	PKT	0:339:365227:508:614711:0:0
3151714	TX_ANT	ff	503:0:10:27:1214
3151714	PKT	0:334:360912:503:610256:0:0
3152715	TX_ANT	ff	510:0:10:20:192
3152715	PKT	0:341:370290:510:619830:0:0
3153714	TX_ANT	ff	511:0:10:28:1277
3153714	PKT	0:338:363947:511:619115:0:0
3154714	TX_ANT	ff	505:0:10:33:2923
3154714	PKT	0:336:365232:505:614632:0:0
[VISION][STATUS] FPS=32 | mavi=— kirmizi=— | tespit=BEKLİYOR | kuyruk=0
3155716	TX_ANT	ff	504:0:10:32:1341
3155716	PKT	0:335:365305:504:614677:0:0
3156715	TX_ANT	ff	505:0:10:30:369
3156715	PKT	0:336:361573:505:610973:0:0
3157714	TX_ANT	ff	511:0:10:24:376
3157714	PKT	0:342:369569:511:619137:0:0
3158714	TX_ANT	ff	506:0:10:26:1295
3158714	PKT	0:337:365794:506:615222:0:0
3159714	TX_ANT	ff	511:0:10:21:197
3159714	PKT	0:338:366198:511:621366:0:0
3160715	TX_ANT	ff	483:0:10:25:662
3160715	PKT	0:322:345005:483:582589:0:0
[VISION][STATUS] FPS=32 | mavi=— kirmizi=— | tespit=BEKLİYOR | kuyruk=0
3161715	TX_ANT	ff	490:0:10:23:956
3161715	PKT	0:325:346937:490:590317:0:0
3162714	TX_ANT	ff	496:0:10:23:1393
3162714	PKT	0:331:356338:496:599886:0:0
3163714	TX_ANT	ff	503:0:10:22:381
3163714	PKT	0:334:360767:503:610111:0:0
3164714	TX_ANT	ff	496:0:10:26:1337
3164714	PKT	0:331:353034:496:596582:0:0
3165714	TX_ANT	ff	496:0:10:21:1009
3165714	PKT	0:331:355989:496:599537:0:0
[VISION][STATUS] FPS=32 | mavi=— kirmizi=— | tespit=BEKLİYOR | kuyruk=0
3166714	TX_ANT	ff	480:0:10:18:159
3166714	PKT	0:319:338434:480:575934:0:0
3167714	TX_ANT	ff	506:0:10:22:787
3167714	PKT	0:337:362174:506:611602:0:0
3168714	TX_ANT	ff	499:0:10:27:291
3168714	PKT	0:330:359404:499:608636:0:0
3169714	TX_ANT	ff	506:0:10:23:310
3169714	PKT	0:337:365128:506:614556:0:0
3170714	TX_ANT	ff	508:0:10:19:252
3170714	PKT	0:339:366902:508:616386:0:0
[VISION][STATUS] FPS=32 | mavi=— kirmizi=— | tespit=BEKLİYOR | kuyruk=0
3171714	TX_ANT	ff	482:0:10:41:4974
3171714	PKT	0:321:341576:482:579132:0:0
3172714	TX_ANT	ff	504:0:10:25:391
3172714	PKT	0:335:360931:504:610303:0:0
3173714	TX_ANT	ff	538:0:10:29:1431
3173714	PKT	0:357:389300:538:656424:0:0
3174715	TX_ANT	ff	491:0:10:34:1637
3174715	PKT	0:326:350839:491:594247:0:0
3175714	TX_ANT	ff	520:0:10:26:1372
3175714	PKT	0:347:377642:520:633062:0:0
[VISION][STATUS] FPS=32 | mavi=— kirmizi=(342,419) | tespit=BEKLİYOR | kuyruk=0
3176714	TX_ANT	ff	492:0:10:21:264
3176714	PKT	0:327:350235:492:593671:0:0
3177714	TX_ANT	ff	484:0:10:24:452
3177714	PKT	0:323:344358:484:581970:0:0
3178714	TX_ANT	ff	504:0:10:19:361
3178714	PKT	0:335:362238:504:611610:0:0
3179714	TX_ANT	ff	493:0:10:25:223
3179714	PKT	0:328:349316:493:592780:0:0
3180714	TX_ANT	ff	501:0:10:26:2036
3180714	PKT	0:332:357533:501:606821:0:0
[VISION][STATUS] FPS=32 | mavi=— kirmizi=— | tespit=BEKLİYOR | kuyruk=0
3181714	TX_ANT	ff	475:0:10:19:762
3181714	PKT	0:318:339721:475:571481:0:0
3182714	TX_ANT	ff	511:0:10:20:797
3182714	PKT	0:338:369103:511:624271:0:0
3183714	TX_ANT	ff	493:0:10:24:498
3183714	PKT	0:328:353071:493:596535:0:0
3184714	TX_ANT	ff	499:0:10:39:2695
3184714	PKT	0:334:360851:499:604483:0:0
3185714	TX_ANT	ff	505:0:10:19:209
3185714	PKT	0:336:362493:505:611893:0:0
[VISION][STATUS] FPS=32 | mavi=— kirmizi=— | tespit=BEKLİYOR | kuyruk=0
3186714	TX_ANT	ff	513:0:9:21:917
3186714	PKT	0:340:364898:513:620122:0:0
3187714	TX_ANT	ff	506:0:10:19:165
3187714	PKT	0:337:365091:506:614519:0:0
3188714	TX_ANT	ff	494:0:10:18:191
3188714	PKT	0:329:351308:494:594800:0:0
3189714	TX_ANT	ff	525:0:9:20:329
3189714	PKT	0:348:378015:525:639175:0:0
3190714	TX_ANT	ff	512:0:10:28:952
3190714	PKT	0:343:371022:512:620618:0:0
[VISION][STATUS] FPS=32 | mavi=— kirmizi=— | tespit=BEKLİYOR | kuyruk=0
3191714	TX_ANT	ff	525:0:10:21:196
3191714	PKT	0:348:374193:525:635353:0:0
3192714	TX_ANT	ff	481:0:10:24:990
3192714	PKT	0:320:339052:481:576580:0:0
3193716	TX_ANT	ff	504:0:10:24:1078
3193716	PKT	0:335:360318:504:609690:0:0
3194715	TX_ANT	ff	495:0:10:20:204
3194715	PKT	0:330:351481:495:595001:0:0
3195714	TX_ANT	ff	495:0:10:23:266
3195714	PKT	0:330:352778:495:596298:0:0
[VISION][STATUS] FPS=32 | mavi=— kirmizi=— | tespit=BEKLİYOR | kuyruk=0
3196714	TX_ANT	ff	493:0:10:26:1163
3196714	PKT	0:328:350268:493:593732:0:0
3197714	TX_ANT	ff	506:0:10:20:187
3197714	PKT	0:337:358131:506:607559:0:0
3198714	TX_ANT	ff	504:0:10:21:443
3198714	PKT	0:335:357022:504:606394:0:0
3199714	TX_ANT	ff	493:0:10:24:1697
3199714	PKT	0:328:349562:493:593026:0:0
3200714	TX_ANT	ff	490:0:10:19:189
3200714	PKT	0:325:346276:490:589656:0:0
[VISION][STATUS] FPS=32 | mavi=— kirmizi=— | tespit=BEKLİYOR | kuyruk=0
3201715	TX_ANT	ff	495:0:10:26:1071
3201715	PKT	0:330:349099:495:592619:0:0
3202716	TX_ANT	ff	483:0:10:26:1507
3202716	PKT	0:322:342470:483:580054:0:0
3203714	TX_ANT	ff	492:0:10:20:175
3203714	PKT	0:327:352784:492:596220:0:0
3204714	TX_ANT	ff	511:0:10:23:269
3204714	PKT	0:338:361251:511:616419:0:0
3205714	TX_ANT	ff	496:0:11:30:1402
3205714	PKT	0:331:356469:496:600017:0:0
[VISION][STATUS] FPS=32 | mavi=— kirmizi=— | tespit=BEKLİYOR | kuyruk=0
3206714	TX_ANT	ff	509:0:10:22:552
3206714	PKT	0:340:367310:509:616822:0:0
3207714	TX_ANT	ff	499:0:10:26:1275
3207714	PKT	0:330:351742:499:600974:0:0
3208714	TX_ANT	ff	493:0:11:31:869
3208714	PKT	0:328:352627:493:596091:0:0
3209714	TX_ANT	ff	480:0:10:31:1889
3209714	PKT	0:319:338753:480:576253:0:0
3210714	TX_ANT	ff	485:0:10:30:906
3210714	PKT	0:324:348675:485:586315:0:0
[VISION][STATUS] FPS=32 | mavi=— kirmizi=— | tespit=BEKLİYOR | kuyruk=0
3211714	TX_ANT	ff	494:0:10:30:1322
3211714	PKT	0:329:352332:494:595824:0:0
3212714	TX_ANT	ff	502:0:10:27:738
3212714	PKT	0:333:355773:502:605089:0:0
3213714	TX_ANT	ff	493:0:10:18:135
3213714	PKT	0:328:349302:493:592766:0:0
3214715	TX_ANT	ff	493:0:10:30:1380
3214715	PKT	0:328:352577:493:596041:0:0
3215714	TX_ANT	ff	506:0:10:27:1044
3215714	PKT	0:337:361485:506:610913:0:0
[VISION][STATUS] FPS=32 | mavi=— kirmizi=— | tespit=BEKLİYOR | kuyruk=0
3216714	TX_ANT	ff	518:0:10:22:283
3216714	PKT	0:345:369692:518:625056:0:0
3217714	TX_ANT	ff	496:0:10:25:1246
3217714	PKT	0:331:354182:496:597730:0:0
3218714	TX_ANT	ff	467:0:10:20:349
3218714	PKT	0:310:324604:467:556140:0:0
3219714	TX_ANT	ff	469:0:10:26:576
3219714	PKT	0:312:327364:469:558956:0:0
3220715	TX_ANT	ff	492:0:10:30:862
3220715	PKT	0:327:347775:492:591211:0:0
[VISION][STATUS] FPS=32 | mavi=— kirmizi=— | tespit=BEKLİYOR | kuyruk=0
3221714	TX_ANT	ff	491:0:10:18:172
3221714	PKT	0:326:349999:491:593407:0:0
3222714	TX_ANT	ff	494:0:10:19:290
3222714	PKT	0:329:352034:494:595526:0:0
3223714	TX_ANT	ff	485:0:10:20:483
3223714	PKT	0:324:347601:485:585241:0:0
3224714	TX_ANT	ff	493:0:10:25:385
3224714	PKT	0:328:352517:493:595981:0:0
3225714	TX_ANT	ff	498:0:10:29:989
3225714	PKT	0:329:349966:498:599170:0:0
[VISION][STATUS] FPS=32 | mavi=— kirmizi=— | tespit=BEKLİYOR | kuyruk=0
3226714	TX_ANT	ff	488:0:10:40:1373
3226714	PKT	0:327:350321:488:588045:0:0
3227714	TX_ANT	ff	498:0:10:29:1263
3227714	PKT	0:329:352852:498:602056:0:0
3228714	TX_ANT	ff	507:0:11:36:875
3228714	PKT	0:338:368847:507:618303:0:0
3229714	TX_ANT	ff	494:0:10:20:256
3229714	PKT	0:329:358129:494:601621:0:0
3230714	TX_ANT	ff	503:0:11:39:712
3230714	PKT	0:334:358637:503:607981:0:0
[VISION][STATUS] FPS=32 | mavi=— kirmizi=— | tespit=BEKLİYOR | kuyruk=0
3231714	TX_ANT	ff	507:0:10:35:2666
3231714	PKT	0:338:367393:507:616849:0:0
3232714	TX_ANT	ff	514:0:10:40:1784
3232714	PKT	0:341:366668:514:621920:0:0
3233714	TX_ANT	ff	508:0:10:20:349
3233714	PKT	0:339:362936:508:612420:0:0
3234714	TX_ANT	ff	515:0:10:26:571
3234714	PKT	0:342:369775:515:625055:0:0
3235714	TX_ANT	ff	507:0:10:31:1222
3235714	PKT	0:338:361408:507:610864:0:0
[VISION][STATUS] FPS=32 | mavi=— kirmizi=— | tespit=BEKLİYOR | kuyruk=0
3236714	TX_ANT	ff	504:0:10:19:510
3236714	PKT	0:335:363079:504:612451:0:0
3237714	TX_ANT	ff	515:0:10:23:267
3237714	PKT	0:342:369345:515:624625:0:0
3238714	TX_ANT	ff	510:0:10:20:235
3238714	PKT	0:341:369580:510:619120:0:0
3239714	TX_ANT	ff	503:0:10:30:1347
3239714	PKT	0:334:364872:503:614216:0:0
3240714	TX_ANT	ff	502:0:10:24:1840
3240714	PKT	0:333:357063:502:606379:0:0
[VISION][STATUS] FPS=32 | mavi=— kirmizi=— | tespit=BEKLİYOR | kuyruk=0
3241714	TX_ANT	ff	496:0:10:20:271
3241714	PKT	0:331:358761:496:602309:0:0
3242714	TX_ANT	ff	505:0:10:30:1340
3242714	PKT	0:336:362104:505:611504:0:0
3243714	TX_ANT	ff	515:0:10:28:2094
3243714	PKT	0:342:373722:515:629002:0:0
3244714	TX_ANT	ff	504:0:10:24:1701
3244714	PKT	0:335:361240:504:610612:0:0
3245714	TX_ANT	ff	497:0:10:20:322
3245714	PKT	0:332:358076:497:601652:0:0
[VISION][STATUS] FPS=33 | mavi=— kirmizi=— | tespit=BEKLİYOR | kuyruk=0
3246714	TX_ANT	ff	496:0:10:23:996
3246714	PKT	0:331:361243:496:604791:0:0
3247714	TX_ANT	ff	500:0:10:23:248
3247714	PKT	0:331:358674:500:607934:0:0
3248714	TX_ANT	ff	497:0:10:23:1253
3248714	PKT	0:332:354397:497:597973:0:0
3249714	TX_ANT	ff	499:0:10:24:660
3249714	PKT	0:330:354250:499:603482:0:0
3250714	TX_ANT	ff	505:0:10:28:1699
3250714	PKT	0:336:359247:505:608647:0:0
[VISION][STATUS] FPS=32 | mavi=— kirmizi=— | tespit=BEKLİYOR | kuyruk=0
3251714	TX_ANT	ff	507:0:10:21:225
3251714	PKT	0:338:367075:507:616531:0:0
3252715	TX_ANT	ff	504:0:10:28:1908
3252715	PKT	0:335:362851:504:612223:0:0
3253714	TX_ANT	ff	498:0:10:18:193
3253714	PKT	0:333:355493:498:599097:0:0
3254714	TX_ANT	ff	515:0:10:20:296
3254714	PKT	0:342:369893:515:625173:0:0
3255714	TX_ANT	ff	507:0:10:35:981
3255714	PKT	0:338:365482:507:614938:0:0
[VISION][STATUS] FPS=33 | mavi=— kirmizi=— | tespit=BEKLİYOR | kuyruk=0
3256714	TX_ANT	ff	469:0:10:20:175
3256714	PKT	0:312:329044:469:560636:0:0
3257714	TX_ANT	ff	505:0:10:22:934
3257714	PKT	0:336:364139:505:613539:0:0
3258714	TX_ANT	ff	494:0:10:31:1832
3258714	PKT	0:329:352851:494:596343:0:0
3259715	TX_ANT	ff	466:0:10:37:1496
3259715	PKT	0:309:324203:466:555711:0:0
3260714	TX_ANT	ff	506:0:10:26:1492
3260714	PKT	0:337:369660:506:619088:0:0
[VISION][STATUS] FPS=32 | mavi=— kirmizi=— | tespit=BEKLİYOR | kuyruk=0
3261714	TX_ANT	ff	506:0:10:27:1030
3261714	PKT	0:337:365218:506:614646:0:0
3262714	TX_ANT	ff	500:0:10:32:3230
3262714	PKT	0:331:352856:500:602116:0:0
3263714	TX_ANT	ff	475:0:10:24:512
3263714	PKT	0:318:337424:475:569184:0:0
3264714	TX_ANT	ff	501:0:10:22:1394
3264714	PKT	0:332:357246:501:606534:0:0
3265714	TX_ANT	ff	494:0:10:26:1666
3265714	PKT	0:329:353841:494:597333:0:0
[VISION][STATUS] FPS=32 | mavi=— kirmizi=— | tespit=BEKLİYOR | kuyruk=0
3266714	TX_ANT	ff	506:0:10:24:871
3266714	PKT	0:337:363496:506:612924:0:0
3267714	TX_ANT	ff	515:0:10:25:1280
3267714	PKT	0:342:369552:515:624832:0:0
3268714	TX_ANT	ff	508:0:10:30:1355
3268714	PKT	0:339:368074:508:617558:0:0
3269714	TX_ANT	ff	504:0:10:26:1035
3269714	PKT	0:335:361891:504:611263:0:0
3270714	TX_ANT	ff	503:0:10:24:186
3270714	PKT	0:334:361702:503:611046:0:0
[VISION][STATUS] FPS=32 | mavi=— kirmizi=— | tespit=BEKLİYOR | kuyruk=0
3271714	TX_ANT	ff	519:0:10:23:996
3271714	PKT	0:346:375842:519:631234:0:0
3272714	TX_ANT	ff	507:0:10:25:1502
3272714	PKT	0:338:367522:507:616978:0:0
3273714	TX_ANT	ff	492:0:10:19:157
3273714	PKT	0:327:345758:492:589194:0:0
3274714	TX_ANT	ff	526:0:10:23:934
3274714	PKT	0:349:376315:526:637503:0:0
3275714	TX_ANT	ff	506:0:10:20:275
3275714	PKT	0:337:365981:506:615409:0:0
[VISION][STATUS] FPS=32 | mavi=— kirmizi=— | tespit=BEKLİYOR | kuyruk=0
3276714	TX_ANT	ff	506:0:10:26:1517
3276714	PKT	0:337:361662:506:611090:0:0
3277714	TX_ANT	ff	506:0:10:28:543
3277714	PKT	0:337:365739:506:615167:0:0
3278715	TX_ANT	ff	517:0:10:24:342
3278715	PKT	0:344:369487:517:624823:0:0
3279714	TX_ANT	ff	503:0:10:26:620
3279714	PKT	0:334:356580:503:605924:0:0
3280714	TX_ANT	ff	468:0:10:25:691
3280714	PKT	0:311:328855:468:560419:0:0
[VISION][STATUS] FPS=32 | mavi=— kirmizi=— | tespit=BEKLİYOR | kuyruk=0
3281714	TX_ANT	ff	502:0:10:20:1110
3281714	PKT	0:333:358852:502:608168:0:0
3282714	TX_ANT	ff	508:0:10:21:1011
3282714	PKT	0:339:364859:508:614343:0:0
3283714	TX_ANT	ff	494:0:10:18:171
3283714	PKT	0:329:355231:494:598723:0:0
3284714	TX_ANT	ff	506:0:10:22:1301
3284714	PKT	0:337:362715:506:612143:0:0
3285714	TX_ANT	ff	505:0:10:20:221
3285714	PKT	0:336:365427:505:614827:0:0
[VISION][STATUS] FPS=32 | mavi=— kirmizi=— | tespit=BEKLİYOR | kuyruk=0
3286714	TX_ANT	ff	524:0:10:23:284
3286714	PKT	0:347:376011:524:637143:0:0
3287714	TX_ANT	ff	506:0:10:22:258
3287714	PKT	0:337:360315:506:609743:0:0
3288714	TX_ANT	ff	493:0:10:19:248
3288714	PKT	0:328:350483:493:593947:0:0
3289714	TX_ANT	ff	508:0:10:18:199
3289714	PKT	0:339:367835:508:617319:0:0
3290714	TX_ANT	ff	516:0:10:22:356
3290714	PKT	0:343:370423:516:625731:0:0
[VISION][STATUS] FPS=32 | mavi=— kirmizi=— | tespit=BEKLİYOR | kuyruk=0
3291714	TX_ANT	ff	517:0:10:21:256
3291714	PKT	0:344:372214:517:627550:0:0
3292714	TX_ANT	ff	507:0:10:27:2383
3292714	PKT	0:338:362616:507:612072:0:0
3293714	TX_ANT	ff	512:0:10:26:835
3293714	PKT	0:339:368484:512:623680:0:0
3294714	TX_ANT	ff	507:0:10:35:1192
3294714	PKT	0:338:364773:507:614229:0:0
3295714	TX_ANT	ff	503:0:10:20:191
3295714	PKT	0:334:361348:503:610692:0:0
[VISION][STATUS] FPS=32 | mavi=— kirmizi=— | tespit=BEKLİYOR | kuyruk=0
3296714	TX_ANT	ff	510:0:10:17:156
3296714	PKT	0:341:365507:510:615047:0:0
3297716	TX_ANT	ff	512:0:10:20:196
3297716	PKT	0:339:366202:512:621398:0:0
3298714	TX_ANT	ff	507:0:10:28:662
3298714	PKT	0:338:363664:507:613120:0:0
3299714	TX_ANT	ff	504:0:10:24:1239
3299714	PKT	0:335:364596:504:613968:0:0
3300714	TX_ANT	ff	509:0:10:22:813
3300714	PKT	0:340:370205:509:619717:0:0
[VISION][STATUS] FPS=32 | mavi=— kirmizi=— | tespit=BEKLİYOR | kuyruk=0
3301714	TX_ANT	ff	513:0:10:26:1409
3301714	PKT	0:340:361825:513:617049:0:0
3302714	TX_ANT	ff	468:0:10:34:1091
3302714	PKT	0:311:328474:468:560038:0:0
3303714	TX_ANT	ff	505:0:10:25:1251
3303714	PKT	0:336:361549:505:610949:0:0
3304714	TX_ANT	ff	508:0:10:20:495
3304714	PKT	0:339:366615:508:616099:0:0
3305714	TX_ANT	ff	493:0:10:18:177
3305714	PKT	0:328:348722:493:592186:0:0
[VISION][STATUS] FPS=32 | mavi=— kirmizi=(343,421) | tespit=BEKLİYOR | kuyruk=0
3306714	TX_ANT	ff	485:0:10:29:653
3306714	PKT	0:324:343063:485:580703:0:0
3307714	TX_ANT	ff	450:0:10:21:277
3307714	PKT	0:297:306115:450:531575:0:0
3308714	TX_ANT	ff	498:0:10:27:1264
3308714	PKT	0:333:358520:498:602124:0:0
3309714	TX_ANT	ff	514:0:10:22:1397
3309714	PKT	0:341:366417:514:621669:0:0
3310715	TX_ANT	ff	503:0:10:31:2264
3310715	PKT	0:334:360413:503:609757:0:0
[VISION][STATUS] FPS=32 | mavi=— kirmizi=(339,420) | tespit=BEKLİYOR | kuyruk=0
3311714	TX_ANT	ff	500:0:10:27:1587
3311714	PKT	0:335:355654:500:599314:0:0
3312714	TX_ANT	ff	514:0:10:21:252
3312714	PKT	0:341:371615:514:626867:0:0
3313715	TX_ANT	ff	505:0:10:24:650
3313715	PKT	0:336:363561:505:612961:0:0
3314714	TX_ANT	ff	502:0:10:19:206
3314714	PKT	0:333:357257:502:606573:0:0
3315714	TX_ANT	ff	517:0:10:25:396
3315714	PKT	0:344:375703:517:631039:0:0
[VISION][STATUS] FPS=32 | mavi=— kirmizi=(272,382) | tespit=BEKLİYOR | kuyruk=0
3316714	TX_ANT	ff	505:0:10:21:248
3316714	PKT	0:336:362842:505:612242:0:0
3317714	TX_ANT	ff	494:0:10:38:2071
3317714	PKT	0:329:352309:494:595801:0:0
3318714	TX_ANT	ff	503:0:10:25:321
3318714	PKT	0:334:360422:503:609766:0:0
3319714	TX_ANT	ff	530:0:10:23:498
3319714	PKT	0:353:385090:530:646390:0:0
3320714	TX_ANT	ff	498:0:10:28:656
3320714	PKT	0:333:360934:498:604538:0:0
[VISION][STATUS] FPS=32 | mavi=— kirmizi=— | tespit=BEKLİYOR | kuyruk=0
3321714	TX_ANT	ff	501:0:10:23:972
3321714	PKT	0:332:357448:501:606736:0:0
3322714	TX_ANT	ff	486:0:10:19:181
3322714	PKT	0:325:349551:486:587219:0:0
3323714	TX_ANT	ff	505:0:10:30:576
3323714	PKT	0:336:359637:505:609037:0:0
3324714	TX_ANT	ff	505:0:10:23:593
3324714	PKT	0:336:357498:505:606898:0:0
3325715	TX_ANT	ff	513:0:10:29:1462
3325715	PKT	0:340:368060:513:623284:0:0
[VISION][STATUS] FPS=32 | mavi=— kirmizi=— | tespit=BEKLİYOR | kuyruk=0
3326714	TX_ANT	ff	505:0:10:26:1145
3326714	PKT	0:336:361980:505:611380:0:0
3327714	TX_ANT	ff	483:0:10:21:259
3327714	PKT	0:322:339768:483:577352:0:0
3328714	TX_ANT	ff	492:0:10:28:1738
3328714	PKT	0:327:352339:492:595775:0:0
3329714	TX_ANT	ff	516:0:10:18:183
3329714	PKT	0:343:375565:516:630873:0:0
3330714	TX_ANT	ff	493:0:10:27:307
3330714	PKT	0:328:351188:493:594652:0:0
[VISION][STATUS] FPS=32 | mavi=— kirmizi=— | tespit=BEKLİYOR | kuyruk=0
3331715	TX_ANT	ff	490:0:10:19:210
3331715	PKT	0:325:345877:490:589257:0:0
3332714	TX_ANT	ff	506:0:10:22:623
3332714	PKT	0:337:358998:506:608426:0:0
3333714	TX_ANT	ff	499:0:10:25:827
3333714	PKT	0:334:356554:499:600186:0:0
3334714	TX_ANT	ff	513:0:10:38:3042
3334714	PKT	0:340:370508:513:625732:0:0
3335715	TX_ANT	ff	502:0:10:20:234
3335715	PKT	0:333:357599:502:606915:0:0
[VISION][STATUS] FPS=32 | mavi=— kirmizi=— | tespit=BEKLİYOR | kuyruk=0
3336714	TX_ANT	ff	493:0:10:20:385
3336714	PKT	0:328:352062:493:595526:0:0
3337714	TX_ANT	ff	508:0:10:32:2156
3337714	PKT	0:339:367274:508:616758:0:0
3338714	TX_ANT	ff	485:0:10:21:423
3338714	PKT	0:324:346042:485:583682:0:0
3339714	TX_ANT	ff	500:0:10:21:387
3339714	PKT	0:331:353821:500:603081:0:0
3340714	TX_ANT	ff	494:0:10:26:323
3340714	PKT	0:329:353659:494:597151:0:0
[VISION][STATUS] FPS=32 | mavi=— kirmizi=(340,420) | tespit=BEKLİYOR | kuyruk=0
3341714	TX_ANT	ff	494:0:10:22:220
3341714	PKT	0:329:350349:494:593841:0:0
3342714	TX_ANT	ff	502:0:10:23:790
3342714	PKT	0:333:359301:502:608617:0:0
3343714	TX_ANT	ff	498:0:10:33:1519
3343714	PKT	0:333:357814:498:601418:0:0
3344715	TX_ANT	ff	500:0:10:25:368
3344715	PKT	0:331:354303:500:603563:0:0
3345714	TX_ANT	ff	495:0:10:24:738
3345714	PKT	0:330:353896:495:597416:0:0
[VISION][STATUS] FPS=32 | mavi=— kirmizi=— | tespit=BEKLİYOR | kuyruk=0
3346714	TX_ANT	ff	479:0:10:29:1564
3346714	PKT	0:318:338456:479:575928:0:0
3347714	TX_ANT	ff	410:0:10:20:157
3347714	PKT	0:273:277457:410:479397:0:0
3348714	TX_ANT	ff	387:0:10:29:2622
3348714	PKT	0:258:253847:387:443943:0:0
3349714	TX_ANT	ff	385:0:10:31:1212
3349714	PKT	0:256:252132:385:442172:0:0
3350714	TX_ANT	ff	393:0:10:28:1977
3350714	PKT	0:260:255263:393:451127:0:0
[VISION][STATUS] FPS=32 | mavi=— kirmizi=— | tespit=BEKLİYOR | kuyruk=0
3351714	TX_ANT	ff	392:0:10:21:220
3351714	PKT	0:263:257004:392:447240:0:0
3352714	TX_ANT	ff	396:0:10:24:251
3352714	PKT	0:263:259720:396:455668:0:0
3353714	TX_ANT	ff	384:0:10:31:692
3353714	PKT	0:255:250841:384:440853:0:0
3354714	TX_ANT	ff	396:0:10:22:262
3354714	PKT	0:263:254517:396:450465:0:0
3355714	TX_ANT	ff	393:0:10:40:2774
3355714	PKT	0:260:255453:393:451317:0:0
[VISION][STATUS] FPS=32 | mavi=— kirmizi=— | tespit=BEKLİYOR | kuyruk=0
3356714	TX_ANT	ff	385:0:10:23:216
3356714	PKT	0:256:250312:385:440352:0:0
3357714	TX_ANT	ff	388:0:10:29:650
3357714	PKT	0:259:255606:388:445730:0:0
3358714	TX_ANT	ff	394:0:10:24:1305
3358714	PKT	0:261:256829:394:452721:0:0
3359715	TX_ANT	ff	386:0:10:23:265
3359715	PKT	0:257:251512:386:441580:0:0
3360714	TX_ANT	ff	388:0:10:40:1898
3360714	PKT	0:259:254920:388:445044:0:0
[VISION][STATUS] FPS=32 | mavi=— kirmizi=— | tespit=BEKLİYOR | kuyruk=0
3361714	TX_ANT	ff	395:0:10:27:1257
3361714	PKT	0:262:258871:395:454791:0:0
3362714	TX_ANT	ff	387:0:10:21:200
3362714	PKT	0:258:253348:387:443444:0:0
3363715	TX_ANT	ff	394:0:10:34:440
3363715	PKT	0:261:255421:394:451313:0:0
3364715	TX_ANT	ff	384:0:10:30:1613
3364715	PKT	0:255:251492:384:441504:0:0
3365714	TX_ANT	ff	398:0:10:33:2043
3365714	PKT	0:265:262535:398:458539:0:0
[VISION][STATUS] FPS=32 | mavi=— kirmizi=— | tespit=BEKLİYOR | kuyruk=0
3366714	TX_ANT	ff	376:0:10:24:265
3366714	PKT	0:251:244792:376:428980:0:0
3367714	TX_ANT	ff	397:0:10:28:1721
3367714	PKT	0:264:260649:397:456625:0:0
3368714	TX_ANT	ff	386:0:10:24:527
3368714	PKT	0:257:254055:386:444123:0:0
3369714	TX_ANT	ff	398:0:10:21:208
3369714	PKT	0:265:262547:398:458551:0:0
3370714	TX_ANT	ff	384:0:10:21:237
3370714	PKT	0:255:251225:384:441237:0:0
3371714	TX_ANT	ff	386:0:10:21:480
3371714	PKT	0:257:251774:386:441842:0:0
[VISION][STATUS] FPS=32 | mavi=— kirmizi=(342,420) | tespit=BEKLİYOR | kuyruk=0
3372714	TX_ANT	ff	393:0:10:22:207
3372714	PKT	0:260:254940:393:450804:0:0
3373714	TX_ANT	ff	386:0:10:22:743
3373714	PKT	0:257:249948:386:440016:0:0
3374714	TX_ANT	ff	397:0:10:21:418
3374714	PKT	0:264:260232:397:456208:0:0
3375714	TX_ANT	ff	382:0:10:20:142
3375714	PKT	0:253:249782:382:439738:0:0
3376714	TX_ANT	ff	389:0:10:20:253
3376714	PKT	0:260:254399:389:444551:0:0
[VISION][STATUS] FPS=32 | mavi=(220,389) kirmizi=— | tespit=BEKLİYOR | kuyruk=0
3377715	TX_ANT	ff	393:0:10:21:271
3377715	PKT	0:260:255956:393:451820:0:0
3378714	TX_ANT	ff	388:0:10:21:403
3378714	PKT	0:259:257356:388:447480:0:0
3379714	TX_ANT	ff	388:0:10:22:178
3379714	PKT	0:259:253966:388:444090:0:0
3380714	TX_ANT	ff	392:0:10:28:433
3380714	PKT	0:259:252112:392:447948:0:0
3381715	TX_ANT	ff	399:0:10:24:763
3381715	PKT	0:266:260122:399:456154:0:0
[VISION][STATUS] FPS=32 | mavi=(67,385) kirmizi=(278,384) | tespit=BEKLİYOR | kuyruk=0
3382714	TX_ANT	ff	387:0:10:22:258
3382714	PKT	0:258:251460:387:441556:0:0
3383714	TX_ANT	ff	393:0:10:23:365
3383714	PKT	0:260:258860:393:454724:0:0
3384714	TX_ANT	ff	384:0:10:30:1452
3384714	PKT	0:255:251002:384:441014:0:0
3385715	TX_ANT	ff	391:0:10:20:436
3385715	PKT	0:262:257988:391:448196:0:0
3386714	TX_ANT	ff	394:0:10:26:747
3386714	PKT	0:261:254835:394:450727:0:0
[VISION][STATUS] FPS=32 | mavi=— kirmizi=— | tespit=BEKLİYOR | kuyruk=0
3387714	TX_ANT	ff	395:0:10:31:1654
3387714	PKT	0:262:251832:395:447752:0:0
3388714	TX_ANT	ff	396:0:10:28:1504
3388714	PKT	0:263:257314:396:453262:0:0
3389714	TX_ANT	ff	378:0:10:22:214
3389714	PKT	0:253:246534:378:430778:0:0
3390714	TX_ANT	ff	395:0:10:22:1014
3390714	PKT	0:262:259051:395:454971:0:0
3391714	TX_ANT	ff	396:0:10:18:120
3391714	PKT	0:263:258797:396:454745:0:0
[VISION][STATUS] FPS=32 | mavi=— kirmizi=(278,383) | tespit=BEKLİYOR | kuyruk=0
3392714	TX_ANT	ff	386:0:9:31:859
3392714	PKT	0:257:250656:386:440724:0:0
3393714	TX_ANT	ff	389:0:10:26:1540
3393714	PKT	0:260:253983:389:444135:0:0
3394714	TX_ANT	ff	393:0:10:32:835
3394714	PKT	0:260:254464:393:450328:0:0
3395715	TX_ANT	ff	396:0:10:32:1342
3395715	PKT	0:263:257188:396:453136:0:0
3396714	TX_ANT	ff	390:0:10:24:287
3396714	PKT	0:261:256487:390:446667:0:0
[VISION][STATUS] FPS=32 | mavi=— kirmizi=— | tespit=BEKLİYOR | kuyruk=0
3397714	TX_ANT	ff	392:0:10:26:969
3397714	PKT	0:259:255505:392:451341:0:0
3398714	TX_ANT	ff	378:0:10:32:1065
3398714	PKT	0:253:248947:378:433191:0:0
3399714	TX_ANT	ff	403:0:11:31:966
3399714	PKT	0:266:261920:403:463664:0:0
3400714	TX_ANT	ff	386:0:10:40:1422
3400714	PKT	0:257:252738:386:442806:0:0
3401714	TX_ANT	ff	387:0:10:32:1320
3401714	PKT	0:258:254646:387:444742:0:0
[VISION][STATUS] FPS=32 | mavi=(17,339) kirmizi=— | tespit=BEKLİYOR | kuyruk=0
3402714	TX_ANT	ff	370:0:10:21:172
3402714	PKT	0:245:237222:370:421242:0:0
3403714	TX_ANT	ff	389:0:11:29:1324
3403714	PKT	0:260:254112:389:444264:0:0
3404714	TX_ANT	ff	382:0:10:22:259
3404714	PKT	0:253:248411:382:438367:0:0
3405714	TX_ANT	ff	396:0:10:20:243
3405714	PKT	0:263:264218:396:460166:0:0
3406714	TX_ANT	ff	390:0:10:22:799
3406714	PKT	0:261:258217:390:448397:0:0
[VISION][STATUS] FPS=32 | mavi=— kirmizi=— | tespit=BEKLİYOR | kuyruk=0
3407714	TX_ANT	ff	398:0:10:25:192
3407714	PKT	0:265:258100:398:454104:0:0
3408714	TX_ANT	ff	393:0:10:35:1065
3408714	PKT	0:260:256051:393:451915:0:0
3409714	TX_ANT	ff	394:0:10:40:1284
3409714	PKT	0:261:260090:394:455982:0:0
3410714	TX_ANT	ff	386:0:10:22:157
3410714	PKT	0:257:253749:386:443817:0:0
3411714	TX_ANT	ff	387:0:10:26:267
3411714	PKT	0:258:252428:387:442524:0:0
[VISION][STATUS] FPS=32 | mavi=— kirmizi=— | tespit=BEKLİYOR | kuyruk=0
3412714	TX_ANT	ff	387:0:10:19:200
3412714	PKT	0:258:254393:387:444489:0:0
3413714	TX_ANT	ff	386:0:10:28:1610
3413714	PKT	0:257:255697:386:445765:0:0
3414714	TX_ANT	ff	391:0:10:27:496
3414714	PKT	0:258:254042:391:449850:0:0
3415715	TX_ANT	ff	389:0:10:31:1370
3415715	PKT	0:260:256759:389:446911:0:0
3416714	TX_ANT	ff	385:0:10:37:1442
3416714	PKT	0:256:250425:385:440465:0:0
[VISION][STATUS] FPS=32 | mavi=— kirmizi=— | tespit=BEKLİYOR | kuyruk=0
3417714	TX_ANT	ff	397:0:10:39:1503
3417714	PKT	0:264:260003:397:455979:0:0
3418714	TX_ANT	ff	388:0:10:39:2001
3418714	PKT	0:259:252464:388:442588:0:0
3419714	TX_ANT	ff	395:0:10:26:467
3419714	PKT	0:262:257579:395:453499:0:0
3420714	TX_ANT	ff	383:0:10:22:181
3420714	PKT	0:254:250244:383:440228:0:0
3421714	TX_ANT	ff	388:0:10:20:122
3421714	PKT	0:259:255961:388:446085:0:0
[VISION][STATUS] FPS=32 | mavi=— kirmizi=— | tespit=BEKLİYOR | kuyruk=0
3422714	TX_ANT	ff	393:0:10:26:883
3422714	PKT	0:260:252659:393:448523:0:0
3423714	TX_ANT	ff	388:0:10:21:180
3423714	PKT	0:259:256390:388:446514:0:0
3424714	TX_ANT	ff	393:0:10:23:911
3424714	PKT	0:260:256632:393:452496:0:0
3425714	TX_ANT	ff	396:0:10:28:602
3425714	PKT	0:263:255763:396:451711:0:0
3426715	TX_ANT	ff	385:0:10:29:522
3426715	PKT	0:256:252247:385:442287:0:0
[VISION][STATUS] FPS=32 | mavi=— kirmizi=— | tespit=BEKLİYOR | kuyruk=0
3427714	TX_ANT	ff	386:0:10:31:1380
3427714	PKT	0:257:252058:386:442126:0:0
3428714	TX_ANT	ff	398:0:10:21:172
3428714	PKT	0:265:261438:398:457442:0:0
3429714	TX_ANT	ff	386:0:10:26:1381
3429714	PKT	0:257:248908:386:438976:0:0
3430714	TX_ANT	ff	389:0:10:19:218
3430714	PKT	0:260:258524:389:448676:0:0
3431714	TX_ANT	ff	390:0:10:28:2505
3431714	PKT	0:257:253089:390:448869:0:0
[VISION][STATUS] FPS=32 | mavi=— kirmizi=— | tespit=BEKLİYOR | kuyruk=0
3432714	TX_ANT	ff	388:0:11:24:291
3432714	PKT	0:259:255567:388:445691:0:0
3433714	TX_ANT	ff	387:0:10:28:336
3433714	PKT	0:259:255361:387:445397:0:0
3434714	TX_ANT	ff	386:0:10:22:213
3434714	PKT	0:257:254468:386:444536:0:0
3435716	TX_ANT	ff	396:0:10:25:328
3435716	PKT	0:263:257164:396:453112:0:0
3436714	TX_ANT	ff	383:0:10:27:1631
3436714	PKT	0:254:251313:383:441297:0:0
[VISION][STATUS] FPS=32 | mavi=— kirmizi=— | tespit=BEKLİYOR | kuyruk=0
3437714	TX_ANT	ff	394:0:10:33:838
3437714	PKT	0:261:255861:394:451753:0:0
3438714	TX_ANT	ff	385:0:10:27:1033
3438714	PKT	0:256:250113:385:440153:0:0
3439714	TX_ANT	ff	396:0:10:25:314
3439714	PKT	0:263:258162:396:454110:0:0
3440714	TX_ANT	ff	388:0:10:21:205
3440714	PKT	0:259:253748:388:443872:0:0
3441714	TX_ANT	ff	396:0:10:24:1012
3441714	PKT	0:263:256723:396:452671:0:0
[VISION][STATUS] FPS=32 | mavi=— kirmizi=— | tespit=BEKLİYOR | kuyruk=0
3442716	TX_ANT	ff	387:0:10:20:184
3442716	PKT	0:258:256323:387:446419:0:0
3443714	TX_ANT	ff	384:0:10:23:210
3443714	PKT	0:255:251021:384:441033:0:0
3444714	TX_ANT	ff	396:0:11:25:334
3444714	PKT	0:263:258295:396:454243:0:0
3445714	TX_ANT	ff	390:0:10:20:205
3445714	PKT	0:261:250483:390:440663:0:0
3446714	TX_ANT	ff	395:0:10:21:197
3446714	PKT	0:262:258632:395:454552:0:0
[VISION][STATUS] FPS=32 | mavi=(530,417) kirmizi=— | tespit=BEKLİYOR | kuyruk=0
3447714	TX_ANT	ff	392:0:10:26:1168
3447714	PKT	0:259:253821:392:449657:0:0
3448714	TX_ANT	ff	388:0:10:26:996
3448714	PKT	0:259:255123:388:445247:0:0
3449714	TX_ANT	ff	388:0:11:32:1678
3449714	PKT	0:259:253513:388:443637:0:0
3450716	TX_ANT	ff	392:0:10:23:314
3450716	PKT	0:259:254240:392:450076:0:0
3451714	TX_ANT	ff	397:0:10:29:633
3451714	PKT	0:264:258392:397:454368:0:0
[VISION][STATUS] FPS=32 | mavi=— kirmizi=— | tespit=BEKLİYOR | kuyruk=0
3452714	TX_ANT	ff	387:0:10:39:848
3452714	PKT	0:258:250449:387:440545:0:0
3453714	TX_ANT	ff	395:0:10:29:1446
3453714	PKT	0:262:256518:395:452438:0:0
3454714	TX_ANT	ff	387:0:10:18:221
3454714	PKT	0:258:254498:387:444594:0:0
3455715	TX_ANT	ff	399:0:10:20:189
3455715	PKT	0:266:257744:399:453776:0:0
3456714	TX_ANT	ff	385:0:10:18:190
3456714	PKT	0:256:249741:385:439781:0:0
[VISION][STATUS] FPS=32 | mavi=— kirmizi=— | tespit=BEKLİYOR | kuyruk=0
3457714	TX_ANT	ff	396:0:10:24:320
3457714	PKT	0:263:258596:396:454544:0:0
3458714	TX_ANT	ff	388:0:10:29:2432
3458714	PKT	0:259:254335:388:444459:0:0
3459714	TX_ANT	ff	391:0:10:21:427
3459714	PKT	0:258:251945:391:447753:0:0
3460716	TX_ANT	ff	390:0:10:19:161
3460716	PKT	0:261:254632:390:444812:0:0
3461716	TX_ANT	ff	396:0:10:24:1157
3461716	PKT	0:263:258434:396:454382:0:0
[VISION][STATUS] FPS=32 | mavi=— kirmizi=— | tespit=BEKLİYOR | kuyruk=0
3462715	TX_ANT	ff	384:0:10:23:211
3462715	PKT	0:255:253832:384:443844:0:0
3463716	TX_ANT	ff	387:0:10:26:251
3463716	PKT	0:258:252842:387:442938:0:0
3464714	TX_ANT	ff	393:0:10:20:200
3464714	PKT	0:260:258131:393:453995:0:0
3465714	TX_ANT	ff	386:0:10:25:1496
3465714	PKT	0:257:251482:386:441550:0:0
3466714	TX_ANT	ff	395:0:10:23:203
3466714	PKT	0:262:256699:395:452619:0:0
[VISION][STATUS] FPS=32 | mavi=— kirmizi=— | tespit=BEKLİYOR | kuyruk=0
3467714	TX_ANT	ff	391:0:10:29:1319
3467714	PKT	0:262:258424:391:448632:0:0
3468714	TX_ANT	ff	383:0:10:27:1028
3468714	PKT	0:254:249381:383:439365:0:0
3469714	TX_ANT	ff	397:0:10:37:2562
3469714	PKT	0:264:256482:397:452458:0:0
3470714	TX_ANT	ff	394:0:10:22:209
3470714	PKT	0:261:252849:394:448741:0:0
3471714	TX_ANT	ff	389:0:10:21:351
3471714	PKT	0:260:256310:389:446462:0:0
[VISION][STATUS] FPS=32 | mavi=— kirmizi=— | tespit=BEKLİYOR | kuyruk=0
3472714	TX_ANT	ff	394:0:10:25:746
3472714	PKT	0:261:254980:394:450872:0:0
3473714	TX_ANT	ff	388:0:10:26:504
3473714	PKT	0:259:255136:388:445260:0:0
3474714	TX_ANT	ff	386:0:10:20:459
3474714	PKT	0:257:251063:386:441131:0:0
3475716	TX_ANT	ff	391:0:10:24:1712
3475716	PKT	0:258:256252:391:452060:0:0
3476714	TX_ANT	ff	391:0:10:36:1726
3476714	PKT	0:262:254224:391:444432:0:0
[VISION][STATUS] FPS=32 | mavi=— kirmizi=— | tespit=BEKLİYOR | kuyruk=0
3477714	TX_ANT	ff	395:0:11:43:2627
3477714	PKT	0:262:255543:395:451463:0:0
3478714	TX_ANT	ff	395:0:10:31:888
3478714	PKT	0:262:256088:395:452008:0:0
3479714	TX_ANT	ff	394:0:10:22:291
3479714	PKT	0:261:254208:394:450100:0:0
3480714	TX_ANT	ff	387:0:10:23:198
3480714	PKT	0:258:254294:387:444390:0:0
3481714	TX_ANT	ff	395:0:10:25:1075
3481714	PKT	0:262:256049:395:451969:0:0
[VISION][STATUS] FPS=32 | mavi=— kirmizi=— | tespit=BEKLİYOR | kuyruk=0
3482714	TX_ANT	ff	390:0:10:20:201
3482714	PKT	0:261:256296:390:446476:0:0
3483714	TX_ANT	ff	395:0:10:30:1559
3483714	PKT	0:262:255669:395:451589:0:0
3484714	TX_ANT	ff	389:0:10:34:1151
3484714	PKT	0:260:254898:389:445050:0:0
3485714	TX_ANT	ff	384:0:10:35:966
3485714	PKT	0:255:250442:384:440454:0:0
3486714	TX_ANT	ff	394:0:10:32:1563
3486714	PKT	0:261:254907:394:450799:0:0
[VISION][STATUS] FPS=32 | mavi=— kirmizi=— | tespit=BEKLİYOR | kuyruk=0
3487714	TX_ANT	ff	389:0:10:23:361
3487714	PKT	0:260:253454:389:443606:0:0
3488715	TX_ANT	ff	396:0:10:26:1293
3488715	PKT	0:263:257524:396:453472:0:0
3489714	TX_ANT	ff	394:0:10:34:1567
3489714	PKT	0:261:256128:394:452020:0:0
3490714	TX_ANT	ff	387:0:10:23:326
3490714	PKT	0:258:252248:387:442344:0:0
3491714	TX_ANT	ff	394:0:10:23:279
3491714	PKT	0:261:254497:394:450389:0:0
[VISION][STATUS] FPS=32 | mavi=— kirmizi=— | tespit=BEKLİYOR | kuyruk=0
3492714	TX_ANT	ff	389:0:10:22:574
3492714	PKT	0:260:255408:389:445560:0:0
3493714	TX_ANT	ff	396:0:10:26:1019
3493714	PKT	0:263:254824:396:450772:0:0
3494714	TX_ANT	ff	393:0:10:23:836
3494714	PKT	0:260:254933:393:450797:0:0
3495714	TX_ANT	ff	390:0:10:24:884
3495714	PKT	0:261:255496:390:445676:0:0
3496714	TX_ANT	ff	393:0:10:33:1563
3496714	PKT	0:260:255607:393:451471:0:0
[VISION][STATUS] FPS=32 | mavi=— kirmizi=— | tespit=BEKLİYOR | kuyruk=0
3497714	TX_ANT	ff	386:0:11:26:241
3497714	PKT	0:257:253091:386:443159:0:0
3498714	TX_ANT	ff	377:0:10:37:3996
3498714	PKT	0:252:251631:377:435847:0:0
3499714	TX_ANT	ff	395:0:10:28:996
3499714	PKT	0:262:256722:395:452642:0:0
3500714	TX_ANT	ff	404:0:10:23:250
3500714	PKT	0:267:260912:404:462684:0:0
3501714	TX_ANT	ff	380:0:10:26:1654
3501714	PKT	0:255:249830:380:434130:0:0
[VISION][STATUS] FPS=32 | mavi=— kirmizi=— | tespit=BEKLİYOR | kuyruk=0
3502714	TX_ANT	ff	391:0:10:19:183
3502714	PKT	0:258:254425:391:450233:0:0
3503714	TX_ANT	ff	389:0:10:33:1673
3503714	PKT	0:260:256709:389:446861:0:0
3504714	TX_ANT	ff	393:0:10:31:753
3504714	PKT	0:260:253105:393:448969:0:0
3505714	TX_ANT	ff	391:0:10:25:1228
3505714	PKT	0:262:256900:391:447108:0:0
3506716	TX_ANT	ff	391:0:10:28:1376
3506716	PKT	0:258:252868:391:448676:0:0
[VISION][STATUS] FPS=32 | mavi=— kirmizi=— | tespit=BEKLİYOR | kuyruk=0
3507714	TX_ANT	ff	386:0:10:30:847
3507714	PKT	0:257:249809:386:439877:0:0
3508714	TX_ANT	ff	395:0:10:23:373
3508714	PKT	0:262:257778:395:453698:0:0
3509714	TX_ANT	ff	398:0:10:23:541
3509714	PKT	0:265:258997:398:455001:0:0
3510714	TX_ANT	ff	390:0:10:34:647
3510714	PKT	0:261:254178:390:444358:0:0
3511714	TX_ANT	ff	385:0:10:22:818
3511714	PKT	0:256:251333:385:441373:0:0
[VISION][STATUS] FPS=32 | mavi=(516,391) kirmizi=— | tespit=BEKLİYOR | kuyruk=0
3512714	TX_ANT	ff	397:0:10:20:363
3512714	PKT	0:264:260313:397:456289:0:0
3513715	TX_ANT	ff	386:0:10:25:1342
3513715	PKT	0:257:248432:386:438500:0:0
3514716	TX_ANT	ff	403:0:10:34:597
3514716	PKT	0:266:260921:403:462665:0:0
3515714	TX_ANT	ff	389:0:10:26:528
3515714	PKT	0:260:255551:389:445703:0:0
3516714	TX_ANT	ff	387:0:10:24:510
3516714	PKT	0:258:251014:387:441110:0:0
[VISION][STATUS] FPS=32 | mavi=(522,387) kirmizi=— | tespit=BEKLİYOR | kuyruk=0
3517714	TX_ANT	ff	393:0:10:24:444
3517714	PKT	0:260:254527:393:450391:0:0
3518714	TX_ANT	ff	388:0:10:21:289
3518714	PKT	0:259:253714:388:443838:0:0
3519714	TX_ANT	ff	386:0:10:33:1254
3519714	PKT	0:257:250995:386:441063:0:0
3520716	TX_ANT	ff	396:0:10:24:377
3520716	PKT	0:263:259851:396:455799:0:0
3521714	TX_ANT	ff	393:0:10:28:435
3521714	PKT	0:260:258225:393:454089:0:0
[VISION][STATUS] FPS=32 | mavi=— kirmizi=— | tespit=BEKLİYOR | kuyruk=0
3522714	TX_ANT	ff	386:0:10:21:227
3522714	PKT	0:257:250649:386:440717:0:0
3523714	TX_ANT	ff	387:0:10:29:464
3523714	PKT	0:258:256367:387:446463:0:0
3524714	TX_ANT	ff	386:0:10:31:563
3524714	PKT	0:257:248185:386:438253:0:0
3525714	TX_ANT	ff	396:0:10:22:204
3525714	PKT	0:263:260785:396:456733:0:0
3526715	TX_ANT	ff	395:0:10:20:188
3526715	PKT	0:262:253947:395:449867:0:0
[VISION][STATUS] FPS=32 | mavi=(524,392) kirmizi=— | tespit=BEKLİYOR | kuyruk=0
3527714	TX_ANT	ff	388:0:10:21:299
3527714	PKT	0:259:254255:388:444379:0:0
3528714	TX_ANT	ff	386:0:10:28:920
3528714	PKT	0:257:249596:386:439664:0:0
3529714	TX_ANT	ff	396:0:10:29:673
3529714	PKT	0:263:254757:396:450705:0:0
3530714	TX_ANT	ff	396:0:10:46:1110
3530714	PKT	0:263:257872:396:453820:0:0
3531714	TX_ANT	ff	396:0:10:38:2160
3531714	PKT	0:263:259522:396:455470:0:0
[VISION][STATUS] FPS=32 | mavi=— kirmizi=— | tespit=BEKLİYOR | kuyruk=0
3532714	TX_ANT	ff	396:0:10:40:843
3532714	PKT	0:263:260579:396:456527:0:0
3533714	TX_ANT	ff	384:0:10:24:1572
3533714	PKT	0:255:251097:384:441109:0:0
3534714	TX_ANT	ff	386:0:10:22:684
3534714	PKT	0:257:251792:386:441860:0:0
3535714	TX_ANT	ff	389:0:10:25:720
3535714	PKT	0:260:252985:389:443137:0:0
3536714	TX_ANT	ff	395:0:10:20:162
3536714	PKT	0:262:256591:395:452511:0:0
[VISION][STATUS] FPS=32 | mavi=— kirmizi=— | tespit=BEKLİYOR | kuyruk=0
3537714	TX_ANT	ff	392:0:10:27:913
3537714	PKT	0:259:253686:392:449522:0:0
3538714	TX_ANT	ff	387:0:10:30:1297
3538714	PKT	0:258:256498:387:446594:0:0
3539714	TX_ANT	ff	387:0:10:28:926
3539714	PKT	0:258:253755:387:443851:0:0
3540714	TX_ANT	ff	388:0:10:29:1587
3540714	PKT	0:259:253999:388:444123:0:0
3541714	TX_ANT	ff	392:0:10:26:480
3541714	PKT	0:259:254760:392:450596:0:0
[VISION][STATUS] FPS=32 | mavi=— kirmizi=— | tespit=BEKLİYOR | kuyruk=0
3542714	TX_ANT	ff	390:0:10:36:605
3542714	PKT	0:261:255186:390:445366:0:0
3543714	TX_ANT	ff	391:0:10:30:467
3543714	PKT	0:258:252957:391:448765:0:0
3544714	TX_ANT	ff	386:0:10:27:1813
3544714	PKT	0:257:255637:386:445705:0:0
3545714	TX_ANT	ff	378:0:10:25:973
3545714	PKT	0:253:250702:378:434946:0:0
3546714	TX_ANT	ff	397:0:10:28:522
3546714	PKT	0:264:260245:397:456221:0:0
[VISION][STATUS] FPS=32 | mavi=(134,351) kirmizi=— | tespit=BEKLİYOR | kuyruk=0
3547714	TX_ANT	ff	397:0:10:25:264
3547714	PKT	0:264:259581:397:455557:0:0
3548714	TX_ANT	ff	393:0:10:27:966
3548714	PKT	0:260:252390:393:448254:0:0
3549714	TX_ANT	ff	383:0:10:26:958
3549714	PKT	0:254:250180:383:440164:0:0
3550714	TX_ANT	ff	390:0:10:25:1567
3550714	PKT	0:261:255205:390:445385:0:0
3551714	TX_ANT	ff	385:0:10:27:676
3551714	PKT	0:256:248226:385:438266:0:0
[VISION][STATUS] FPS=32 | mavi=(105,359) kirmizi=— | tespit=BEKLİYOR | kuyruk=0
3552714	TX_ANT	ff	403:0:10:25:1353
3552714	PKT	0:266:264186:403:465930:0:0
3553714	TX_ANT	ff	389:0:11:27:1068
3553714	PKT	0:260:253452:389:443604:0:0
3554714	TX_ANT	ff	387:0:10:29:1272
3554714	PKT	0:258:250005:387:440101:0:0
3555714	TX_ANT	ff	391:0:10:33:1556
3555714	PKT	0:258:256171:391:451979:0:0
3556714	TX_ANT	ff	389:0:10:38:1783
3556714	PKT	0:260:254821:389:444973:0:0
[VISION][STATUS] FPS=32 | mavi=— kirmizi=— | tespit=BEKLİYOR | kuyruk=0
3557714	TX_ANT	ff	394:0:10:19:199
3557714	PKT	0:261:258306:394:454198:0:0
3558714	TX_ANT	ff	386:0:10:28:288
3558714	PKT	0:257:252172:386:442240:0:0
3559714	TX_ANT	ff	389:0:10:30:439
3559714	PKT	0:260:253910:389:444062:0:0
3560714	TX_ANT	ff	395:0:11:27:1113
3560714	PKT	0:262:259764:395:455684:0:0
3561716	TX_ANT	ff	385:0:11:22:267
3561716	PKT	0:256:249193:385:439233:0:0
[VISION][STATUS] FPS=32 | mavi=— kirmizi=— | tespit=BEKLİYOR | kuyruk=0
3562714	TX_ANT	ff	396:0:10:29:1142
3562714	PKT	0:263:260218:396:456166:0:0
3563714	TX_ANT	ff	384:0:10:19:99
3563714	PKT	0:255:252079:384:442091:0:0
3564715	TX_ANT	ff	396:0:10:24:389
3564715	PKT	0:263:260921:396:456869:0:0
3565714	TX_ANT	ff	391:0:10:23:221
3565714	PKT	0:262:257851:391:448059:0:0
3566714	TX_ANT	ff	380:0:10:27:814
3566714	PKT	0:251:244566:380:434466:0:0
[VISION][STATUS] FPS=32 | mavi=— kirmizi=— | tespit=BEKLİYOR | kuyruk=0
3567714	TX_ANT	ff	388:0:10:20:280
3567714	PKT	0:259:254816:388:444940:0:0
3568714	TX_ANT	ff	395:0:10:19:178
3568714	PKT	0:262:256185:395:452105:0:0
3569714	TX_ANT	ff	386:0:10:25:307
3569714	PKT	0:257:253676:386:443744:0:0
3570714	TX_ANT	ff	397:0:10:20:308
3570714	PKT	0:264:256898:397:452874:0:0
3571714	TX_ANT	ff	383:0:10:20:206
3571714	PKT	0:254:250283:383:440267:0:0
[VISION][STATUS] FPS=32 | mavi=— kirmizi=— | tespit=BEKLİYOR | kuyruk=0
3572714	TX_ANT	ff	390:0:10:18:151
3572714	PKT	0:261:255694:390:445874:0:0
3573715	TX_ANT	ff	396:0:10:23:283
3573715	PKT	0:263:257911:396:453859:0:0
3574714	TX_ANT	ff	385:0:10:25:189
3574714	PKT	0:256:252602:385:442642:0:0
3575714	TX_ANT	ff	385:0:10:21:382
3575714	PKT	0:256:255204:385:445244:0:0
3576714	TX_ANT	ff	394:0:10:23:1080
3576714	PKT	0:261:256095:394:451987:0:0
[VISION][STATUS] FPS=32 | mavi=— kirmizi=— | tespit=BEKLİYOR | kuyruk=0
3577714	TX_ANT	ff	395:0:10:26:326
3577714	PKT	0:262:255682:395:451602:0:0
3578714	TX_ANT	ff	385:0:10:26:768
3578714	PKT	0:256:251726:385:441766:0:0
3579714	TX_ANT	ff	396:0:10:22:405
3579714	PKT	0:263:257067:396:453015:0:0
3580714	TX_ANT	ff	391:0:10:20:200
3580714	PKT	0:262:259295:391:449503:0:0
3581714	TX_ANT	ff	391:0:10:26:938
3581714	PKT	0:258:251582:391:447390:0:0
[VISION][STATUS] FPS=32 | mavi=— kirmizi=— | tespit=BEKLİYOR | kuyruk=0
3582714	TX_ANT	ff	388:0:10:24:710
3582714	PKT	0:259:256439:388:446563:0:0
3583715	TX_ANT	ff	388:0:10:22:311
3583715	PKT	0:259:251191:388:441315:0:0
3584714	TX_ANT	ff	385:0:10:26:309
3584714	PKT	0:256:253150:385:443190:0:0
3585714	TX_ANT	ff	385:0:10:47:1289
3585714	PKT	0:256:252311:385:442351:0:0
3586714	TX_ANT	ff	394:0:10:21:266
3586714	PKT	0:261:256839:394:452731:0:0
3587714	TX_ANT	ff	397:0:10:24:698
3587714	PKT	0:264:260352:397:456328:0:0
[VISION][STATUS] FPS=32 | mavi=— kirmizi=— | tespit=BEKLİYOR | kuyruk=0
3588714	TX_ANT	ff	385:0:10:20:111
3588714	PKT	0:256:250469:385:440509:0:0
3589714	TX_ANT	ff	395:0:10:19:185
3589714	PKT	0:262:254199:395:450119:0:0
3590714	TX_ANT	ff	390:0:10:27:964
3590714	PKT	0:261:255393:390:445573:0:0
3591714	TX_ANT	ff	396:0:11:29:801
3591714	PKT	0:263:256732:396:452680:0:0
3592716	TX_ANT	ff	384:0:10:20:188
3592716	PKT	0:255:248666:384:438678:0:0
[VISION][STATUS] FPS=32 | mavi=— kirmizi=— | tespit=BEKLİYOR | kuyruk=0
3593714	TX_ANT	ff	388:0:10:29:1011
3593714	PKT	0:259:256031:388:446155:0:0
3594715	TX_ANT	ff	394:0:10:25:483
3594715	PKT	0:261:257675:394:453567:0:0
3595714	TX_ANT	ff	396:0:10:19:218
3595714	PKT	0:263:257663:396:453611:0:0
3596714	TX_ANT	ff	386:0:10:24:1273
3596714	PKT	0:257:252157:386:442225:0:0
3597714	TX_ANT	ff	388:0:10:28:529
3597714	PKT	0:259:256133:388:446257:0:0
[VISION][STATUS] FPS=32 | mavi=— kirmizi=— | tespit=BEKLİYOR | kuyruk=0
3598714	TX_ANT	ff	395:0:10:34:2052
3598714	PKT	0:262:255497:395:451417:0:0
3599714	TX_ANT	ff	385:0:10:20:243
3599714	PKT	0:256:251040:385:441080:0:0
3600714	TX_ANT	ff	398:0:10:29:2366
3600714	PKT	0:265:260606:398:456610:0:0
3601714	TX_ANT	ff	384:0:10:19:185
3601714	PKT	0:255:250113:384:440125:0:0
3602714	TX_ANT	ff	394:0:10:24:192
3602714	PKT	0:261:256214:394:452106:0:0
[VISION][STATUS] FPS=32 | mavi=— kirmizi=— | tespit=BEKLİYOR | kuyruk=0
3603714	TX_ANT	ff	388:0:10:26:313
3603714	PKT	0:259:255248:388:445372:0:0
3604714	TX_ANT	ff	392:0:10:34:619
3604714	PKT	0:259:253448:392:449284:0:0
3605714	TX_ANT	ff	386:0:10:39:1292
3605714	PKT	0:257:250973:386:441041:0:0
3606714	TX_ANT	ff	388:0:10:35:1710
3606714	PKT	0:259:258038:388:448162:0:0
3607714	TX_ANT	ff	393:0:10:27:899
3607714	PKT	0:260:252627:393:448491:0:0
[VISION][STATUS] FPS=32 | mavi=— kirmizi=— | tespit=BEKLİYOR | kuyruk=0
3608714	TX_ANT	ff	399:0:10:21:175
3608714	PKT	0:266:260754:399:456786:0:0
3609714	TX_ANT	ff	386:0:10:40:3468
3609714	PKT	0:257:252203:386:442271:0:0
3610714	TX_ANT	ff	384:0:10:41:3170
3610714	PKT	0:255:250912:384:440924:0:0
3611714	TX_ANT	ff	395:0:10:20:170
3611714	PKT	0:262:259232:395:455152:0:0
3612714	TX_ANT	ff	388:0:10:19:120
3612714	PKT	0:259:253798:388:443922:0:0
[VISION][STATUS] FPS=32 | mavi=— kirmizi=— | tespit=BEKLİYOR | kuyruk=0
3613714	TX_ANT	ff	398:0:10:20:210
3613714	PKT	0:265:259092:398:455096:0:0
3614714	TX_ANT	ff	384:0:10:21:215
3614714	PKT	0:255:248386:384:438398:0:0
3615714	TX_ANT	ff	389:0:10:29:565
3615714	PKT	0:260:258600:389:448752:0:0
3616714	TX_ANT	ff	391:0:11:31:903
3616714	PKT	0:258:251990:391:447798:0:0
3617714	TX_ANT	ff	387:0:11:27:264
3617714	PKT	0:258:253599:387:443695:0:0
[VISION][STATUS] FPS=32 | mavi=— kirmizi=— | tespit=BEKLİYOR | kuyruk=0
3618714	TX_ANT	ff	394:0:10:24:207
3618714	PKT	0:261:254752:394:450644:0:0
3619714	TX_ANT	ff	392:0:10:30:336
3619714	PKT	0:263:257270:392:447506:0:0
3620714	TX_ANT	ff	390:0:10:25:200
3620714	PKT	0:257:251592:390:447372:0:0
3621714	TX_ANT	ff	388:0:10:25:1364
3621714	PKT	0:259:253555:388:443679:0:0
3622714	TX_ANT	ff	388:0:10:24:543
3622714	PKT	0:259:251596:388:441720:0:0
[VISION][STATUS] FPS=32 | mavi=— kirmizi=— | tespit=BEKLİYOR | kuyruk=0
3623714	TX_ANT	ff	398:0:10:26:1123
3623714	PKT	0:265:261793:398:457797:0:0
3624714	TX_ANT	ff	394:0:10:25:800
3624714	PKT	0:261:258617:394:454509:0:0
3625715	TX_ANT	ff	386:0:10:19:173
3625715	PKT	0:257:250724:386:440792:0:0
3626714	TX_ANT	ff	392:0:10:18:144
3626714	PKT	0:259:253510:392:449346:0:0
3627715	TX_ANT	ff	391:0:10:33:1696
3627715	PKT	0:262:257196:391:447404:0:0
[VISION][STATUS] FPS=32 | mavi=— kirmizi=— | tespit=BEKLİYOR | kuyruk=0
3628714	TX_ANT	ff	383:0:10:19:118
3628714	PKT	0:254:252378:383:442362:0:0
3629714	TX_ANT	ff	394:0:10:21:289
3629714	PKT	0:261:257867:394:453759:0:0
3630714	TX_ANT	ff	386:0:10:22:256
3630714	PKT	0:257:252962:386:443030:0:0
3631714	TX_ANT	ff	390:0:10:27:2029
3631714	PKT	0:261:257862:390:448042:0:0
3632715	TX_ANT	ff	384:0:10:23:641
3632715	PKT	0:255:251291:384:441303:0:0
[VISION][STATUS] FPS=33 | mavi=— kirmizi=— | tespit=BEKLİYOR | kuyruk=0
3633714	TX_ANT	ff	382:0:10:22:452
3633714	PKT	0:253:253755:382:443711:0:0
3634714	TX_ANT	ff	388:0:11:24:120
3634714	PKT	0:259:256391:388:446515:0:0
3635714	TX_ANT	ff	394:0:10:25:1075
3635714	PKT	0:261:255963:394:451855:0:0
3636714	TX_ANT	ff	385:0:10:25:291
3636714	PKT	0:256:255666:385:445706:0:0
3637715	TX_ANT	ff	386:0:10:22:521
3637715	PKT	0:257:249873:386:439941:0:0
[VISION][STATUS] FPS=32 | mavi=— kirmizi=— | tespit=BEKLİYOR | kuyruk=0
3638714	TX_ANT	ff	387:0:10:24:564
3638714	PKT	0:258:255906:387:446002:0:0
3639714	TX_ANT	ff	392:0:10:21:247
3639714	PKT	0:259:253496:392:449332:0:0
3640714	TX_ANT	ff	396:0:10:26:687
3640714	PKT	0:263:255875:396:451823:0:0
3641714	TX_ANT	ff	390:0:10:28:1717
3641714	PKT	0:261:256255:390:446435:0:0
3642714	TX_ANT	ff	387:0:10:24:1270
3642714	PKT	0:258:252833:387:442929:0:0
[VISION][STATUS] FPS=32 | mavi=— kirmizi=— | tespit=BEKLİYOR | kuyruk=0
3643715	TX_ANT	ff	393:0:10:24:1004
3643715	PKT	0:260:257451:393:453315:0:0
3644714	TX_ANT	ff	387:0:10:22:304
3644714	PKT	0:258:253163:387:443259:0:0
3645714	TX_ANT	ff	395:0:10:20:238
3645714	PKT	0:262:261954:395:457874:0:0
3646714	TX_ANT	ff	384:0:10:31:1336
3646714	PKT	0:255:250509:384:440521:0:0
3647715	TX_ANT	ff	384:0:10:23:207
3647715	PKT	0:255:252112:384:442124:0:0
[VISION][STATUS] FPS=32 | mavi=— kirmizi=— | tespit=BEKLİYOR | kuyruk=0
3648714	TX_ANT	ff	387:0:10:29:518
3648714	PKT	0:258:256590:387:446686:0:0
3649714	TX_ANT	ff	385:0:10:21:492
3649714	PKT	0:256:253577:385:443617:0:0
3650714	TX_ANT	ff	388:0:10:22:411
3650714	PKT	0:259:252075:388:442199:0:0
3651714	TX_ANT	ff	396:0:10:19:163
3651714	PKT	0:263:260924:396:456872:0:0
3652714	TX_ANT	ff	383:0:10:19:144
3652714	PKT	0:254:248524:383:438508:0:0
[VISION][STATUS] FPS=32 | mavi=— kirmizi=— | tespit=BEKLİYOR | kuyruk=0
3653714	TX_ANT	ff	394:0:10:21:240
3653714	PKT	0:261:256801:394:452693:0:0
3654714	TX_ANT	ff	388:0:10:23:678
3654714	PKT	0:259:254401:388:444525:0:0
3655714	TX_ANT	ff	386:0:10:28:381
3655714	PKT	0:257:253230:386:443298:0:0
3656714	TX_ANT	ff	396:0:10:26:345
3656714	PKT	0:263:256844:396:452792:0:0
3657714	TX_ANT	ff	387:0:10:27:403
3657714	PKT	0:258:255678:387:445774:0:0
[VISION][STATUS] FPS=32 | mavi=— kirmizi=— | tespit=BEKLİYOR | kuyruk=0
3658714	TX_ANT	ff	387:0:10:21:182
3658714	PKT	0:258:254370:387:444466:0:0
3659714	TX_ANT	ff	390:0:10:18:170
3659714	PKT	0:257:253104:390:448884:0:0
3660714	TX_ANT	ff	388:0:10:21:256
3660714	PKT	0:259:256592:388:446716:0:0
3661714	TX_ANT	ff	389:0:10:21:223
3661714	PKT	0:260:251643:389:441795:0:0
3662714	TX_ANT	ff	402:0:10:20:363
3662714	PKT	0:265:262501:402:464217:0:0
[VISION][STATUS] FPS=32 | mavi=— kirmizi=— | tespit=BEKLİYOR | kuyruk=0
3663714	TX_ANT	ff	387:0:10:37:1046
3663714	PKT	0:258:249365:387:439461:0:0
3664714	TX_ANT	ff	397:0:10:18:171
3664714	PKT	0:264:256477:397:452453:0:0
3665714	TX_ANT	ff	386:0:10:20:220
3665714	PKT	0:257:251709:386:441777:0:0
3666714	TX_ANT	ff	386:0:10:27:296
3666714	PKT	0:257:256743:386:446811:0:0
3667714	TX_ANT	ff	385:0:10:27:1606
3667714	PKT	0:256:252680:385:442720:0:0
[VISION][STATUS] FPS=32 | mavi=— kirmizi=— | tespit=BEKLİYOR | kuyruk=0
3668714	TX_ANT	ff	395:0:10:20:166
3668714	PKT	0:262:255443:395:451363:0:0
3669715	TX_ANT	ff	385:0:10:24:311
3669715	PKT	0:256:253925:385:443965:0:0
3670714	TX_ANT	ff	388:0:10:24:335
3670714	PKT	0:259:253176:388:443300:0:0
3671714	TX_ANT	ff	387:0:10:31:741
3671714	PKT	0:258:255007:387:445103:0:0
3672714	TX_ANT	ff	396:0:10:21:215
3672714	PKT	0:263:256011:396:451959:0:0
[VISION][STATUS] FPS=32 | mavi=— kirmizi=— | tespit=BEKLİYOR | kuyruk=0
3673714	TX_ANT	ff	391:0:10:20:210
3673714	PKT	0:258:255986:391:451794:0:0
3674714	TX_ANT	ff	386:0:10:22:616
3674714	PKT	0:257:253777:386:443845:0:0
3675714	TX_ANT	ff	387:0:10:25:326
3675714	PKT	0:258:255238:387:445334:0:0
3676714	TX_ANT	ff	394:0:10:20:189
3676714	PKT	0:261:257255:394:453147:0:0
3677714	TX_ANT	ff	386:0:10:28:1110
3677714	PKT	0:257:253536:386:443604:0:0
[VISION][STATUS] FPS=32 | mavi=— kirmizi=— | tespit=BEKLİYOR | kuyruk=0
3678714	TX_ANT	ff	384:0:10:30:1121
3678714	PKT	0:255:249465:384:439477:0:0
3679714	TX_ANT	ff	399:0:10:39:1239
3679714	PKT	0:266:262553:399:458585:0:0
3680714	TX_ANT	ff	386:0:10:33:1361
3680714	PKT	0:257:251171:386:441239:0:0
3681714	TX_ANT	ff	385:0:10:34:969
3681714	PKT	0:256:250490:385:440530:0:0
3682714	TX_ANT	ff	374:0:10:27:336
3682714	PKT	0:249:241914:374:426046:0:0
[VISION][STATUS] FPS=32 | mavi=— kirmizi=— | tespit=BEKLİYOR | kuyruk=0
3683714	TX_ANT	ff	418:0:10:41:1148
3683714	PKT	0:277:278679:418:486443:0:0
3684714	TX_ANT	ff	377:0:10:28:1098
3684714	PKT	0:252:242662:377:426878:0:0
3685714	TX_ANT	ff	394:0:10:28:1213
3685714	PKT	0:261:261009:394:456901:0:0
3686714	TX_ANT	ff	384:0:10:22:179
3686714	PKT	0:255:249633:384:439645:0:0
3687714	TX_ANT	ff	397:0:10:29:873
3687714	PKT	0:264:261537:397:457513:0:0
[VISION][STATUS] FPS=32 | mavi=— kirmizi=— | tespit=BEKLİYOR | kuyruk=0
3688714	TX_ANT	ff	384:0:10:19:140
3688714	PKT	0:255:250257:384:440269:0:0
3689714	TX_ANT	ff	389:0:10:21:154
3689714	PKT	0:260:256514:389:446666:0:0
3690714	TX_ANT	ff	387:0:10:31:1219
3690714	PKT	0:258:254767:387:444863:0:0
3691714	TX_ANT	ff	391:0:10:32:641
3691714	PKT	0:258:251676:391:447484:0:0
3692714	TX_ANT	ff	391:0:10:32:1275
3692714	PKT	0:262:257322:391:447530:0:0
[VISION][STATUS] FPS=33 | mavi=— kirmizi=— | tespit=BEKLİYOR | kuyruk=0
3693714	TX_ANT	ff	392:0:10:25:893
3693714	PKT	0:259:255017:392:450853:0:0
3694714	TX_ANT	ff	388:0:10:23:342
3694714	PKT	0:259:255365:388:445489:0:0
3695714	TX_ANT	ff	393:0:10:23:292
3695714	PKT	0:260:254350:393:450214:0:0
3696714	TX_ANT	ff	390:0:10:22:486
3696714	PKT	0:261:258169:390:448349:0:0
3697716	TX_ANT	ff	392:0:10:27:1012
3697716	PKT	0:259:251947:392:447783:0:0
[VISION][STATUS] FPS=32 | mavi=— kirmizi=— | tespit=BEKLİYOR | kuyruk=0
3698714	TX_ANT	ff	389:0:10:26:1880
3698714	PKT	0:260:255567:389:445719:0:0
3699714	TX_ANT	ff	387:0:10:27:1430
3699714	PKT	0:258:253313:387:443409:0:0
3700714	TX_ANT	ff	395:0:10:28:2770
3700714	PKT	0:262:256831:395:452751:0:0
3701714	TX_ANT	ff	386:0:10:36:1534
3701714	PKT	0:257:248914:386:438982:0:0
3702714	TX_ANT	ff	394:0:10:25:1379
3702714	PKT	0:261:255726:394:451618:0:0
[VISION][STATUS] FPS=33 | mavi=— kirmizi=— | tespit=BEKLİYOR | kuyruk=0
3703714	TX_ANT	ff	397:0:10:21:222
3703714	PKT	0:264:258340:397:454316:0:0
3704714	TX_ANT	ff	387:0:10:31:2194
3704714	PKT	0:258:252775:387:442871:0:0
3705714	TX_ANT	ff	394:0:10:24:687
3705714	PKT	0:261:256162:394:452054:0:0
3706714	TX_ANT	ff	387:0:10:20:211
3706714	PKT	0:258:254104:387:444200:0:0
3707714	TX_ANT	ff	389:0:10:23:1042
3707714	PKT	0:260:256237:389:446389:0:0
[VISION][STATUS] FPS=32 | mavi=(627,198) kirmizi=— | tespit=BEKLİYOR | kuyruk=0
3708714	TX_ANT	ff	385:0:10:21:833
3708714	PKT	0:256:251709:385:441749:0:0
3709714	TX_ANT	ff	396:0:10:22:1113
3709714	PKT	0:263:260579:396:456527:0:0
3710714	TX_ANT	ff	391:0:10:22:189
3710714	PKT	0:258:254765:391:450573:0:0
3711714	TX_ANT	ff	385:0:10:37:1316
3711714	PKT	0:256:252407:385:442447:0:0
3712714	TX_ANT	ff	389:0:10:35:1817
3712714	PKT	0:260:256809:389:446961:0:0
[VISION][STATUS] FPS=32 | mavi=— kirmizi=— | tespit=BEKLİYOR | kuyruk=0
3713714	TX_ANT	ff	385:0:10:22:172
3713714	PKT	0:256:251957:385:441997:0:0
3714714	TX_ANT	ff	393:0:10:31:747
3714714	PKT	0:260:255785:393:451649:0:0
3715714	TX_ANT	ff	388:0:10:21:560
3715714	PKT	0:259:251846:388:441970:0:0
3716715	TX_ANT	ff	395:0:10:27:535
3716715	PKT	0:262:259735:395:455655:0:0
3717714	TX_ANT	ff	379:0:10:35:1813
3717714	PKT	0:254:250132:379:434404:0:0
[VISION][STATUS] FPS=32 | mavi=— kirmizi=— | tespit=BEKLİYOR | kuyruk=0
3718714	TX_ANT	ff	394:0:10:34:1192
3718714	PKT	0:261:256003:394:451895:0:0
3719714	TX_ANT	ff	396:0:10:29:1070
3719714	PKT	0:263:253942:396:449890:0:0
3720714	TX_ANT	ff	395:0:10:30:553
3720714	PKT	0:262:256925:395:452845:0:0
3721714	TX_ANT	ff	386:0:10:31:2943
3721714	PKT	0:257:251641:386:441709:0:0
3722714	TX_ANT	ff	387:0:10:25:435
3722714	PKT	0:258:255723:387:445819:0:0
[VISION][STATUS] FPS=32 | mavi=— kirmizi=— | tespit=BEKLİYOR | kuyruk=0
3723714	TX_ANT	ff	396:0:10:24:656
3723714	PKT	0:263:258314:396:454262:0:0
3724714	TX_ANT	ff	385:0:10:26:873
3724714	PKT	0:256:250375:385:440415:0:0
3725714	TX_ANT	ff	395:0:10:22:209
3725714	PKT	0:262:257252:395:453172:0:0
3726714	TX_ANT	ff	388:0:10:20:146
3726714	PKT	0:259:254248:388:444372:0:0
3727714	TX_ANT	ff	395:0:10:23:610
3727714	PKT	0:262:254395:395:450315:0:0
[VISION][STATUS] FPS=32 | mavi=— kirmizi=— | tespit=BEKLİYOR | kuyruk=0
3728714	TX_ANT	ff	389:0:10:25:1238
3728714	PKT	0:260:255363:389:445515:0:0
3729714	TX_ANT	ff	392:0:10:21:168
3729714	PKT	0:259:252964:392:448800:0:0
3730715	TX_ANT	ff	397:0:10:22:236
3730715	PKT	0:264:259434:397:455410:0:0
3731715	TX_ANT	ff	385:0:10:21:258
3731715	PKT	0:256:251538:385:441578:0:0
3732714	TX_ANT	ff	389:0:10:25:1377
3732714	PKT	0:260:253459:389:443611:0:0
[VISION][STATUS] FPS=32 | mavi=— kirmizi=— | tespit=BEKLİYOR | kuyruk=0
3733714	TX_ANT	ff	391:0:10:27:1637
3733714	PKT	0:259:255067:391:450815:0:0
3734714	TX_ANT	ff	387:0:10:23:266
3734714	PKT	0:258:254483:387:444579:0:0
3735714	TX_ANT	ff	386:0:10:20:228
3735714	PKT	0:257:254040:386:444108:0:0
3736714	TX_ANT	ff	388:0:10:24:817
3736714	PKT	0:259:256290:388:446414:0:0
3737715	TX_ANT	ff	383:0:10:26:842
3737715	PKT	0:254:252232:383:442216:0:0
[VISION][STATUS] FPS=32 | mavi=(630,195) kirmizi=— | tespit=BEKLİYOR | kuyruk=0
3738714	TX_ANT	ff	398:0:10:21:221
3738714	PKT	0:265:258709:398:454713:0:0
3739714	TX_ANT	ff	393:0:10:24:450
3739714	PKT	0:260:255988:393:451852:0:0
3740714	TX_ANT	ff	386:0:10:31:2017
3740714	PKT	0:257:251936:386:442004:0:0
3741714	TX_ANT	ff	396:0:10:21:188
3741714	PKT	0:263:257737:396:453685:0:0
3742714	TX_ANT	ff	390:0:10:21:181
3742714	PKT	0:261:255752:390:445932:0:0
[VISION][STATUS] FPS=32 | mavi=— kirmizi=— | tespit=BEKLİYOR | kuyruk=0
3743714	TX_ANT	ff	395:0:10:36:2370
3743714	PKT	0:262:256496:395:452416:0:0
3744714	TX_ANT	ff	386:0:10:32:1090
3744714	PKT	0:257:254010:386:444078:0:0
3745714	TX_ANT	ff	393:0:10:26:1124
3745714	PKT	0:260:250202:393:446066:0:0
3746714	TX_ANT	ff	391:0:10:25:293
3746714	PKT	0:262:256026:391:446234:0:0
3747715	TX_ANT	ff	392:0:10:36:969
3747715	PKT	0:259:253760:392:449596:0:0
[VISION][STATUS] FPS=32 | mavi=— kirmizi=— | tespit=BEKLİYOR | kuyruk=0
3748714	TX_ANT	ff	389:0:10:37:1222
3748714	PKT	0:260:255286:389:445438:0:0
3749714	TX_ANT	ff	393:0:10:25:925
3749714	PKT	0:260:254867:393:450731:0:0
3750714	TX_ANT	ff	389:0:10:19:158
3750714	PKT	0:260:251654:389:441806:0:0
3751714	TX_ANT	ff	395:0:10:24:1120
3751714	PKT	0:262:255714:395:451634:0:0
3752714	TX_ANT	ff	395:0:10:34:1450
3752714	PKT	0:262:255560:395:451480:0:0
[VISION][STATUS] FPS=32 | mavi=— kirmizi=— | tespit=BEKLİYOR | kuyruk=0
3753714	TX_ANT	ff	390:0:10:20:195
3753714	PKT	0:261:256728:390:446908:0:0
3754714	TX_ANT	ff	390:0:10:38:1782
3754714	PKT	0:257:253416:390:449196:0:0
3755714	TX_ANT	ff	390:0:10:21:224
3755714	PKT	0:261:254932:390:445112:0:0
3756715	TX_ANT	ff	393:0:10:25:866
3756715	PKT	0:260:254872:393:450736:0:0
3757714	TX_ANT	ff	391:0:10:26:1298
3757714	PKT	0:262:257224:391:447432:0:0
[VISION][STATUS] FPS=32 | mavi=(21,419) kirmizi=— | tespit=BEKLİYOR | kuyruk=0
3758714	TX_ANT	ff	391:0:10:22:716
3758714	PKT	0:258:250627:391:446435:0:0
3759714	TX_ANT	ff	396:0:10:25:305
3759714	PKT	0:263:255608:396:451556:0:0
3760714	TX_ANT	ff	390:0:10:25:1044
3760714	PKT	0:261:258293:390:448473:0:0
3761714	TX_ANT	ff	394:0:10:22:270
3761714	PKT	0:261:254088:394:449980:0:0
3762714	TX_ANT	ff	386:0:10:30:539
3762714	PKT	0:257:254364:386:444432:0:0
[VISION][STATUS] FPS=32 | mavi=(629,196) kirmizi=— | tespit=BEKLİYOR | kuyruk=0
3763714	TX_ANT	ff	389:0:11:33:664
3763714	PKT	0:260:255954:389:446106:0:0
3764714	TX_ANT	ff	390:0:10:43:2460
3764714	PKT	0:257:253541:390:449321:0:0
3765714	TX_ANT	ff	389:0:10:26:326
3765714	PKT	0:260:254480:389:444632:0:0
3766714	TX_ANT	ff	386:0:10:26:892
3766714	PKT	0:257:250464:386:440532:0:0
3767714	TX_ANT	ff	398:0:10:35:2180
3767714	PKT	0:265:259302:398:455306:0:0
[VISION][STATUS] FPS=32 | mavi=— kirmizi=— | tespit=BEKLİYOR | kuyruk=0
3768714	TX_ANT	ff	392:0:10:27:799
3768714	PKT	0:259:255369:392:451205:0:0
3769714	TX_ANT	ff	384:0:10:22:186
3769714	PKT	0:255:250942:384:440954:0:0
3770714	TX_ANT	ff	388:0:10:27:827
3770714	PKT	0:259:256218:388:446342:0:0
3771714	TX_ANT	ff	387:0:10:27:272
3771714	PKT	0:258:254961:387:445057:0:0
3772714	TX_ANT	ff	393:0:10:29:349
3772714	PKT	0:260:255006:393:450870:0:0
[VISION][STATUS] FPS=32 | mavi=— kirmizi=— | tespit=BEKLİYOR | kuyruk=0
3773714	TX_ANT	ff	398:0:10:23:546
3773714	PKT	0:265:256908:398:452912:0:0
3774714	TX_ANT	ff	385:0:10:20:226
3774714	PKT	0:256:248199:385:438239:0:0
3775715	TX_ANT	ff	396:0:10:19:198
3775715	PKT	0:263:258813:396:454761:0:0
3776714	TX_ANT	ff	391:0:10:28:1033
3776714	PKT	0:262:259919:391:450127:0:0
3777714	TX_ANT	ff	383:0:10:22:292
3777714	PKT	0:254:249173:383:439157:0:0
[VISION][STATUS] FPS=32 | mavi=— kirmizi=— | tespit=BEKLİYOR | kuyruk=0
3778714	TX_ANT	ff	387:0:10:24:360
3778714	PKT	0:258:254044:387:444140:0:0
3779714	TX_ANT	ff	396:0:10:27:1367
3779714	PKT	0:263:257035:396:452983:0:0
3780714	TX_ANT	ff	394:0:10:19:150
3780714	PKT	0:261:256967:394:452859:0:0
3781714	TX_ANT	ff	387:0:10:22:722
3781714	PKT	0:258:253247:387:443343:0:0
3782714	TX_ANT	ff	385:0:10:22:252
3782714	PKT	0:256:251451:385:441491:0:0
[VISION][STATUS] FPS=32 | mavi=— kirmizi=(247,240) | tespit=BEKLİYOR | kuyruk=0
3783716	TX_ANT	ff	394:0:10:25:1529
3783716	PKT	0:261:256212:394:452104:0:0
3784714	TX_ANT	ff	388:0:10:22:182
3784714	PKT	0:259:256008:388:446132:0:0
3785714	TX_ANT	ff	394:0:10:26:1347
3785714	PKT	0:261:254101:394:449993:0:0
3786714	TX_ANT	ff	388:0:10:26:257
3786714	PKT	0:259:256210:388:446334:0:0
3787714	TX_ANT	ff	392:0:10:23:347
3787714	PKT	0:259:254722:392:450558:0:0
[VISION][STATUS] FPS=32 | mavi=— kirmizi=— | tespit=BEKLİYOR | kuyruk=0
3788715	TX_ANT	ff	386:0:10:28:1067
3788715	PKT	0:257:251482:386:441550:0:0
3789714	TX_ANT	ff	398:0:11:41:814
3789714	PKT	0:265:258075:398:454079:0:0
3790714	TX_ANT	ff	388:0:10:29:850
3790714	PKT	0:259:253846:388:443970:0:0
3791714	TX_ANT	ff	397:0:10:21:186
3791714	PKT	0:264:260314:397:456290:0:0
3792714	TX_ANT	ff	392:0:10:19:120
3792714	PKT	0:259:250882:392:446718:0:0
3793714	TX_ANT	ff	391:0:10:34:1476
3793714	PKT	0:262:259422:391:449630:0:0
[VISION][STATUS] FPS=32 | mavi=— kirmizi=— | tespit=BEKLİYOR | kuyruk=0
3794714	TX_ANT	ff	381:0:10:35:1500
3794714	PKT	0:252:246017:381:435945:0:0
3795714	TX_ANT	ff	396:0:10:27:729
3795714	PKT	0:263:259082:396:455030:0:0
3796714	TX_ANT	ff	385:0:10:25:617
3796714	PKT	0:256:252816:385:442856:0:0
3797714	TX_ANT	ff	387:0:10:23:300
3797714	PKT	0:258:252011:387:442107:0:0
3798714	TX_ANT	ff	389:0:10:21:296
3798714	PKT	0:260:254048:389:444200:0:0
[VISION][STATUS] FPS=32 | mavi=— kirmizi=— | tespit=BEKLİYOR | kuyruk=0
3799714	TX_ANT	ff	394:0:10:39:4139
3799714	PKT	0:261:258167:394:454059:0:0
3800714	TX_ANT	ff	393:0:10:22:195
3800714	PKT	0:260:254866:393:450730:0:0
3801715	TX_ANT	ff	387:0:9:27:1586
3801715	PKT	0:258:251685:387:441781:0:0
3802714	TX_ANT	ff	395:0:10:23:1235
3802714	PKT	0:262:258280:395:454200:0:0
3803714	TX_ANT	ff	379:0:10:21:276
3803714	PKT	0:254:251425:379:435697:0:0
[VISION][STATUS] FPS=32 | mavi=— kirmizi=— | tespit=BEKLİYOR | kuyruk=0
3804714	TX_ANT	ff	394:0:10:26:577
3804714	PKT	0:261:256746:394:452638:0:0
3805714	TX_ANT	ff	397:0:10:27:1218
3805714	PKT	0:264:255318:397:451294:0:0
3806714	TX_ANT	ff	389:0:10:25:626
3806714	PKT	0:260:257966:389:448118:0:0
3807714	TX_ANT	ff	382:0:10:36:928
3807714	PKT	0:253:248503:382:438459:0:0
3808715	TX_ANT	ff	399:0:10:39:1278
3808715	PKT	0:266:260876:399:456908:0:0
[VISION][STATUS] FPS=32 | mavi=— kirmizi=— | tespit=BEKLİYOR | kuyruk=0
3809714	TX_ANT	ff	391:0:10:32:495
3809714	PKT	0:258:252416:391:448224:0:0
3810715	TX_ANT	ff	388:0:10:33:443
3810715	PKT	0:259:252022:388:442146:0:0
3811714	TX_ANT	ff	394:0:10:22:1223
3811714	PKT	0:261:255057:394:450949:0:0
3812714	TX_ANT	ff	391:0:10:22:863
3812714	PKT	0:262:256119:391:446327:0:0
3813714	TX_ANT	ff	392:0:10:28:433
3813714	PKT	0:259:255108:392:450944:0:0
[VISION][STATUS] FPS=32 | mavi=(629,195) kirmizi=— | tespit=BEKLİYOR | kuyruk=0
3814714	TX_ANT	ff	389:0:10:22:481
3814714	PKT	0:260:253052:389:443204:0:0
3815714	TX_ANT	ff	392:0:10:27:1652
3815714	PKT	0:259:252803:392:448639:0:0
3816714	TX_ANT	ff	388:0:10:30:836
3816714	PKT	0:259:258132:388:448256:0:0
3817714	TX_ANT	ff	394:0:10:22:405
3817714	PKT	0:261:255577:394:451469:0:0
3818714	TX_ANT	ff	385:0:10:24:340
3818714	PKT	0:256:252869:385:442909:0:0
[VISION][STATUS] FPS=32 | mavi=— kirmizi=— | tespit=BEKLİYOR | kuyruk=0
3819714	TX_ANT	ff	390:0:10:22:179
3819714	PKT	0:261:255474:390:445654:0:0
3820714	TX_ANT	ff	393:0:10:25:672
3820714	PKT	0:260:255534:393:451398:0:0
3821714	TX_ANT	ff	390:0:10:27:324
3821714	PKT	0:261:256829:390:447009:0:0
3822715	TX_ANT	ff	391:0:10:25:397
3822715	PKT	0:258:253328:391:449136:0:0
3823714	TX_ANT	ff	390:0:10:21:147
3823714	PKT	0:261:254638:390:444818:0:0
[VISION][STATUS] FPS=32 | mavi=— kirmizi=— | tespit=BEKLİYOR | kuyruk=0
3824714	TX_ANT	ff	392:0:10:26:369
3824714	PKT	0:259:257148:392:452984:0:0
3825714	TX_ANT	ff	380:0:11:25:884
3825714	PKT	0:255:251382:380:435682:0:0
3826714	TX_ANT	ff	392:0:10:23:304
3826714	PKT	0:259:257940:392:453776:0:0
3827714	TX_ANT	ff	386:0:10:20:136
3827714	PKT	0:257:252147:386:442215:0:0
3828715	TX_ANT	ff	386:0:10:22:866
3828715	PKT	0:257:252935:386:443003:0:0
[VISION][STATUS] FPS=32 | mavi=— kirmizi=— | tespit=BEKLİYOR | kuyruk=0
3829714	TX_ANT	ff	388:0:10:21:300
3829714	PKT	0:259:255744:388:445868:0:0
3830714	TX_ANT	ff	393:0:10:19:177
3830714	PKT	0:260:256901:393:452765:0:0
3831714	TX_ANT	ff	387:0:10:25:1006
3831714	PKT	0:258:252751:387:442847:0:0
3832714	TX_ANT	ff	394:0:10:24:1066
3832714	PKT	0:261:254496:394:450388:0:0
3833714	TX_ANT	ff	388:0:10:23:331
3833714	PKT	0:259:253252:388:443376:0:0
[VISION][STATUS] FPS=32 | mavi=— kirmizi=— | tespit=BEKLİYOR | kuyruk=0
3834714	TX_ANT	ff	395:0:10:29:1502
3834714	PKT	0:262:257353:395:453273:0:0
3835716	TX_ANT	ff	389:0:10:26:1738
3835716	PKT	0:260:253225:389:443377:0:0
3836714	TX_ANT	ff	394:0:10:28:502
3836714	PKT	0:261:259140:394:455032:0:0
3837714	TX_ANT	ff	386:0:10:28:1152
3837714	PKT	0:257:249976:386:440044:0:0
3838715	TX_ANT	ff	395:0:10:25:670
3838715	PKT	0:262:260683:395:456603:0:0
[VISION][STATUS] FPS=32 | mavi=— kirmizi=— | tespit=BEKLİYOR | kuyruk=0
3839714	TX_ANT	ff	383:0:10:27:821
3839714	PKT	0:254:248635:383:438619:0:0
3840714	TX_ANT	ff	387:0:10:27:981
3840714	PKT	0:258:256202:387:446298:0:0
3841714	TX_ANT	ff	388:0:10:39:1459
3841714	PKT	0:259:255155:388:445279:0:0
3842714	TX_ANT	ff	394:0:10:18:173
3842714	PKT	0:261:255039:394:450931:0:0
3843714	TX_ANT	ff	388:0:10:29:562
3843714	PKT	0:259:254527:388:444651:0:0
[VISION][STATUS] FPS=32 | mavi=— kirmizi=— | tespit=BEKLİYOR | kuyruk=0
3844714	TX_ANT	ff	394:0:10:26:346
3844714	PKT	0:261:252046:394:447938:0:0
3845714	TX_ANT	ff	396:0:10:23:189
3845714	PKT	0:263:259583:396:455531:0:0
3846714	TX_ANT	ff	389:0:10:34:767
3846714	PKT	0:260:257077:389:447229:0:0
3847714	TX_ANT	ff	392:0:10:19:167
3847714	PKT	0:259:250016:392:445852:0:0
3848715	TX_ANT	ff	387:0:10:21:146
3848715	PKT	0:258:253414:387:443510:0:0
[VISION][STATUS] FPS=32 | mavi=— kirmizi=— | tespit=BEKLİYOR | kuyruk=0
3849714	TX_ANT	ff	397:0:10:33:1354
3849714	PKT	0:264:258053:397:454029:0:0
3850714	TX_ANT	ff	384:0:10:22:225
3850714	PKT	0:255:250130:384:440142:0:0
3851714	TX_ANT	ff	390:0:10:24:1335
3851714	PKT	0:261:256607:390:446787:0:0
3852714	TX_ANT	ff	392:0:10:27:497
3852714	PKT	0:259:254604:392:450440:0:0
3853715	TX_ANT	ff	389:0:10:20:184
3853715	PKT	0:260:256760:389:446912:0:0
[VISION][STATUS] FPS=32 | mavi=(621,454) kirmizi=— | tespit=BEKLİYOR | kuyruk=0
3854715	TX_ANT	ff	394:0:10:24:360
3854715	PKT	0:261:256758:394:452650:0:0
3855714	TX_ANT	ff	386:0:10:28:455
3855714	PKT	0:257:252523:386:442591:0:0
3856714	TX_ANT	ff	388:0:10:28:1373
3856714	PKT	0:259:255200:388:445324:0:0
3857714	TX_ANT	ff	403:0:10:20:478
3857714	PKT	0:266:262085:403:463829:0:0
3858714	TX_ANT	ff	384:0:10:21:366
3858714	PKT	0:255:248270:384:438282:0:0
[VISION][STATUS] FPS=32 | mavi=(628,155) kirmizi=— | tespit=BEKLİYOR | kuyruk=0
3859715	TX_ANT	ff	387:0:10:25:437
3859715	PKT	0:258:252275:387:442371:0:0
3860714	TX_ANT	ff	386:0:10:32:863
3860714	PKT	0:257:254193:386:444261:0:0
3861714	TX_ANT	ff	395:0:10:25:543
3861714	PKT	0:262:257348:395:453268:0:0
3862715	TX_ANT	ff	388:0:10:29:868
3862715	PKT	0:259:257291:388:447415:0:0
3863714	TX_ANT	ff	386:0:10:31:1090
3863714	PKT	0:257:251154:386:441222:0:0
[VISION][STATUS] FPS=32 | mavi=— kirmizi=— | tespit=BEKLİYOR | kuyruk=0
3864714	TX_ANT	ff	392:0:10:26:406
3864714	PKT	0:259:253369:392:449205:0:0
3865714	TX_ANT	ff	385:0:10:35:1471
3865714	PKT	0:256:253365:385:443405:0:0
3866714	TX_ANT	ff	389:0:10:22:192
3866714	PKT	0:260:256320:389:446472:0:0
3867715	TX_ANT	ff	397:0:10:25:367
3867715	PKT	0:264:256296:397:452272:0:0
3868714	TX_ANT	ff	385:0:11:25:660
3868714	PKT	0:256:252010:385:442050:0:0
[VISION][STATUS] FPS=32 | mavi=— kirmizi=— | tespit=BEKLİYOR | kuyruk=0
3869714	TX_ANT	ff	395:0:11:22:113
3869714	PKT	0:262:257902:395:453822:0:0
3870714	TX_ANT	ff	384:0:10:22:264
3870714	PKT	0:255:250239:384:440251:0:0
3871714	TX_ANT	ff	391:0:10:20:225
3871714	PKT	0:262:258810:391:449018:0:0
3872714	TX_ANT	ff	385:0:10:18:121
3872714	PKT	0:256:251397:385:441437:0:0
3873714	TX_ANT	ff	395:0:10:25:982
3873714	PKT	0:262:260509:395:456429:0:0
[VISION][STATUS] FPS=32 | mavi=— kirmizi=— | tespit=BEKLİYOR | kuyruk=0
3874714	TX_ANT	ff	386:0:10:29:470
3874714	PKT	0:257:250989:386:441057:0:0
3875714	TX_ANT	ff	395:0:10:28:863
3875714	PKT	0:262:259165:395:455085:0:0
3876714	TX_ANT	ff	383:0:10:22:318
3876714	PKT	0:254:249298:383:439282:0:0
3877714	TX_ANT	ff	390:0:10:30:1573
3877714	PKT	0:261:256736:390:446916:0:0
3878714	TX_ANT	ff	397:0:10:24:258
3878714	PKT	0:264:258020:397:453996:0:0
[VISION][STATUS] FPS=33 | mavi=(624,455) kirmizi=— | tespit=BEKLİYOR | kuyruk=0
3879714	TX_ANT	ff	392:0:10:24:189
3879714	PKT	0:259:252709:392:448545:0:0
3880714	TX_ANT	ff	388:0:10:25:1252
3880714	PKT	0:259:254036:388:444160:0:0
3881714	TX_ANT	ff	387:0:10:24:1172
3881714	PKT	0:258:254495:387:444591:0:0
3882714	TX_ANT	ff	392:0:10:29:768
3882714	PKT	0:259:252287:392:448123:0:0
3883714	TX_ANT	ff	396:0:10:26:1546
3883714	PKT	0:263:258338:396:454286:0:0
[VISION][STATUS] FPS=32 | mavi=— kirmizi=— | tespit=BEKLİYOR | kuyruk=0
3884714	TX_ANT	ff	390:0:10:21:160
3884714	PKT	0:261:256090:390:446270:0:0
3885714	TX_ANT	ff	392:0:10:21:298
3885714	PKT	0:259:251468:392:447304:0:0
3886714	TX_ANT	ff	387:0:10:35:1345
3886714	PKT	0:258:253737:387:443833:0:0
3887714	TX_ANT	ff	398:0:10:34:2626
3887714	PKT	0:265:260414:398:456418:0:0
3888714	TX_ANT	ff	386:0:10:21:203
3888714	PKT	0:257:250607:386:440675:0:0
[VISION][STATUS] FPS=33 | mavi=— kirmizi=— | tespit=BEKLİYOR | kuyruk=0
3889714	TX_ANT	ff	396:0:10:36:1435
3889714	PKT	0:263:255122:396:451070:0:0
3890714	TX_ANT	ff	387:0:10:20:174
3890714	PKT	0:258:254273:387:444369:0:0
3891714	TX_ANT	ff	392:0:10:29:435
3891714	PKT	0:259:253079:392:448915:0:0
3892714	TX_ANT	ff	389:0:10:23:1165
3892714	PKT	0:260:257038:389:447190:0:0
3893716	TX_ANT	ff	387:0:10:19:143
3893716	PKT	0:258:253591:387:443687:0:0
[VISION][STATUS] FPS=32 | mavi=(628,155) kirmizi=— | tespit=BEKLİYOR | kuyruk=0
3894715	TX_ANT	ff	391:0:10:30:949
3894715	PKT	0:258:254775:391:450583:0:0
3895714	TX_ANT	ff	388:0:10:20:189
3895714	PKT	0:259:256644:388:446768:0:0
3896714	TX_ANT	ff	384:0:10:21:146
3896714	PKT	0:255:250257:384:440269:0:0
3897714	TX_ANT	ff	389:0:10:22:611
3897714	PKT	0:260:256782:389:446934:0:0
3898714	TX_ANT	ff	390:0:10:27:1507
3898714	PKT	0:257:254125:390:449905:0:0
[VISION][STATUS] FPS=32 | mavi=(629,192) kirmizi=— | tespit=BEKLİYOR | kuyruk=0
3899714	TX_ANT	ff	380:0:10:25:976
3899714	PKT	0:255:254100:380:438400:0:0
3900714	TX_ANT	ff	393:0:10:25:351
3900714	PKT	0:260:254986:393:450850:0:0
3901714	TX_ANT	ff	394:0:10:25:1670
3901714	PKT	0:261:258030:394:453922:0:0
3902714	TX_ANT	ff	386:0:10:32:1436
3902714	PKT	0:257:254638:386:444706:0:0
3903714	TX_ANT	ff	390:0:10:25:557
3903714	PKT	0:261:255624:390:445804:0:0
[VISION][STATUS] FPS=32 | mavi=(295,398) kirmizi=— | tespit=BEKLİYOR | kuyruk=0
3904714	TX_ANT	ff	392:0:10:21:336
3904714	PKT	0:259:252654:392:448490:0:0
3905714	TX_ANT	ff	390:0:10:26:481
3905714	PKT	0:261:259465:390:449645:0:0
3906715	TX_ANT	ff	392:0:10:21:216
3906715	PKT	0:259:252878:392:448714:0:0
3907714	TX_ANT	ff	379:0:10:25:833
3907714	PKT	0:254:250258:379:434530:0:0
3908714	TX_ANT	ff	395:0:10:28:1518
3908714	PKT	0:262:260884:395:456804:0:0
[VISION][STATUS] FPS=32 | mavi=(627,319) kirmizi=— | tespit=BEKLİYOR | kuyruk=0
3909714	TX_ANT	ff	386:0:10:19:110
3909714	PKT	0:257:248351:386:438419:0:0
3910714	TX_ANT	ff	393:0:10:30:548
3910714	PKT	0:260:258310:393:454174:0:0
3911714	TX_ANT	ff	386:0:10:28:350
3911714	PKT	0:257:253072:386:443140:0:0
3912714	TX_ANT	ff	388:0:10:23:324
3912714	PKT	0:259:255405:388:445529:0:0
3913714	TX_ANT	ff	386:0:10:21:197
3913714	PKT	0:257:253226:386:443294:0:0
[VISION][STATUS] FPS=32 | mavi=— kirmizi=— | tespit=BEKLİYOR | kuyruk=0
3914714	TX_ANT	ff	395:0:10:42:4306
3914714	PKT	0:262:253874:395:449794:0:0
3915714	TX_ANT	ff	393:0:11:28:927
3915714	PKT	0:260:256309:393:452173:0:0
3916714	TX_ANT	ff	391:0:10:23:346
3916714	PKT	0:262:255812:391:446020:0:0
3917714	TX_ANT	ff	391:0:10:30:1382
3917714	PKT	0:258:253002:391:448810:0:0
3918714	TX_ANT	ff	387:0:10:25:786
3918714	PKT	0:258:254816:387:444912:0:0
[VISION][STATUS] FPS=32 | mavi=(626,195) kirmizi=— | tespit=BEKLİYOR | kuyruk=0
3919714	TX_ANT	ff	388:0:10:21:355
3919714	PKT	0:259:256040:388:446164:0:0
3920714	TX_ANT	ff	392:0:10:39:3168
3920714	PKT	0:259:254937:392:450773:0:0
3921714	TX_ANT	ff	389:0:11:30:735
3921714	PKT	0:260:253950:389:444102:0:0
3922714	TX_ANT	ff	396:0:10:24:354
3922714	PKT	0:263:258673:396:454621:0:0
3923714	TX_ANT	ff	388:0:10:26:778
3923714	PKT	0:259:253199:388:443323:0:0
[VISION][STATUS] FPS=32 | mavi=— kirmizi=— | tespit=BEKLİYOR | kuyruk=0
3924714	TX_ANT	ff	391:0:10:20:660
3924714	PKT	0:258:254605:391:450413:0:0
3925714	TX_ANT	ff	388:0:10:25:281
3925714	PKT	0:259:252653:388:442777:0:0
3926714	TX_ANT	ff	395:0:10:31:1765
3926714	PKT	0:262:257090:395:453010:0:0
3927714	TX_ANT	ff	387:0:10:27:225
3927714	PKT	0:258:254612:387:444708:0:0
3928714	TX_ANT	ff	387:0:10:29:1334
3928714	PKT	0:258:252419:387:442515:0:0
[VISION][STATUS] FPS=32 | mavi=— kirmizi=— | tespit=BEKLİYOR | kuyruk=0
3929714	TX_ANT	ff	392:0:10:29:2489
3929714	PKT	0:259:255567:392:451403:0:0
3930716	TX_ANT	ff	388:0:10:23:727
3930716	PKT	0:259:253341:388:443465:0:0
3931715	TX_ANT	ff	388:0:10:25:401
3931715	PKT	0:259:255082:388:445206:0:0
3932714	TX_ANT	ff	392:0:10:21:535
3932714	PKT	0:259:256047:392:451883:0:0
3933714	TX_ANT	ff	390:0:10:19:178
3933714	PKT	0:261:254767:390:444947:0:0
[VISION][STATUS] FPS=32 | mavi=— kirmizi=— | tespit=BEKLİYOR | kuyruk=0
3934714	TX_ANT	ff	391:0:10:28:1343
3934714	PKT	0:258:255279:391:451087:0:0
3935714	TX_ANT	ff	390:0:10:20:167
3935714	PKT	0:261:254046:390:444226:0:0
3936714	TX_ANT	ff	394:0:10:26:836
3936714	PKT	0:261:255201:394:451093:0:0
3937716	TX_ANT	ff	388:0:10:23:887
3937716	PKT	0:259:253631:388:443755:0:0
3938714	TX_ANT	ff	392:0:10:33:1431
3938714	PKT	0:259:258870:392:454706:0:0
[VISION][STATUS] FPS=32 | mavi=— kirmizi=— | tespit=BEKLİYOR | kuyruk=0
3939716	TX_ANT	ff	387:0:10:27:1710
3939716	PKT	0:258:251721:387:441817:0:0
3940714	TX_ANT	ff	388:0:10:26:1028
3940714	PKT	0:259:255219:388:445343:0:0
3941714	TX_ANT	ff	391:0:10:27:1068
3941714	PKT	0:258:253198:391:449006:0:0
3942714	TX_ANT	ff	392:0:10:21:225
3942714	PKT	0:263:257241:392:447477:0:0
3943714	TX_ANT	ff	393:0:10:22:848
3943714	PKT	0:260:252534:393:448398:0:0
[VISION][STATUS] FPS=32 | mavi=(62,401) kirmizi=— | tespit=BEKLİYOR | kuyruk=0
3944715	TX_ANT	ff	386:0:10:27:300
3944715	PKT	0:257:255738:386:445806:0:0
3945714	TX_ANT	ff	384:0:10:28:293
3945714	PKT	0:255:251411:384:441423:0:0
3946714	TX_ANT	ff	395:0:10:22:611
3946714	PKT	0:262:257007:395:452927:0:0
3947714	TX_ANT	ff	388:0:10:24:253
3947714	PKT	0:259:254132:388:444256:0:0
3948714	TX_ANT	ff	388:0:10:20:338
3948714	PKT	0:259:255778:388:445902:0:0
[VISION][STATUS] FPS=32 | mavi=— kirmizi=— | tespit=BEKLİYOR | kuyruk=0
3949714	TX_ANT	ff	392:0:10:20:209
3949714	PKT	0:259:254583:392:450419:0:0
3950714	TX_ANT	ff	395:0:10:22:189
3950714	PKT	0:262:256085:395:452005:0:0
3951714	TX_ANT	ff	388:0:10:21:527
3951714	PKT	0:259:253437:388:443561:0:0
3952714	TX_ANT	ff	387:0:10:20:181
3952714	PKT	0:258:256386:387:446482:0:0
3953716	TX_ANT	ff	386:0:10:22:348
3953716	PKT	0:257:252930:386:442998:0:0
[VISION][STATUS] FPS=32 | mavi=(630,192) kirmizi=— | tespit=BEKLİYOR | kuyruk=0
3954714	TX_ANT	ff	396:0:10:30:1769
3954714	PKT	0:263:260422:396:456370:0:0
3955714	TX_ANT	ff	396:0:10:29:507
3955714	PKT	0:263:254244:396:450192:0:0
3956714	TX_ANT	ff	393:0:10:28:1330
3956714	PKT	0:260:248208:393:444072:0:0
3957714	TX_ANT	ff	392:0:10:25:323
3957714	PKT	0:263:258583:392:448819:0:0
3958714	TX_ANT	ff	391:0:10:21:574
3958714	PKT	0:258:249680:391:445488:0:0
[VISION][STATUS] FPS=32 | mavi=— kirmizi=— | tespit=BEKLİYOR | kuyruk=0
3959715	TX_ANT	ff	396:0:10:26:869
3959715	PKT	0:263:260883:396:456831:0:0
3960714	TX_ANT	ff	386:0:10:27:1414
3960714	PKT	0:257:251176:386:441244:0:0
3961714	TX_ANT	ff	388:0:10:23:180
3961714	PKT	0:259:254617:388:444741:0:0
3962714	TX_ANT	ff	394:0:10:28:250
3962714	PKT	0:261:254223:394:450115:0:0
3963714	TX_ANT	ff	389:0:10:29:1217
3963714	PKT	0:260:255292:389:445444:0:0
[VISION][STATUS] FPS=32 | mavi=— kirmizi=— | tespit=BEKLİYOR | kuyruk=0
3964714	TX_ANT	ff	393:0:10:28:1492
3964714	PKT	0:260:253127:393:448991:0:0
3965714	TX_ANT	ff	391:0:10:23:366
3965714	PKT	0:262:258660:391:448868:0:0
3966714	TX_ANT	ff	391:0:10:20:224
3966714	PKT	0:258:251147:391:446955:0:0
3967714	TX_ANT	ff	390:0:10:25:638
3967714	PKT	0:261:256210:390:446390:0:0
3968714	TX_ANT	ff	391:0:10:22:556
3968714	PKT	0:258:255896:391:451704:0:0
[VISION][STATUS] FPS=32 | mavi=— kirmizi=— | tespit=BEKLİYOR | kuyruk=0
3969714	TX_ANT	ff	389:0:10:24:205
3969714	PKT	0:260:254771:389:444923:0:0
3970714	TX_ANT	ff	395:0:10:19:191
3970714	PKT	0:262:256665:395:452585:0:0
3971714	TX_ANT	ff	390:0:10:22:384
3971714	PKT	0:261:256538:390:446718:0:0
3972714	TX_ANT	ff	392:0:10:22:188
3972714	PKT	0:259:250675:392:446511:0:0
3973714	TX_ANT	ff	388:0:10:28:953
3973714	PKT	0:259:253130:388:443254:0:0
[VISION][STATUS] FPS=32 | mavi=(629,194) kirmizi=— | tespit=BEKLİYOR | kuyruk=0
3974714	TX_ANT	ff	397:0:10:21:1260
3974714	PKT	0:264:257449:397:453425:0:0
3975714	TX_ANT	ff	386:0:10:36:3634
3975714	PKT	0:257:252706:386:442774:0:0
3976714	TX_ANT	ff	395:0:10:23:607
3976714	PKT	0:262:258295:395:454215:0:0
3977714	TX_ANT	ff	388:0:10:23:383
3977714	PKT	0:259:250882:388:441006:0:0
3978714	TX_ANT	ff	391:0:10:21:239
3978714	PKT	0:258:254194:391:450002:0:0
[VISION][STATUS] FPS=32 | mavi=— kirmizi=— | tespit=BEKLİYOR | kuyruk=0
3979714	TX_ANT	ff	389:0:10:21:206
3979714	PKT	0:260:255596:389:445748:0:0
3980714	TX_ANT	ff	393:0:10:30:1052
3980714	PKT	0:260:255233:393:451097:0:0
3981714	TX_ANT	ff	387:0:10:32:1204
3981714	PKT	0:258:254354:387:444450:0:0
3982714	TX_ANT	ff	382:0:10:28:853
3982714	PKT	0:253:247503:382:437459:0:0
3983714	TX_ANT	ff	400:0:10:24:305
3983714	PKT	0:267:263290:400:459350:0:0
[VISION][STATUS] FPS=32 | mavi=(630,194) kirmizi=— | tespit=BEKLİYOR | kuyruk=0
3984714	TX_ANT	ff	395:0:10:22:1301
3984714	PKT	0:262:256309:395:452229:0:0
3985714	TX_ANT	ff	387:0:10:23:210
3985714	PKT	0:258:252861:387:442957:0:0
3986714	TX_ANT	ff	386:0:10:24:194
3986714	PKT	0:257:253186:386:443254:0:0
3987714	TX_ANT	ff	395:0:11:24:177
3987714	PKT	0:262:259141:395:455061:0:0
3988714	TX_ANT	ff	386:0:10:23:203
3988714	PKT	0:257:250986:386:441054:0:0
[VISION][STATUS] FPS=32 | mavi=— kirmizi=— | tespit=BEKLİYOR | kuyruk=0
3989714	TX_ANT	ff	389:0:10:21:184
3989714	PKT	0:260:257592:389:447744:0:0
3990714	TX_ANT	ff	392:0:10:30:756
3990714	PKT	0:259:253665:392:449501:0:0
3991715	TX_ANT	ff	386:0:10:28:871
3991715	PKT	0:257:254701:386:444769:0:0
3992714	TX_ANT	ff	388:0:10:25:599
3992714	PKT	0:259:256242:388:446366:0:0
3993714	TX_ANT	ff	384:0:10:24:983
3993714	PKT	0:255:249496:384:439508:0:0
[VISION][STATUS] FPS=33 | mavi=— kirmizi=(249,239) | tespit=BEKLİYOR | kuyruk=0
3994714	TX_ANT	ff	394:0:10:24:281
3994714	PKT	0:261:257987:394:453879:0:0
3995714	TX_ANT	ff	388:0:10:30:2429
3995714	PKT	0:259:255509:388:445633:0:0
3996714	TX_ANT	ff	394:0:10:20:152
3996714	PKT	0:261:253187:394:449079:0:0
3997714	TX_ANT	ff	395:0:10:19:230
3997714	PKT	0:262:256538:395:452458:0:0
3998714	TX_ANT	ff	388:0:10:27:1461
3998714	PKT	0:259:254212:388:444336:0:0
[VISION][STATUS] FPS=32 | mavi=— kirmizi=— | tespit=BEKLİYOR | kuyruk=0
3999714	TX_ANT	ff	387:0:10:24:740
3999714	PKT	0:258:252421:387:442517:0:0
4000714	TX_ANT	ff	394:0:10:28:362
4000714	PKT	0:261:252061:394:447953:0:0
4001714	TX_ANT	ff	400:0:10:20:188
4001714	PKT	0:267:261494:400:457554:0:0
4002714	TX_ANT	ff	386:0:10:20:199
4002714	PKT	0:257:253041:386:443109:0:0
4003715	TX_ANT	ff	403:0:10:24:1147
4003715	PKT	0:266:260406:403:462150:0:0
[VISION][STATUS] FPS=32 | mavi=— kirmizi=— | tespit=BEKLİYOR | kuyruk=0
4004714	TX_ANT	ff	387:0:10:28:589
4004714	PKT	0:258:249851:387:439947:0:0
4005714	TX_ANT	ff	387:0:10:23:386
4005714	PKT	0:258:252964:387:443060:0:0
4006714	TX_ANT	ff	387:0:10:40:2755
4006714	PKT	0:258:254322:387:444418:0:0
4007714	TX_ANT	ff	394:0:10:34:1257
4007714	PKT	0:261:257061:394:452953:0:0
4008714	TX_ANT	ff	385:0:10:20:192
4008714	PKT	0:256:251292:385:441332:0:0
[VISION][STATUS] FPS=32 | mavi=— kirmizi=(248,238) | tespit=BEKLİYOR | kuyruk=0
4009714	TX_ANT	ff	389:0:10:21:341
4009714	PKT	0:260:258416:389:448568:0:0
4010714	TX_ANT	ff	392:0:10:26:299
4010714	PKT	0:259:252834:392:448670:0:0
4011714	TX_ANT	ff	397:0:10:36:2798
4011714	PKT	0:264:256291:397:452267:0:0
4012714	TX_ANT	ff	388:0:10:25:270
4012714	PKT	0:259:253327:388:443451:0:0
4013714	TX_ANT	ff	385:0:10:21:191
4013714	PKT	0:256:252392:385:442432:0:0
4014714	TX_ANT	ff	395:0:10:20:194
4014714	PKT	0:262:256995:395:452915:0:0
[VISION][STATUS] FPS=32 | mavi=(83,358) kirmizi=— | tespit=BEKLİYOR | kuyruk=0
4015714	TX_ANT	ff	387:0:10:22:463
4015714	PKT	0:258:253379:387:443475:0:0
4016714	TX_ANT	ff	394:0:10:31:1424
4016714	PKT	0:261:256434:394:452326:0:0
4017715	TX_ANT	ff	395:0:10:30:1284
4017715	PKT	0:262:259039:395:454959:0:0
4018714	TX_ANT	ff	380:0:10:26:1294
4018714	PKT	0:255:249025:380:433325:0:0
4019715	TX_ANT	ff	397:0:10:27:495
4019715	PKT	0:264:262056:397:458032:0:0
[VISION][STATUS] FPS=32 | mavi=— kirmizi=— | tespit=BEKLİYOR | kuyruk=0
4020714	TX_ANT	ff	390:0:10:26:459
4020714	PKT	0:257:252104:390:447884:0:0
4021714	TX_ANT	ff	379:0:10:21:194
4021714	PKT	0:254:249948:379:434220:0:0
4022714	TX_ANT	ff	393:0:10:21:294
4022714	PKT	0:260:257549:393:453413:0:0
4023714	TX_ANT	ff	388:0:10:19:165
4023714	PKT	0:259:255129:388:445253:0:0
4024714	TX_ANT	ff	385:0:10:32:1278
4024714	PKT	0:256:250974:385:441014:0:0
[VISION][STATUS] FPS=32 | mavi=— kirmizi=— | tespit=BEKLİYOR | kuyruk=0
4025714	TX_ANT	ff	395:0:10:37:810
4025714	PKT	0:262:260478:395:456398:0:0
4026714	TX_ANT	ff	385:0:10:27:1600
4026714	PKT	0:256:250162:385:440202:0:0
4027714	TX_ANT	ff	387:0:10:27:652
4027714	PKT	0:258:255694:387:445790:0:0
4028714	TX_ANT	ff	395:0:10:22:293
4028714	PKT	0:262:254398:395:450318:0:0
4029714	TX_ANT	ff	386:0:10:33:2620
4029714	PKT	0:257:254734:386:444802:0:0
[VISION][STATUS] FPS=32 | mavi=(629,192) kirmizi=(247,239) | tespit=BEKLİYOR | kuyruk=0
4030714	TX_ANT	ff	394:0:10:20:178
4030714	PKT	0:261:255523:394:451415:0:0
4031714	TX_ANT	ff	389:0:10:28:1507
4031714	PKT	0:260:255103:389:445255:0:0
4032714	TX_ANT	ff	392:0:10:30:864
4032714	PKT	0:259:255255:392:451091:0:0
4033714	TX_ANT	ff	385:0:10:42:1065
4033714	PKT	0:256:253118:385:443158:0:0
4034715	TX_ANT	ff	389:0:10:34:1466
4034715	PKT	0:260:255069:389:445221:0:0
[VISION][STATUS] FPS=32 | mavi=— kirmizi=(249,238) | tespit=BEKLİYOR | kuyruk=0
4035714	TX_ANT	ff	386:0:10:27:240
4035714	PKT	0:257:255647:386:445715:0:0
4036714	TX_ANT	ff	393:0:10:23:347
4036714	PKT	0:260:257649:393:453513:0:0
4037714	TX_ANT	ff	384:0:10:31:954
4037714	PKT	0:255:251662:384:441674:0:0
4038714	TX_ANT	ff	389:0:10:24:280
4038714	PKT	0:260:253984:389:444136:0:0
4039714	TX_ANT	ff	388:0:10:25:323
4039714	PKT	0:259:254234:388:444358:0:0
[VISION][STATUS] FPS=32 | mavi=(627,193) kirmizi=— | tespit=BEKLİYOR | kuyruk=0
4040714	TX_ANT	ff	395:0:10:30:1325
4040714	PKT	0:262:258059:395:453979:0:0
4041714	TX_ANT	ff	392:0:10:25:1261
4041714	PKT	0:259:254841:392:450677:0:0
4042715	TX_ANT	ff	389:0:10:29:1434
4042715	PKT	0:260:252020:389:442172:0:0
4043714	TX_ANT	ff	387:0:10:33:1989
4043714	PKT	0:258:253532:387:443628:0:0
4044714	TX_ANT	ff	393:0:10:27:966
4044714	PKT	0:260:253341:393:449205:0:0
[VISION][STATUS] FPS=32 | mavi=— kirmizi=— | tespit=BEKLİYOR | kuyruk=0
4045714	TX_ANT	ff	395:0:10:39:1735
4045714	PKT	0:262:256480:395:452400:0:0
4046714	TX_ANT	ff	390:0:10:33:734
4046714	PKT	0:261:254363:390:444543:0:0
4047714	TX_ANT	ff	394:0:11:38:1236
4047714	PKT	0:261:255556:394:451448:0:0
4048714	TX_ANT	ff	395:0:10:25:374
4048714	PKT	0:262:255441:395:451361:0:0
4049714	TX_ANT	ff	388:0:10:27:1485
4049714	PKT	0:259:254116:388:444240:0:0
[VISION][STATUS] FPS=32 | mavi=(291,287) kirmizi=— | tespit=BEKLİYOR | kuyruk=0
4050714	TX_ANT	ff	394:0:10:19:132
4050714	PKT	0:261:255578:394:451470:0:0
4051714	TX_ANT	ff	398:0:10:26:704
4051714	PKT	0:265:260695:398:456699:0:0
4052714	TX_ANT	ff	387:0:10:25:1202
4052714	PKT	0:258:254366:387:444462:0:0
4053714	TX_ANT	ff	387:0:10:20:218
4053714	PKT	0:258:250148:387:440244:0:0
4054715	TX_ANT	ff	395:0:10:24:249
4054715	PKT	0:262:255388:395:451308:0:0
[VISION][STATUS] FPS=32 | mavi=— kirmizi=— | tespit=BEKLİYOR | kuyruk=0
4055714	TX_ANT	ff	386:0:10:24:285
4055714	PKT	0:257:253985:386:444053:0:0
4056714	TX_ANT	ff	384:0:10:26:1192
4056714	PKT	0:255:252323:384:442335:0:0
4057714	TX_ANT	ff	397:0:10:22:324
4057714	PKT	0:264:258067:397:454043:0:0
4058714	TX_ANT	ff	388:0:10:23:208
4058714	PKT	0:259:255262:388:445386:0:0
4059714	TX_ANT	ff	392:0:10:22:373
4059714	PKT	0:259:252494:392:448330:0:0
[VISION][STATUS] FPS=32 | mavi=(628,192) kirmizi=— | tespit=BEKLİYOR | kuyruk=0
4060714	TX_ANT	ff	386:0:10:23:1101
4060714	PKT	0:257:253422:386:443490:0:0
4061714	TX_ANT	ff	396:0:10:26:899
4061714	PKT	0:263:256203:396:452151:0:0
4062714	TX_ANT	ff	389:0:10:31:670
4062714	PKT	0:260:252990:389:443142:0:0
4063714	TX_ANT	ff	393:0:10:20:178
4063714	PKT	0:260:257133:393:452997:0:0
4064714	TX_ANT	ff	388:0:10:29:1009
4064714	PKT	0:259:254069:388:444193:0:0
[VISION][STATUS] FPS=32 | mavi=— kirmizi=— | tespit=BEKLİYOR | kuyruk=0
4065714	TX_ANT	ff	388:0:10:30:1338
4065714	PKT	0:259:256129:388:446253:0:0
4066714	TX_ANT	ff	390:0:10:22:790
4066714	PKT	0:257:253726:390:449506:0:0
4067714	TX_ANT	ff	389:0:10:26:1153
4067714	PKT	0:260:253662:389:443814:0:0
4068715	TX_ANT	ff	394:0:9:22:894
4068715	PKT	0:261:259260:394:455152:0:0
4069714	TX_ANT	ff	379:0:10:22:161
4069714	PKT	0:254:248946:379:433218:0:0
[VISION][STATUS] FPS=32 | mavi=— kirmizi=— | tespit=BEKLİYOR | kuyruk=0
4070714	TX_ANT	ff	394:0:10:25:1216
4070714	PKT	0:261:258640:394:454532:0:0
4071714	TX_ANT	ff	387:0:10:23:677
4071714	PKT	0:258:253649:387:443745:0:0
4072714	TX_ANT	ff	393:0:10:22:448
4072714	PKT	0:260:253099:393:448963:0:0
4073714	TX_ANT	ff	389:0:10:21:209
4073714	PKT	0:260:255767:389:445919:0:0
4074714	TX_ANT	ff	391:0:10:25:524
4074714	PKT	0:258:255847:391:451655:0:0
[VISION][STATUS] FPS=32 | mavi=(297,398) kirmizi=— | tespit=BEKLİYOR | kuyruk=0
4075714	TX_ANT	ff	386:0:10:44:1427
4075714	PKT	0:257:252463:386:442531:0:0
4076714	TX_ANT	ff	386:0:10:23:268
4076714	PKT	0:257:255696:386:445764:0:0
4077714	TX_ANT	ff	388:0:9:23:244
4077714	PKT	0:259:255140:388:445264:0:0
4078714	TX_ANT	ff	392:0:10:29:1005
4078714	PKT	0:259:253996:392:449832:0:0
4079714	TX_ANT	ff	388:0:10:23:320
4079714	PKT	0:259:255769:388:445893:0:0
[VISION][STATUS] FPS=32 | mavi=— kirmizi=(247,239) | tespit=BEKLİYOR | kuyruk=0
4080714	TX_ANT	ff	387:0:10:24:1030
4080714	PKT	0:258:253723:387:443819:0:0
4081715	TX_ANT	ff	393:0:10:25:959
4081715	PKT	0:260:256832:393:452696:0:0
4082715	TX_ANT	ff	388:0:10:22:286
4082715	PKT	0:259:254053:388:444177:0:0
4083716	TX_ANT	ff	387:0:10:40:1355
4083716	PKT	0:258:254807:387:444903:0:0
4084714	TX_ANT	ff	392:0:10:59:1671
4084714	PKT	0:259:256323:392:452159:0:0
[VISION][STATUS] FPS=32 | mavi=— kirmizi=— | tespit=BEKLİYOR | kuyruk=0
4085714	TX_ANT	ff	388:0:10:27:497
4085714	PKT	0:259:255201:388:445325:0:0
4086714	TX_ANT	ff	385:0:10:32:1266
4086714	PKT	0:256:249727:385:439767:0:0
4087714	TX_ANT	ff	395:0:10:22:404
4087714	PKT	0:262:258549:395:454469:0:0
4088714	TX_ANT	ff	388:0:10:32:2169
4088714	PKT	0:259:253132:388:443256:0:0
4089714	TX_ANT	ff	386:0:10:29:853
4089714	PKT	0:257:252440:386:442508:0:0
[VISION][STATUS] FPS=32 | mavi=— kirmizi=— | tespit=BEKLİYOR | kuyruk=0
4090714	TX_ANT	ff	393:0:10:36:1515
4090714	PKT	0:260:255632:393:451496:0:0
4091714	TX_ANT	ff	390:0:10:28:332
4091714	PKT	0:261:256822:390:447002:0:0
4092714	TX_ANT	ff	391:0:10:22:192
4092714	PKT	0:258:252384:391:448192:0:0
4093714	TX_ANT	ff	386:0:10:27:1587
4093714	PKT	0:257:255428:386:445496:0:0
4094714	TX_ANT	ff	389:0:10:21:602
4094714	PKT	0:260:255574:389:445726:0:0
[VISION][STATUS] FPS=32 | mavi=— kirmizi=— | tespit=BEKLİYOR | kuyruk=0
4095715	TX_ANT	ff	391:0:10:22:493
4095715	PKT	0:258:250143:391:445951:0:0
4096714	TX_ANT	ff	392:0:10:26:429
4096714	PKT	0:263:262958:392:453194:0:0
4097714	TX_ANT	ff	385:0:10:24:427
4097714	PKT	0:256:250448:385:440488:0:0
4098714	TX_ANT	ff	394:0:10:23:152
4098714	PKT	0:261:256877:394:452769:0:0
4099715	TX_ANT	ff	393:0:10:27:212
4099715	PKT	0:260:253905:393:449769:0:0
[VISION][STATUS] FPS=32 | mavi=— kirmizi=— | tespit=BEKLİYOR | kuyruk=0
4100715	TX_ANT	ff	388:0:10:25:564
4100715	PKT	0:259:256286:388:446410:0:0
4101714	TX_ANT	ff	394:0:10:30:1494
4101714	PKT	0:261:257760:394:453652:0:0
4102714	TX_ANT	ff	386:0:10:23:547
4102714	PKT	0:257:251257:386:441325:0:0
4103714	TX_ANT	ff	384:0:10:20:168
4103714	PKT	0:255:250872:384:440884:0:0
4104714	TX_ANT	ff	392:0:10:35:1005
4104714	PKT	0:263:258306:392:448542:0:0
[VISION][STATUS] FPS=33 | mavi=— kirmizi=— | tespit=BEKLİYOR | kuyruk=0
4105714	TX_ANT	ff	391:0:10:35:683
4105714	PKT	0:258:253418:391:449226:0:0
4106714	TX_ANT	ff	396:0:10:41:1660
4106714	PKT	0:263:257266:396:453214:0:0
4107714	TX_ANT	ff	388:0:10:30:1279
4107714	PKT	0:259:252389:388:442513:0:0
4108714	TX_ANT	ff	388:0:10:19:195
4108714	PKT	0:259:254723:388:444847:0:0
4109714	TX_ANT	ff	394:0:10:22:931
4109714	PKT	0:261:253951:394:449843:0:0
[VISION][STATUS] FPS=32 | mavi=— kirmizi=— | tespit=BEKLİYOR | kuyruk=0
4110715	TX_ANT	ff	388:0:10:20:164
4110715	PKT	0:259:256145:388:446269:0:0
4111714	TX_ANT	ff	393:0:10:19:302
4111714	PKT	0:260:251759:393:447623:0:0
4112714	TX_ANT	ff	388:0:10:36:996
4112714	PKT	0:259:256445:388:446569:0:0
4113715	TX_ANT	ff	393:0:10:33:2891
4113715	PKT	0:260:255398:393:451262:0:0
4114714	TX_ANT	ff	387:0:10:20:265
4114714	PKT	0:258:253702:387:443798:0:0
[VISION][STATUS] FPS=32 | mavi=(629,203) kirmizi=— | tespit=BEKLİYOR | kuyruk=0
4115715	TX_ANT	ff	389:0:10:19:148
4115715	PKT	0:260:256118:389:446270:0:0
4116714	TX_ANT	ff	397:0:10:30:1684
4116714	PKT	0:264:260645:397:456621:0:0
4117714	TX_ANT	ff	393:0:10:33:1321
4117714	PKT	0:260:254939:393:450803:0:0
4118714	TX_ANT	ff	384:0:10:20:189
4118714	PKT	0:255:247937:384:437949:0:0
4119714	TX_ANT	ff	388:0:9:20:271
4119714	PKT	0:259:254419:388:444543:0:0
[VISION][STATUS] FPS=32 | mavi=— kirmizi=(248,240) | tespit=BEKLİYOR | kuyruk=0
4120714	TX_ANT	ff	386:0:10:21:338
4120714	PKT	0:257:253978:386:444046:0:0
4121714	TX_ANT	ff	392:0:10:23:360
4121714	PKT	0:259:255647:392:451483:0:0
4122714	TX_ANT	ff	390:0:10:25:1205
4122714	PKT	0:261:257216:390:447396:0:0
4123714	TX_ANT	ff	384:0:10:31:2786
4123714	PKT	0:255:249971:384:439983:0:0
4124714	TX_ANT	ff	393:0:10:29:1828
4124714	PKT	0:260:256048:393:451912:0:0
[VISION][STATUS] FPS=32 | mavi=— kirmizi=— | tespit=BEKLİYOR | kuyruk=0
4125714	TX_ANT	ff	386:0:10:35:1164
4125714	PKT	0:258:256197:386:446205:0:0
4126714	TX_ANT	ff	389:0:10:20:411
4126714	PKT	0:260:252412:389:442564:0:0
4127714	TX_ANT	ff	393:0:10:33:1487
4127714	PKT	0:260:256157:393:452021:0:0
4128714	TX_ANT	ff	388:0:10:28:420
4128714	PKT	0:259:253604:388:443728:0:0
4129714	TX_ANT	ff	394:0:10:23:629
4129714	PKT	0:261:259046:394:454938:0:0
[VISION][STATUS] FPS=32 | mavi=— kirmizi=— | tespit=BEKLİYOR | kuyruk=0
4130714	TX_ANT	ff	388:0:10:27:2774
4130714	PKT	0:259:250078:388:440202:0:0
4131714	TX_ANT	ff	395:0:10:20:224
4131714	PKT	0:262:255537:395:451457:0:0
4132714	TX_ANT	ff	388:0:10:20:143
4132714	PKT	0:259:255557:388:445681:0:0
4133714	TX_ANT	ff	394:0:10:22:468
4133714	PKT	0:261:257576:394:453468:0:0
4134714	TX_ANT	ff	394:0:10:26:1721
4134714	PKT	0:261:256151:394:452043:0:0
[VISION][STATUS] FPS=32 | mavi=— kirmizi=— | tespit=BEKLİYOR | kuyruk=0
4135714	TX_ANT	ff	386:0:10:23:372
4135714	PKT	0:257:252274:386:442342:0:0
4136714	TX_ANT	ff	386:0:10:41:948
4136714	PKT	0:257:253790:386:443858:0:0
4137714	TX_ANT	ff	384:0:11:41:1594
4137714	PKT	0:255:251847:384:441859:0:0
4138714	TX_ANT	ff	386:0:10:22:243
4138714	PKT	0:257:255783:386:445851:0:0
4139714	TX_ANT	ff	394:0:10:26:932
4139714	PKT	0:261:260395:394:456287:0:0
[VISION][STATUS] FPS=32 | mavi=— kirmizi=— | tespit=BEKLİYOR | kuyruk=0
4140714	TX_ANT	ff	379:0:10:21:424
4140714	PKT	0:254:247282:379:431554:0:0
4141714	TX_ANT	ff	398:0:11:45:1197
4141714	PKT	0:265:259383:398:455387:0:0
4142714	TX_ANT	ff	390:0:10:30:1926
4142714	PKT	0:257:253100:390:448880:0:0
4143714	TX_ANT	ff	389:0:10:22:835
4143714	PKT	0:260:254690:389:444842:0:0
4144714	TX_ANT	ff	384:0:10:36:1150
4144714	PKT	0:255:253549:384:443561:0:0
[VISION][STATUS] FPS=32 | mavi=— kirmizi=— | tespit=BEKLİYOR | kuyruk=0
4145714	TX_ANT	ff	396:0:10:41:740
4145714	PKT	0:263:258402:396:454350:0:0
4146714	TX_ANT	ff	389:0:10:38:495
4146714	PKT	0:260:253691:389:443843:0:0
4147714	TX_ANT	ff	394:0:10:36:532
4147714	PKT	0:261:255319:394:451211:0:0
4148714	TX_ANT	ff	388:0:10:23:374
4148714	PKT	0:259:253692:388:443816:0:0
4149714	TX_ANT	ff	398:0:10:29:1003
4149714	PKT	0:265:262168:398:458172:0:0
[VISION][STATUS] FPS=32 | mavi=— kirmizi=— | tespit=BEKLİYOR | kuyruk=0
4150714	TX_ANT	ff	384:0:10:19:189
4150714	PKT	0:255:249201:384:439213:0:0
4151714	TX_ANT	ff	394:0:10:19:144
4151714	PKT	0:261:254400:394:450292:0:0
4152714	TX_ANT	ff	385:0:10:24:1384
4152714	PKT	0:256:252968:385:443008:0:0
4153715	TX_ANT	ff	395:0:10:24:369
4153715	PKT	0:262:253947:395:449867:0:0
4154714	TX_ANT	ff	391:0:10:35:2842
4154714	PKT	0:262:259064:391:449272:0:0
[VISION][STATUS] FPS=32 | mavi=— kirmizi=— | tespit=BEKLİYOR | kuyruk=0
4155714	TX_ANT	ff	393:0:9:24:1039
4155714	PKT	0:260:256363:393:452227:0:0
4156714	TX_ANT	ff	385:0:10:25:333
4156714	PKT	0:256:249265:385:439305:0:0
4157714	TX_ANT	ff	386:0:10:28:980
4157714	PKT	0:257:253875:386:443943:0:0
4158714	TX_ANT	ff	393:0:10:28:1278
4158714	PKT	0:260:257022:393:452886:0:0
4159714	TX_ANT	ff	389:0:10:25:533
4159714	PKT	0:260:253555:389:443707:0:0
[VISION][STATUS] FPS=32 | mavi=— kirmizi=— | tespit=BEKLİYOR | kuyruk=0
4160714	TX_ANT	ff	387:0:10:22:190
4160714	PKT	0:258:253292:387:443388:0:0
4161714	TX_ANT	ff	395:0:10:23:451
4161714	PKT	0:262:258023:395:453943:0:0
4162714	TX_ANT	ff	386:0:10:32:4300
4162714	PKT	0:257:253182:386:443250:0:0
4163714	TX_ANT	ff	396:0:10:32:1382
4163714	PKT	0:263:258659:396:454607:0:0
4164715	TX_ANT	ff	385:0:10:27:270
4164715	PKT	0:256:251336:385:441376:0:0
[VISION][STATUS] FPS=32 | mavi=— kirmizi=— | tespit=BEKLİYOR | kuyruk=0
4165714	TX_ANT	ff	396:0:10:29:338
4165714	PKT	0:263:261575:396:457523:0:0
4166716	TX_ANT	ff	383:0:10:21:1067
4166716	PKT	0:254:250578:383:440562:0:0
4167714	TX_ANT	ff	386:0:10:22:388
4167714	PKT	0:257:251341:386:441409:0:0
4168714	TX_ANT	ff	385:0:10:26:296
4168714	PKT	0:256:251128:385:441168:0:0
4169715	TX_ANT	ff	395:0:10:29:2757
4169715	PKT	0:262:257869:395:453789:0:0
[VISION][STATUS] FPS=33 | mavi=— kirmizi=— | tespit=BEKLİYOR | kuyruk=0
4170714	TX_ANT	ff	389:0:10:21:306
4170714	PKT	0:260:256563:389:446715:0:0
4171714	TX_ANT	ff	388:0:10:26:731
4171714	PKT	0:259:254026:388:444150:0:0
4172714	TX_ANT	ff	395:0:10:21:186
4172714	PKT	0:262:256157:395:452077:0:0
4173714	TX_ANT	ff	375:0:10:24:188
4173714	PKT	0:250:242930:375:427090:0:0
4174714	TX_ANT	ff	403:0:10:22:230
4174714	PKT	0:266:263527:403:465271:0:0
[VISION][STATUS] FPS=32 | mavi=— kirmizi=— | tespit=BEKLİYOR | kuyruk=0
4175714	TX_ANT	ff	396:0:10:26:307
4175714	PKT	0:263:255703:396:451651:0:0
4176714	TX_ANT	ff	388:0:10:26:241
4176714	PKT	0:259:257959:388:448083:0:0
4177715	TX_ANT	ff	386:0:10:24:298
4177715	PKT	0:257:251051:386:441119:0:0
4178714	TX_ANT	ff	395:0:10:39:1104
4178714	PKT	0:262:258466:395:454386:0:0
4179715	TX_ANT	ff	385:0:10:32:778
4179715	PKT	0:256:251654:385:441694:0:0
[VISION][STATUS] FPS=33 | mavi=(629,157) kirmizi=— | tespit=BEKLİYOR | kuyruk=0
4180714	TX_ANT	ff	390:0:10:27:347
4180714	PKT	0:261:257811:390:447991:0:0
4181714	TX_ANT	ff	385:0:10:39:1619
4181714	PKT	0:256:252861:385:442901:0:0
4182714	TX_ANT	ff	391:0:10:27:525
4182714	PKT	0:258:256464:391:452272:0:0
4183714	TX_ANT	ff	386:0:10:36:657
4183714	PKT	0:257:252145:386:442213:0:0
4184714	TX_ANT	ff	395:0:10:27:342
4184714	PKT	0:262:257026:395:452946:0:0
[VISION][STATUS] FPS=32 | mavi=— kirmizi=— | tespit=BEKLİYOR | kuyruk=0
4185714	TX_ANT	ff	386:0:10:25:937
4185714	PKT	0:257:249867:386:439935:0:0
4186714	TX_ANT	ff	388:0:10:23:201
4186714	PKT	0:259:257433:388:447557:0:0
4187715	TX_ANT	ff	396:0:10:23:368
4187715	PKT	0:263:257275:396:453223:0:0
4188715	TX_ANT	ff	389:0:10:22:202
4188715	PKT	0:260:256547:389:446699:0:0
4189715	TX_ANT	ff	380:0:10:22:303
4189715	PKT	0:251:247650:380:437550:0:0
[VISION][STATUS] FPS=32 | mavi=— kirmizi=— | tespit=BEKLİYOR | kuyruk=0
4190714	TX_ANT	ff	396:0:10:20:206
4190714	PKT	0:263:258840:396:454788:0:0
4191714	TX_ANT	ff	386:0:10:33:3451
4191714	PKT	0:257:251701:386:441769:0:0
4192714	TX_ANT	ff	397:0:10:26:485
4192714	PKT	0:264:259645:397:455621:0:0
4193714	TX_ANT	ff	388:0:10:23:445
4193714	PKT	0:259:251669:388:441793:0:0
4194714	TX_ANT	ff	386:0:10:23:265
4194714	PKT	0:257:256414:386:446482:0:0
[VISION][STATUS] FPS=32 | mavi=— kirmizi=— | tespit=BEKLİYOR | kuyruk=0
4195715	TX_ANT	ff	392:0:10:32:2026
4195715	PKT	0:259:253387:392:449223:0:0
4196714	TX_ANT	ff	387:0:10:21:206
4196714	PKT	0:258:255546:387:445642:0:0
4197714	TX_ANT	ff	385:0:10:21:924
4197714	PKT	0:256:253458:385:443498:0:0
4198715	TX_ANT	ff	398:0:10:22:200
4198715	PKT	0:265:261107:398:457111:0:0
4199714	TX_ANT	ff	385:0:10:24:440
4199714	PKT	0:256:251860:385:441900:0:0
[VISION][STATUS] FPS=32 | mavi=— kirmizi=— | tespit=BEKLİYOR | kuyruk=0
4200714	TX_ANT	ff	386:0:10:24:752
4200714	PKT	0:257:252032:386:442100:0:0
4201714	TX_ANT	ff	393:0:10:23:757
4201714	PKT	0:260:255840:393:451704:0:0
4202714	TX_ANT	ff	378:0:10:22:298
4202714	PKT	0:253:247747:378:431991:0:0
4203714	TX_ANT	ff	397:0:10:32:2809
4203714	PKT	0:264:263521:397:459497:0:0
4204714	TX_ANT	ff	384:0:10:25:241
4204714	PKT	0:255:251073:384:441085:0:0
[VISION][STATUS] FPS=32 | mavi=— kirmizi=— | tespit=BEKLİYOR | kuyruk=0
4205714	TX_ANT	ff	392:0:10:25:546
4205714	PKT	0:259:253804:392:449640:0:0
4206714	TX_ANT	ff	385:0:10:23:263
4206714	PKT	0:256:252466:385:442506:0:0
4207714	TX_ANT	ff	397:0:10:36:1380
4207714	PKT	0:264:258347:397:454323:0:0
                                                                                                                                                                                                                                                                                                                                                                                                                                                                                                                                                                                                                                                                                                                                                                                                                                                                                                                                                                                                                                                                                                                                                                                                                                                                                                                                                                                                                                                                                                                                                                                                                                                                                                                                                                                                                                                                                                                                                                                                                                                                                                                                                                                                                                                                                                                                                                                                                                                                                                                                                                                                                                                                                                                                      ============================================================
TEKNOFEST 2026 - Sabit Kanat - Görev 2
  Video   : 640x480 @ 30fps
  FC      : /dev/ttyAMA3 @ 115200baud
  WFB     : MAC=6c:4c:bc:0a:62:a0  kanal=36
  Tarama  : WP 4 → 10.0m/s | loop çıkış WP=7
  Drop    : tetik=20m | USE_FC_SERVO=True
  Tespit  : WP 4'de aktif
============================================================
[SERVO] GPIO servo başlatılıyor...
[SERVO] Kırmızı yük → GPIO 18 | 50Hz PWM başladı (duty=7.5%)
[SERVO] Mavi yük    → GPIO 23 | 50Hz PWM başladı (duty=7.5%)
[SERVO] ✓ Tüm servolar nötr konumda hazır
[PIPELINE] WiFi arayüzü aranıyor (MAC=6c:4c:bc:0a:62:a0)...
[PIPELINE] 'ip link' çıktısı (675 karakter)
[PIPELINE] MAC satırı bulundu (indeks 5): link/ieee802.11/radiotap 6c:4c:bc:0a:62:a0 brd ff:ff:ff:ff:ff:ff
[PIPELINE] Önceki satır: 3: wlan0: <BROADCAST,MULTICAST,UP,LOWER_UP> mtu 1500 qdisc mq state UP mode DEFAULT group default qlen 1000 → arayüz=wlan0
[PIPELINE] ✓ Arayüz: wlan0
[PIPELINE] rfkill unblock + NetworkManager durduruluyor...
[PIPELINE] ✓  link set wlan0 down
[PIPELINE] ✓  dev wlan0 set monitor none
[PIPELINE] ✓  link set wlan0 up
[PIPELINE] ✓  dev wlan0 set channel 36
[PIPELINE] ✓  dev wlan0 set txpower fixed 2000
[PIPELINE] ✓ Monitor mode aktif: wlan0 | kanal=36

[PIPELINE] Pipeline başlatılıyor...
[PIPELINE] wfb_tx komutu: sudo wfb_tx -K /home/albatros/gs.key -i 7669206 -p 0 -u 5600 wlan0
[PIPELINE] wfb_tx başladı → PID=1564
137784	LISTEN_UDP_CONTROL	55069
137784	PKT	0:0:0:0:0:0:0
138785	PKT	0:0:0:0:0:0:0
[PIPELINE] rpicam-vid komutu: rpicam-vid -t 0 --inline --codec h264 --width 640 --height 480 --framerate 30 --bitrate 2000000 --intra 30 --listen -o tcp://127.0.0.1:8888
[PIPELINE] rpicam-vid başladı → PID=1568 | TCP:8888
139785	PKT	0:0:0:0:0:0:0
140785	PKT	0:0:0:0:0:0:0
141785	PKT	0:0:0:0:0:0:0
142785	PKT	0:0:0:0:0:0:0
143785	PKT	0:0:0:0:0:0:0
[PIPELINE] ✓ Pipeline hazır (FFmpeg + GStreamer vision thread'inde başlayacak)

[MAIN] OpenCV thread başlatılıyor...
[VISION] Thread başlatıldı — 7s bekleniyor (rpicam-vid hazırlanıyor)...[MAIN] OpenCV thread başladı (TID=547503010144)


[MAIN] MAVSDK bağlanıyor: serial:///dev/ttyAMA3:115200
144785	PKT	0:0:0:0:0:0:0
145785	PKT	0:0:0:0:0:0:0
146785	PKT	0:0:0:0:0:0:0
147785	PKT	0:0:0:0:0:0:0
148785	PKT	0:0:0:0:0:0:0
149785	PKT	0:0:0:0:0:0:0
150785	PKT	0:0:0:0:0:0:0
[VISION] FFmpeg decode başlatılıyor: ffmpeg -fflags nobuffer -flags low_delay -probesize 32 -analyzeduration 0 -i tcp://127.0.0.1:8888 -f rawvideo -pix_fmt bgr24 -s 640x480 -r 30 -
[VISION] FFmpeg decode başladı → PID=1599
[VISION] FFmpeg encode başlatılıyor: ffmpeg -f rawvideo -pix_fmt bgr24 -s 640x480 -r 30 -i - -c:v h264_v4l2m2m -b:v 2000k -g 15 -flush_packets 1 -f h264 -
[VISION] FFmpeg encode başladı → PID=1600 (h264_v4l2m2m)
[VISION] GStreamer başlatılıyor: gst-launch-1.0 fdsrc ! h264parse ! rtph264pay config-interval=1 pt=96 ! udpsink host=127.0.0.1 port=5600[VISION] Frame okuma döngüsü başladı — frame_size=921600 bytes

[VISION] GStreamer başladı → PID=1603
151785	PKT	0:0:0:0:0:0:0
152784	PKT	0:0:0:0:0:0:0
Setting pipeline to PAUSED ...
Pipeline is PREROLLING ...
153785	PKT	0:0:0:0:0:0:0
154785	PKT	0:0:0:0:0:0:0
155785	PKT	0:0:0:0:0:0:0
Redistribute latency...
Pipeline is PREROLLED ...
Setting pipeline to PLAYING ...
Redistribute latency...
New clock: GstSystemClock
[VISION][STATUS] FPS=1 | mavi=(577,59) kirmizi=— | tespit=BEKLİYOR | kuyruk=0
156784	TX_ANT	ff	289:0:9:23:211
156784	PKT	0:192:184082:289:326634:0:0
157784	TX_ANT	ff	403:0:10:26:268
157784	PKT	0:270:272642:403:468786:0:0
158784	TX_ANT	ff	384:0:10:21:172
158784	PKT	0:255:251668:384:441680:0:0
159784	TX_ANT	ff	394:0:10:22:224
159784	PKT	0:261:257602:394:453494:0:0
160784	TX_ANT	ff	353:0:10:20:161
160784	PKT	0:236:222285:353:394629:0:0
161784	TX_ANT	ff	418:0:10:19:240
161784	PKT	0:277:280104:418:487868:0:0
[VISION][STATUS] FPS=32 | mavi=(598,366) kirmizi=— | tespit=BEKLİYOR | kuyruk=0
162784	TX_ANT	ff	394:0:10:20:144
162784	PKT	0:261:260168:394:456060:0:0
163784	TX_ANT	ff	386:0:10:23:210
163784	PKT	0:257:252116:386:442184:0:0
164784	TX_ANT	ff	390:0:10:29:1024
164784	PKT	0:261:256142:390:446322:0:0
165784	TX_ANT	ff	395:0:10:21:168
165784	PKT	0:262:258457:395:454377:0:0
166784	TX_ANT	ff	383:0:10:31:777
166784	PKT	0:254:252045:383:442029:0:0
[VISION][STATUS] FPS=32 | mavi=— kirmizi=— | tespit=BEKLİYOR | kuyruk=0
167784	TX_ANT	ff	386:0:10:27:637
167784	PKT	0:257:255075:386:445143:0:0
168785	TX_ANT	ff	388:0:10:20:265
168785	PKT	0:259:252675:388:442799:0:0
169784	TX_ANT	ff	395:0:9:19:170
169784	PKT	0:262:258493:395:454413:0:0
170784	TX_ANT	ff	395:0:10:20:214
170784	PKT	0:262:254862:395:450782:0:0
171784	TX_ANT	ff	387:0:10:23:188
171784	PKT	0:258:252108:387:442204:0:0
[VISION][STATUS] FPS=32 | mavi=— kirmizi=— | tespit=BEKLİYOR | kuyruk=0
172784	TX_ANT	ff	387:0:10:22:332
172784	PKT	0:258:253081:387:443177:0:0
173784	TX_ANT	ff	393:0:10:28:1229
173784	PKT	0:260:255342:393:451206:0:0
174784	TX_ANT	ff	400:0:10:33:1976
174784	PKT	0:267:260163:400:456223:0:0
175784	TX_ANT	ff	386:0:10:25:1260
175784	PKT	0:257:249326:386:439394:0:0
176784	TX_ANT	ff	394:0:10:23:189
176784	PKT	0:261:256816:394:452708:0:0
[VISION][STATUS] FPS=32 | mavi=— kirmizi=— | tespit=BEKLİYOR | kuyruk=0
177784	TX_ANT	ff	384:0:10:29:390
177784	PKT	0:255:247736:384:437748:0:0
178784	TX_ANT	ff	398:0:10:21:505
178784	PKT	0:265:260698:398:456702:0:0
179784	TX_ANT	ff	394:0:10:28:1281
179784	PKT	0:261:258444:394:454336:0:0
180784	TX_ANT	ff	379:0:10:19:293
180784	PKT	0:254:249681:379:433953:0:0
181785	TX_ANT	ff	395:0:10:24:1235
181785	PKT	0:262:257005:395:452925:0:0
[VISION][STATUS] FPS=32 | mavi=— kirmizi=— | tespit=BEKLİYOR | kuyruk=0
182784	TX_ANT	ff	386:0:10:25:997
182784	PKT	0:257:253938:386:444006:0:0
183784	TX_ANT	ff	392:0:10:23:226
183784	PKT	0:259:251652:392:447488:0:0
184785	TX_ANT	ff	389:0:10:20:206
184785	PKT	0:260:257222:389:447374:0:0
185784	TX_ANT	ff	388:0:10:24:927
185784	PKT	0:259:256742:388:446866:0:0
186785	TX_ANT	ff	390:0:10:23:436
186785	PKT	0:257:256485:390:452265:0:0
[VISION][STATUS] FPS=32 | mavi=— kirmizi=— | tespit=BEKLİYOR | kuyruk=0
187786	TX_ANT	ff	388:0:10:21:150
187786	PKT	0:259:253266:388:443390:0:0
188785	TX_ANT	ff	383:0:10:21:184
188785	PKT	0:254:252802:383:442786:0:0
189784	TX_ANT	ff	389:0:10:26:691
189784	PKT	0:260:256007:389:446159:0:0
190784	TX_ANT	ff	387:0:10:21:177
190784	PKT	0:258:251668:387:441764:0:0
191784	TX_ANT	ff	395:0:10:21:182
191784	PKT	0:262:256697:395:452617:0:0
[VISION][STATUS] FPS=32 | mavi=— kirmizi=— | tespit=BEKLİYOR | kuyruk=0
192785	TX_ANT	ff	387:0:10:24:705
192785	PKT	0:258:255843:387:445939:0:0
193785	TX_ANT	ff	385:0:10:25:245
193785	PKT	0:256:253636:385:443676:0:0
194784	TX_ANT	ff	395:0:9:18:244
194784	PKT	0:262:256131:395:452051:0:0
195784	TX_ANT	ff	394:0:10:35:3519
195784	PKT	0:261:257302:394:453194:0:0
196784	TX_ANT	ff	383:0:11:34:368
196784	PKT	0:254:252474:383:442458:0:0
[VISION][STATUS] FPS=32 | mavi=— kirmizi=— | tespit=BEKLİYOR | kuyruk=0
197784	TX_ANT	ff	389:0:10:45:1515
197784	PKT	0:260:255599:389:445751:0:0
198784	TX_ANT	ff	396:0:10:26:386
198784	PKT	0:263:258631:396:454579:0:0
199784	TX_ANT	ff	377:0:10:28:981
199784	PKT	0:252:246522:377:430738:0:0
200784	TX_ANT	ff	394:0:10:39:3271
200784	PKT	0:261:256062:394:451954:0:0
201785	TX_ANT	ff	394:0:10:19:175
201785	PKT	0:261:257398:394:453290:0:0
[VISION][STATUS] FPS=33 | mavi=— kirmizi=— | tespit=BEKLİYOR | kuyruk=0
202784	TX_ANT	ff	386:0:10:18:97
202784	PKT	0:257:256731:386:446799:0:0
203784	TX_ANT	ff	385:0:10:22:416
203784	PKT	0:256:249357:385:439397:0:0
204784	TX_ANT	ff	390:0:10:18:241
204784	PKT	0:261:258856:390:449036:0:0
205784	TX_ANT	ff	392:0:10:20:352
205784	PKT	0:259:255760:392:451596:0:0
206784	TX_ANT	ff	396:0:10:21:288
206784	PKT	0:263:257056:396:453004:0:0
[VISION][STATUS] FPS=32 | mavi=— kirmizi=— | tespit=BEKLİYOR | kuyruk=0
207784	TX_ANT	ff	384:0:10:23:900
207784	PKT	0:255:249652:384:439664:0:0
208785	TX_ANT	ff	387:0:10:24:1196
208785	PKT	0:258:251468:387:441564:0:0
209784	TX_ANT	ff	390:0:10:22:524
209784	PKT	0:261:258011:390:448191:0:0
210784	TX_ANT	ff	394:0:10:18:179
210784	PKT	0:261:255343:394:451235:0:0
211784	TX_ANT	ff	393:0:10:25:774
211784	PKT	0:260:254295:393:450159:0:0
[VISION][STATUS] FPS=32 | mavi=— kirmizi=— | tespit=BEKLİYOR | kuyruk=0
212784	TX_ANT	ff	389:0:10:27:586
212784	PKT	0:260:254547:389:444699:0:0
213784	TX_ANT	ff	387:0:10:33:1705
213784	PKT	0:258:255243:387:445339:0:0
214784	TX_ANT	ff	393:0:10:30:1118
214784	PKT	0:260:256757:393:452621:0:0
215785	TX_ANT	ff	388:0:9:20:360
215785	PKT	0:259:252945:388:443069:0:0
216784	TX_ANT	ff	386:0:10:34:933
216784	PKT	0:257:254076:386:444144:0:0
[VISION][STATUS] FPS=32 | mavi=— kirmizi=— | tespit=BEKLİYOR | kuyruk=0
217784	TX_ANT	ff	385:0:10:29:693
217784	PKT	0:256:252029:385:442069:0:0
218784	TX_ANT	ff	394:0:10:23:170
218784	PKT	0:261:259136:394:455028:0:0
219785	TX_ANT	ff	389:0:10:26:1266
219785	PKT	0:260:253324:389:443476:0:0
220784	TX_ANT	ff	393:0:10:29:1326
220784	PKT	0:260:254718:393:450582:0:0
221785	TX_ANT	ff	387:0:10:31:1463
221785	PKT	0:258:255198:387:445294:0:0
[VISION][STATUS] FPS=32 | mavi=— kirmizi=— | tespit=BEKLİYOR | kuyruk=0
222784	TX_ANT	ff	397:0:10:29:1273
222784	PKT	0:264:257171:397:453147:0:0
223784	TX_ANT	ff	383:0:10:24:178
223784	PKT	0:254:249231:383:439215:0:0
224784	TX_ANT	ff	394:0:10:20:531
224784	PKT	0:261:255215:394:451107:0:0
225785	TX_ANT	ff	392:0:10:23:1191
225785	PKT	0:263:258484:392:448720:0:0
226784	TX_ANT	ff	395:0:10:20:189
226784	PKT	0:262:253460:395:449380:0:0
[VISION][STATUS] FPS=32 | mavi=— kirmizi=— | tespit=BEKLİYOR | kuyruk=0
227784	TX_ANT	ff	393:0:10:21:365
227784	PKT	0:260:255357:393:451221:0:0
228784	TX_ANT	ff	386:0:9:25:872
228784	PKT	0:257:250394:386:440462:0:0
229784	TX_ANT	ff	396:0:10:19:266
229784	PKT	0:263:259215:396:455163:0:0
230784	TX_ANT	ff	379:0:10:18:120
230784	PKT	0:254:249846:379:434118:0:0
231784	TX_ANT	ff	394:0:10:23:817
231784	PKT	0:261:259628:394:455520:0:0
[VISION][STATUS] FPS=32 | mavi=— kirmizi=— | tespit=BEKLİYOR | kuyruk=0
232784	TX_ANT	ff	386:0:10:22:303
232784	PKT	0:257:253515:386:443583:0:0
233784	TX_ANT	ff	385:0:10:35:1538
233784	PKT	0:256:254164:385:444204:0:0
234784	TX_ANT	ff	395:0:10:22:265
234784	PKT	0:262:261118:395:457038:0:0
235784	TX_ANT	ff	382:0:9:22:1326
235784	PKT	0:253:248212:382:438168:0:0
236784	TX_ANT	ff	389:0:10:25:470
236784	PKT	0:260:255086:389:445238:0:0
[VISION][STATUS] FPS=32 | mavi=— kirmizi=— | tespit=BEKLİYOR | kuyruk=0
237784	TX_ANT	ff	397:0:10:24:505
237784	PKT	0:264:257141:397:453117:0:0
238784	TX_ANT	ff	387:0:10:20:153
238784	PKT	0:258:250782:387:440878:0:0
239787	TX_ANT	ff	396:0:10:19:232
239787	PKT	0:263:256469:396:452417:0:0
240785	TX_ANT	ff	384:0:10:23:728
240785	PKT	0:255:249266:384:439278:0:0
241785	TX_ANT	ff	395:0:10:21:463
241785	PKT	0:262:260865:395:456785:0:0
[VISION][STATUS] FPS=32 | mavi=— kirmizi=— | tespit=BEKLİYOR | kuyruk=0
242784	TX_ANT	ff	386:0:10:22:506
242784	PKT	0:257:254056:386:444124:0:0
243784	TX_ANT	ff	396:0:10:29:1181
243784	PKT	0:263:255562:396:451510:0:0
244784	TX_ANT	ff	396:0:10:18:229
244784	PKT	0:263:258707:396:454655:0:0
245785	TX_ANT	ff	385:0:10:19:208
245785	PKT	0:256:251490:385:441530:0:0
246784	TX_ANT	ff	389:0:10:24:557
246784	PKT	0:260:255872:389:446024:0:0
[VISION][STATUS] FPS=32 | mavi=— kirmizi=— | tespit=BEKLİYOR | kuyruk=0
247784	TX_ANT	ff	392:0:10:22:258
247784	PKT	0:259:256171:392:452007:0:0
248785	TX_ANT	ff	379:0:10:25:307
248785	PKT	0:254:247755:379:432027:0:0
249784	TX_ANT	ff	394:0:10:29:735
249784	PKT	0:261:259996:394:455888:0:0
250784	TX_ANT	ff	386:0:10:22:305
250784	PKT	0:257:254583:386:444651:0:0
251785	TX_ANT	ff	384:0:10:19:159
251785	PKT	0:255:249570:384:439582:0:0
[VISION][STATUS] FPS=32 | mavi=— kirmizi=— | tespit=BEKLİYOR | kuyruk=0
252784	TX_ANT	ff	387:0:10:32:981
252784	PKT	0:258:254711:387:444807:0:0
253784	TX_ANT	ff	393:0:10:19:161
253784	PKT	0:260:256195:393:452059:0:0
254784	TX_ANT	ff	386:0:9:26:470
254784	PKT	0:257:249254:386:439322:0:0
255784	TX_ANT	ff	398:0:10:21:237
255784	PKT	0:265:265735:398:461739:0:0
256784	TX_ANT	ff	385:0:10:25:467
256784	PKT	0:256:251735:385:441775:0:0
[VISION][STATUS] FPS=32 | mavi=— kirmizi=— | tespit=BEKLİYOR | kuyruk=0
257784	TX_ANT	ff	384:0:9:31:882
257784	PKT	0:255:251458:384:441470:0:0
258784	TX_ANT	ff	397:0:10:32:1914
258784	PKT	0:264:257969:397:453945:0:0
259784	TX_ANT	ff	388:0:9:35:1375
259784	PKT	0:259:253057:388:443181:0:0
260784	TX_ANT	ff	393:0:10:36:1524
260784	PKT	0:260:257156:393:453020:0:0
261784	TX_ANT	ff	387:0:10:32:1288
261784	PKT	0:258:253635:387:443731:0:0
[VISION][STATUS] FPS=32 | mavi=— kirmizi=— | tespit=BEKLİYOR | kuyruk=0
262784	TX_ANT	ff	389:0:10:18:180
262784	PKT	0:260:252876:389:443028:0:0
263784	TX_ANT	ff	391:0:10:26:1304
263784	PKT	0:258:255896:391:451704:0:0
264785	TX_ANT	ff	391:0:10:22:194
264785	PKT	0:262:255765:391:445973:0:0
265784	TX_ANT	ff	394:0:10:22:192
265784	PKT	0:261:255549:394:451441:0:0
266784	TX_ANT	ff	395:0:10:28:729
266784	PKT	0:262:255823:395:451743:0:0
[VISION][STATUS] FPS=32 | mavi=— kirmizi=— | tespit=BEKLİYOR | kuyruk=0
267784	TX_ANT	ff	389:0:10:29:538
267784	PKT	0:260:258513:389:448665:0:0
268784	TX_ANT	ff	373:0:10:33:898
268784	PKT	0:248:235872:373:419976:0:0
269784	TX_ANT	ff	406:0:10:32:2387
269784	PKT	0:269:270592:406:472420:0:0
270784	TX_ANT	ff	386:0:10:24:634
270784	PKT	0:257:247896:386:437964:0:0
271784	TX_ANT	ff	394:0:10:34:1478
271784	PKT	0:261:257849:394:453741:0:0
[VISION][STATUS] FPS=32 | mavi=— kirmizi=— | tespit=BEKLİYOR | kuyruk=0
272784	TX_ANT	ff	387:0:10:25:495
272784	PKT	0:258:251845:387:441941:0:0
273785	TX_ANT	ff	398:0:10:25:618
273785	PKT	0:265:260767:398:456771:0:0
274784	TX_ANT	ff	386:0:10:28:783
274784	PKT	0:257:254092:386:444160:0:0
275784	TX_ANT	ff	383:0:10:22:827
275784	PKT	0:254:250681:383:440665:0:0
276784	TX_ANT	ff	385:0:10:24:1256
276784	PKT	0:256:252462:385:442502:0:0
[VISION][STATUS] FPS=32 | mavi=— kirmizi=— | tespit=BEKLİYOR | kuyruk=0
277784	TX_ANT	ff	396:0:9:21:723
277784	PKT	0:263:260651:396:456599:0:0
278784	TX_ANT	ff	390:0:10:21:206
278784	PKT	0:261:256477:390:446657:0:0
279784	TX_ANT	ff	391:0:10:34:355
279784	PKT	0:258:253840:391:449648:0:0
280784	TX_ANT	ff	387:0:10:22:168
280784	PKT	0:258:252179:387:442275:0:0
281784	TX_ANT	ff	387:0:10:25:962
281784	PKT	0:258:251206:387:441302:0:0
[VISION][STATUS] FPS=32 | mavi=— kirmizi=— | tespit=BEKLİYOR | kuyruk=0
282784	TX_ANT	ff	395:0:10:18:147
282784	PKT	0:262:260397:395:456317:0:0
283784	TX_ANT	ff	395:0:10:25:1495
283784	PKT	0:262:253777:395:449697:0:0
284785	TX_ANT	ff	390:0:10:21:334
284785	PKT	0:261:257143:390:447323:0:0
285784	TX_ANT	ff	381:0:10:39:1082
285784	PKT	0:252:246868:381:436796:0:0
286784	TX_ANT	ff	388:0:10:25:634
286784	PKT	0:259:258905:388:449029:0:0
[VISION][STATUS] FPS=32 | mavi=— kirmizi=— | tespit=BEKLİYOR | kuyruk=0
287784	TX_ANT	ff	393:0:9:24:265
287784	PKT	0:260:255802:393:451666:0:0
288784	TX_ANT	ff	399:0:10:28:1250
288784	PKT	0:266:261308:399:457340:0:0
289784	TX_ANT	ff	385:0:10:26:948
289784	PKT	0:256:249572:385:439612:0:0
290784	TX_ANT	ff	386:0:10:19:229
290784	PKT	0:257:249983:386:440051:0:0
291784	TX_ANT	ff	395:0:10:19:212
291784	PKT	0:262:260302:395:456222:0:0
[VISION][STATUS] FPS=32 | mavi=— kirmizi=— | tespit=BEKLİYOR | kuyruk=0
292785	TX_ANT	ff	387:0:10:18:152
292785	PKT	0:258:255225:387:445321:0:0
293785	TX_ANT	ff	388:0:9:18:179
293785	PKT	0:259:253559:388:443683:0:0
294784	TX_ANT	ff	390:0:10:24:458
294784	PKT	0:257:255166:390:450946:0:0
295784	TX_ANT	ff	386:0:10:30:1857
295784	PKT	0:257:252634:386:442702:0:0
296785	TX_ANT	ff	389:0:10:19:192
296785	PKT	0:260:254245:389:444397:0:0
[VISION][STATUS] FPS=32 | mavi=— kirmizi=— | tespit=BEKLİYOR | kuyruk=0
297784	TX_ANT	ff	394:0:9:18:167
297784	PKT	0:261:257134:394:453026:0:0
298784	TX_ANT	ff	387:0:9:23:1205
298784	PKT	0:258:251771:387:441867:0:0
299784	TX_ANT	ff	394:0:10:23:932
299784	PKT	0:261:258630:394:454522:0:0
300785	TX_ANT	ff	387:0:10:27:1434
300785	PKT	0:258:254080:387:444176:0:0
301784	TX_ANT	ff	387:0:10:31:968
301784	PKT	0:258:251680:387:441776:0:0
[VISION][STATUS] FPS=32 | mavi=(583,377) kirmizi=— | tespit=BEKLİYOR | kuyruk=0
302784	TX_ANT	ff	405:0:10:18:136
302784	PKT	0:268:262550:405:464350:0:0
303784	TX_ANT	ff	378:0:10:20:110
303784	PKT	0:253:246473:378:430717:0:0
304784	TX_ANT	ff	391:0:10:23:196
304784	PKT	0:258:255078:391:450886:0:0
305784	TX_ANT	ff	390:0:10:29:863
305784	PKT	0:261:257639:390:447819:0:0
306785	TX_ANT	ff	387:0:10:29:941
306785	PKT	0:258:255337:387:445433:0:0
[VISION][STATUS] FPS=32 | mavi=— kirmizi=— | tespit=BEKLİYOR | kuyruk=0
307784	TX_ANT	ff	392:0:10:23:1030
307784	PKT	0:259:254030:392:449866:0:0
308784	TX_ANT	ff	387:0:10:21:302
308784	PKT	0:258:253065:387:443161:0:0
309784	TX_ANT	ff	386:0:10:23:1389
309784	PKT	0:257:253035:386:443103:0:0
310784	TX_ANT	ff	394:0:10:29:1212
310784	PKT	0:261:256083:394:451975:0:0
311784	TX_ANT	ff	395:0:10:27:703
311784	PKT	0:262:257161:395:453081:0:0
[VISION][STATUS] FPS=32 | mavi=— kirmizi=— | tespit=BEKLİYOR | kuyruk=0
312784	TX_ANT	ff	391:0:10:22:647
312784	PKT	0:262:253171:391:443379:0:0
313784	TX_ANT	ff	384:0:10:21:676
313784	PKT	0:255:248243:384:438255:0:0
314784	TX_ANT	ff	386:0:10:20:389
314784	PKT	0:257:255968:386:446036:0:0
315784	TX_ANT	ff	396:0:10:27:845
315784	PKT	0:263:260192:396:456140:0:0
316784	TX_ANT	ff	393:0:10:31:2751
316784	PKT	0:260:255222:393:451086:0:0
[VISION][STATUS] FPS=32 | mavi=— kirmizi=— | tespit=BEKLİYOR | kuyruk=0
317784	TX_ANT	ff	388:0:10:27:1104
317784	PKT	0:259:254907:388:445031:0:0
318786	TX_ANT	ff	393:0:10:31:969
318786	PKT	0:260:252849:393:448713:0:0
319784	TX_ANT	ff	390:0:10:25:695
319784	PKT	0:261:255370:390:445550:0:0
320785	TX_ANT	ff	394:0:10:19:180
320785	PKT	0:261:257162:394:453054:0:0
321784	TX_ANT	ff	384:0:10:23:298
321784	PKT	0:255:252885:384:442897:0:0
[VISION][STATUS] FPS=32 | mavi=— kirmizi=— | tespit=BEKLİYOR | kuyruk=0
322784	TX_ANT	ff	391:0:10:23:689
322784	PKT	0:262:256148:391:446356:0:0
323784	TX_ANT	ff	383:0:10:34:1606
323784	PKT	0:254:249238:383:439222:0:0
324784	TX_ANT	ff	395:0:10:26:1481
324784	PKT	0:262:258522:395:454442:0:0
325784	TX_ANT	ff	388:0:10:23:542
325784	PKT	0:259:253669:388:443793:0:0
326784	TX_ANT	ff	397:0:10:21:874
326784	PKT	0:264:255228:397:451204:0:0
[VISION][STATUS] FPS=32 | mavi=— kirmizi=— | tespit=BEKLİYOR | kuyruk=0
327784	TX_ANT	ff	397:0:10:22:709
327784	PKT	0:264:260857:397:456833:0:0
328784	TX_ANT	ff	385:0:10:21:957
328784	PKT	0:256:250172:385:440212:0:0
329784	TX_ANT	ff	392:0:10:21:345
329784	PKT	0:259:253263:392:449099:0:0
330785	TX_ANT	ff	388:0:10:26:2362
330785	PKT	0:259:254781:388:444905:0:0
331785	TX_ANT	ff	388:0:10:19:204
331785	PKT	0:259:254498:388:444622:0:0
[VISION][STATUS] FPS=32 | mavi=— kirmizi=— | tespit=BEKLİYOR | kuyruk=0
332785	TX_ANT	ff	393:0:10:26:1359
332785	PKT	0:260:257901:393:453765:0:0
333784	TX_ANT	ff	384:0:10:21:274
333784	PKT	0:255:247598:384:437610:0:0
334784	TX_ANT	ff	397:0:9:18:154
334784	PKT	0:264:259873:397:455849:0:0
335784	TX_ANT	ff	395:0:10:26:293
335784	PKT	0:262:253937:395:449857:0:0
336784	TX_ANT	ff	392:0:10:22:402
336784	PKT	0:263:260671:392:450907:0:0
[VISION][STATUS] FPS=32 | mavi=— kirmizi=— | tespit=BEKLİYOR | kuyruk=0
337784	TX_ANT	ff	402:0:10:29:1283
337784	PKT	0:265:261039:402:462755:0:0
338785	TX_ANT	ff	373:0:10:20:349
338785	PKT	0:248:238802:373:422906:0:0
339784	TX_ANT	ff	390:0:9:19:173
339784	PKT	0:261:254712:390:444892:0:0
340784	TX_ANT	ff	394:0:10:26:762
340784	PKT	0:261:258215:394:454107:0:0
341784	TX_ANT	ff	399:0:10:19:187
341784	PKT	0:266:259628:399:455660:0:0
[VISION][STATUS] FPS=32 | mavi=— kirmizi=— | tespit=BEKLİYOR | kuyruk=0
342784	TX_ANT	ff	384:0:10:40:748
342784	PKT	0:255:248762:384:438774:0:0
343785	TX_ANT	ff	395:0:10:21:305
343785	PKT	0:262:257066:395:452986:0:0
344784	TX_ANT	ff	396:0:10:20:207
344784	PKT	0:263:257934:396:453882:0:0
345785	TX_ANT	ff	388:0:10:25:1784
345785	PKT	0:259:254218:388:444342:0:0
346784	TX_ANT	ff	387:0:9:19:184
346784	PKT	0:258:250983:387:441079:0:0
[VISION][STATUS] FPS=32 | mavi=— kirmizi=— | tespit=BEKLİYOR | kuyruk=0
347784	TX_ANT	ff	399:0:10:22:386
347784	PKT	0:266:260369:399:456401:0:0
348785	TX_ANT	ff	396:0:9:17:104
348785	PKT	0:263:253887:396:449835:0:0
349784	TX_ANT	ff	392:0:10:18:154
349784	PKT	0:259:254792:392:450628:0:0
350784	TX_ANT	ff	384:0:10:22:322
350784	PKT	0:255:249234:384:439246:0:0
351785	TX_ANT	ff	390:0:10:29:1384
351785	PKT	0:261:259479:390:449659:0:0
[VISION][STATUS] FPS=32 | mavi=— kirmizi=— | tespit=BEKLİYOR | kuyruk=0
352784	TX_ANT	ff	392:0:9:21:551
352784	PKT	0:259:253180:392:449016:0:0
353784	TX_ANT	ff	391:0:10:18:192
353784	PKT	0:262:259055:391:449263:0:0
354784	TX_ANT	ff	384:0:10:24:1175
354784	PKT	0:255:249363:384:439375:0:0
355784	TX_ANT	ff	387:0:10:24:232
355784	PKT	0:258:255264:387:445360:0:0
356785	TX_ANT	ff	392:0:10:28:591
356785	PKT	0:259:255576:392:451412:0:0
[VISION][STATUS] FPS=33 | mavi=— kirmizi=— | tespit=BEKLİYOR | kuyruk=0
357786	TX_ANT	ff	386:0:10:22:227
357786	PKT	0:257:252934:386:443002:0:0
358785	TX_ANT	ff	396:0:10:21:269
358785	PKT	0:263:259713:396:455661:0:0
359784	TX_ANT	ff	378:0:10:21:147
359784	PKT	0:253:248355:378:432599:0:0
360784	TX_ANT	ff	394:0:10:20:272
360784	PKT	0:261:252908:394:448800:0:0
361784	TX_ANT	ff	396:0:10:39:979
361784	PKT	0:263:257712:396:453660:0:0
[VISION][STATUS] FPS=32 | mavi=— kirmizi=— | tespit=BEKLİYOR | kuyruk=0
362784	TX_ANT	ff	394:0:10:29:495
362784	PKT	0:261:257289:394:453181:0:0
363784	TX_ANT	ff	387:0:9:27:772
363784	PKT	0:258:254146:387:444242:0:0
364784	TX_ANT	ff	396:0:10:28:658
364784	PKT	0:263:256704:396:452652:0:0
365784	TX_ANT	ff	389:0:10:29:438
365784	PKT	0:260:257218:389:447370:0:0
366788	TX_ANT	ff	382:0:10:23:823
366788	PKT	0:253:245748:382:435704:0:0
[VISION][STATUS] FPS=32 | mavi=— kirmizi=— | tespit=BEKLİYOR | kuyruk=0
367784	TX_ANT	ff	389:0:9:20:186
367784	PKT	0:260:255395:389:445547:0:0
368784	TX_ANT	ff	385:0:10:20:270
368784	PKT	0:256:253977:385:444017:0:0
369784	TX_ANT	ff	403:0:10:23:798
369784	PKT	0:266:264992:403:466736:0:0
370785	TX_ANT	ff	385:0:9:23:848
370785	PKT	0:256:247300:385:437340:0:0
371784	TX_ANT	ff	387:0:10:25:199
371784	PKT	0:258:252540:387:442636:0:0
372786	TX_ANT	ff	396:0:10:21:210
372786	PKT	0:263:259497:396:455445:0:0
[VISION][STATUS] FPS=32 | mavi=— kirmizi=— | tespit=BEKLİYOR | kuyruk=0
373784	TX_ANT	ff	390:0:10:20:226
373784	PKT	0:261:256197:390:446377:0:0
374784	TX_ANT	ff	392:0:10:30:1507
374784	PKT	0:259:256868:392:452704:0:0
375784	TX_ANT	ff	385:0:10:30:1073
375784	PKT	0:256:247174:385:437214:0:0
376784	TX_ANT	ff	396:0:10:27:337
376784	PKT	0:263:259714:396:455662:0:0
377784	TX_ANT	ff	387:0:10:25:226
377784	PKT	0:258:253278:387:443374:0:0
[VISION][STATUS] FPS=32 | mavi=(603,58) kirmizi=— | tespit=BEKLİYOR | kuyruk=0
378784	TX_ANT	ff	390:0:10:24:768
378784	PKT	0:261:255279:390:445459:0:0
379784	TX_ANT	ff	390:0:10:23:144
379784	PKT	0:257:253591:390:449371:0:0
380784	TX_ANT	ff	391:0:10:26:298
380784	PKT	0:262:258150:391:448358:0:0
381784	TX_ANT	ff	391:0:9:25:307
381784	PKT	0:258:254338:391:450146:0:0
382784	TX_ANT	ff	377:0:10:25:208
382784	PKT	0:252:245641:377:429857:0:0
[VISION][STATUS] FPS=33 | mavi=(600,58) kirmizi=— | tespit=BEKLİYOR | kuyruk=0
383784	TX_ANT	ff	397:0:10:22:939
383784	PKT	0:264:257734:397:453710:0:0
384786	TX_ANT	ff	395:0:10:32:1553
384786	PKT	0:262:262547:395:458467:0:0
385785	TX_ANT	ff	378:0:10:24:1191
385785	PKT	0:253:242152:378:426396:0:0
386784	TX_ANT	ff	385:0:10:26:893
386784	PKT	0:256:246926:385:436966:0:0
387784	TX_ANT	ff	394:0:10:25:882
387784	PKT	0:261:257829:394:453721:0:0
[VISION][STATUS] FPS=32 | mavi=— kirmizi=— | tespit=BEKLİYOR | kuyruk=0
388785	TX_ANT	ff	412:0:10:17:104
388785	PKT	0:275:279900:412:481896:0:0
389784	TX_ANT	ff	330:0:9:23:210
389784	PKT	0:217:196178:330:362278:0:0
390784	TX_ANT	ff	327:0:10:20:338
390784	PKT	0:218:195351:327:355767:0:0
391785	TX_ANT	ff	348:0:10:21:182
391785	PKT	0:231:211526:348:383730:0:0
392785	TX_ANT	ff	331:0:10:19:175
392785	PKT	0:222:204123:331:364651:0:0
[VISION][STATUS] FPS=32 | mavi=— kirmizi=— | tespit=BEKLİYOR | kuyruk=0
393784	TX_ANT	ff	342:0:10:22:177
393784	PKT	0:225:213148:342:385184:0:0
394785	TX_ANT	ff	368:0:10:27:1188
394785	PKT	0:247:230952:368:409316:0:0
395785	TX_ANT	ff	354:0:10:25:216
395785	PKT	0:233:222025:354:399997:0:0
396784	TX_ANT	ff	350:0:10:18:140
396784	PKT	0:233:221267:350:393527:0:0
397784	TX_ANT	ff	349:0:10:34:2278
397784	PKT	0:232:222906:349:395138:0:0
[VISION][STATUS] FPS=32 | mavi=— kirmizi=— | tespit=BEKLİYOR | kuyruk=0
398785	TX_ANT	ff	342:0:10:22:687
398785	PKT	0:229:217921:342:384357:0:0
399784	TX_ANT	ff	356:0:10:23:229
399784	PKT	0:235:226051:356:404079:0:0
400784	TX_ANT	ff	352:0:10:27:295
400784	PKT	0:235:227114:352:399430:0:0
401784	TX_ANT	ff	347:0:10:30:1171
401784	PKT	0:230:213937:347:386113:0:0
402784	TX_ANT	ff	354:0:10:25:285
402784	PKT	0:237:225979:354:398351:0:0
[VISION][STATUS] FPS=32 | mavi=— kirmizi=— | tespit=BEKLİYOR | kuyruk=0
403784	TX_ANT	ff	346:0:10:25:1251
403784	PKT	0:229:215788:346:387936:0:0
404785	TX_ANT	ff	350:0:10:21:162
404785	PKT	0:233:220893:350:393153:0:0
405785	TX_ANT	ff	337:0:9:23:1233
405785	PKT	0:224:210837:337:377133:0:0
406785	TX_ANT	ff	334:0:10:21:208
406785	PKT	0:221:207383:334:373595:0:0
407784	TX_ANT	ff	337:0:10:20:231
407784	PKT	0:224:209408:337:375704:0:0
[VISION][STATUS] FPS=32 | mavi=— kirmizi=— | tespit=BEKLİYOR | kuyruk=0
408785	TX_ANT	ff	337:0:10:45:5272
408785	PKT	0:224:208850:337:375146:0:0
409784	TX_ANT	ff	337:0:10:23:350
409784	PKT	0:224:209313:337:375609:0:0
410784	TX_ANT	ff	336:0:10:27:288
410784	PKT	0:223:209945:336:376213:0:0
411784	TX_ANT	ff	339:0:10:27:437
411784	PKT	0:226:216135:339:382487:0:0
412784	TX_ANT	ff	335:0:10:23:1082
412784	PKT	0:222:209728:335:375968:0:0
[VISION][STATUS] FPS=32 | mavi=— kirmizi=— | tespit=BEKLİYOR | kuyruk=0
413784	TX_ANT	ff	343:0:10:19:136
413784	PKT	0:230:218285:343:384749:0:0
414785	TX_ANT	ff	342:0:10:25:787
414785	PKT	0:225:216781:342:388817:0:0
415784	TX_ANT	ff	341:0:10:37:1671
415784	PKT	0:228:217834:341:384242:0:0
416784	TX_ANT	ff	336:0:10:23:254
416784	PKT	0:223:213393:336:379661:0:0
417785	TX_ANT	ff	337:0:10:22:215
417785	PKT	0:224:213984:337:380280:0:0
[VISION][STATUS] FPS=32 | mavi=— kirmizi=— | tespit=BEKLİYOR | kuyruk=0
418784	TX_ANT	ff	334:0:10:24:402
418784	PKT	0:221:213187:334:379399:0:0
419785	TX_ANT	ff	332:0:10:20:155
419785	PKT	0:223:213768:332:374324:0:0
420784	TX_ANT	ff	336:0:9:32:3805
420784	PKT	0:223:214188:336:380456:0:0
421784	TX_ANT	ff	338:0:10:20:178
421784	PKT	0:225:215689:338:382013:0:0
422784	TX_ANT	ff	346:0:10:38:1774
422784	PKT	0:229:218270:346:390418:0:0
[VISION][STATUS] FPS=32 | mavi=— kirmizi=— | tespit=BEKLİYOR | kuyruk=0
423784	TX_ANT	ff	349:0:10:20:196
423784	PKT	0:232:217193:349:389425:0:0
424784	TX_ANT	ff	351:0:10:30:465
424784	PKT	0:234:220492:351:392780:0:0
425784	TX_ANT	ff	349:0:10:24:341
425784	PKT	0:232:215557:349:387789:0:0
426784	TX_ANT	ff	345:0:10:21:170
426784	PKT	0:228:218466:345:390586:0:0
427784	TX_ANT	ff	335:0:10:19:185
427784	PKT	0:222:208437:335:374677:0:0
[VISION][STATUS] FPS=32 | mavi=— kirmizi=— | tespit=BEKLİYOR | kuyruk=0
428787	TX_ANT	ff	337:0:10:19:189
428787	PKT	0:224:211124:337:377420:0:0
429784	TX_ANT	ff	332:0:10:21:326
429784	PKT	0:223:209118:332:369674:0:0
430784	TX_ANT	ff	337:0:10:21:238
430784	PKT	0:224:208779:337:375075:0:0
431786	TX_ANT	ff	337:0:10:27:508
431786	PKT	0:224:208764:337:375060:0:0
432784	TX_ANT	ff	335:0:10:28:556
432784	PKT	0:222:208025:335:374265:0:0
[VISION][STATUS] FPS=32 | mavi=— kirmizi=— | tespit=BEKLİYOR | kuyruk=0
433784	TX_ANT	ff	334:0:10:30:938
433784	PKT	0:221:208839:334:375051:0:0
434784	TX_ANT	ff	338:0:10:25:1334
434784	PKT	0:225:209715:338:376039:0:0
435784	TX_ANT	ff	339:0:10:18:190
435784	PKT	0:226:210844:339:377196:0:0
436785	TX_ANT	ff	346:0:10:22:189
436785	PKT	0:229:215681:346:387829:0:0
437784	TX_ANT	ff	335:0:9:32:1302
437784	PKT	0:222:205057:335:371297:0:0
[VISION][STATUS] FPS=33 | mavi=— kirmizi=— | tespit=BEKLİYOR | kuyruk=0
438785	TX_ANT	ff	337:0:10:22:189
438785	PKT	0:224:206079:337:372375:0:0
439784	TX_ANT	ff	340:0:9:22:1002
439784	PKT	0:227:211522:340:377902:0:0
440784	TX_ANT	ff	336:0:10:22:197
440784	PKT	0:223:205181:336:371449:0:0
441784	TX_ANT	ff	335:0:10:29:919
441784	PKT	0:222:203830:335:370070:0:0
442784	TX_ANT	ff	330:0:10:31:942
442784	PKT	0:221:204226:330:364726:0:0
[VISION][STATUS] FPS=32 | mavi=— kirmizi=— | tespit=BEKLİYOR | kuyruk=0
443784	TX_ANT	ff	336:0:10:23:221
443784	PKT	0:223:206268:336:372536:0:0
444784	TX_ANT	ff	338:0:10:20:187
444784	PKT	0:225:208756:338:375080:0:0
445784	TX_ANT	ff	337:0:10:22:216
445784	PKT	0:224:205485:337:371781:0:0
446784	TX_ANT	ff	337:0:10:24:206
446784	PKT	0:224:205650:337:371946:0:0
447784	TX_ANT	ff	337:0:10:35:1126
447784	PKT	0:224:206011:337:372307:0:0
[VISION][STATUS] FPS=32 | mavi=— kirmizi=— | tespit=BEKLİYOR | kuyruk=0
448784	TX_ANT	ff	338:0:10:33:1074
448784	PKT	0:225:207189:338:373513:0:0
449784	TX_ANT	ff	337:0:10:30:378
449784	PKT	0:224:203862:337:370158:0:0
450785	TX_ANT	ff	337:0:10:29:1286
450785	PKT	0:224:206860:337:373156:0:0
451788	TX_ANT	ff	336:0:10:23:1046
451788	PKT	0:223:204709:336:370977:0:0
452784	TX_ANT	ff	347:0:10:20:201
452784	PKT	0:230:213325:347:385501:0:0
[VISION][STATUS] FPS=32 | mavi=— kirmizi=— | tespit=BEKLİYOR | kuyruk=0
453785	TX_ANT	ff	339:0:9:30:835
453785	PKT	0:226:208961:339:375313:0:0
454784	TX_ANT	ff	337:0:10:28:992
454784	PKT	0:224:205361:337:371657:0:0
455784	TX_ANT	ff	344:0:10:20:170
455784	PKT	0:227:209643:344:381735:0:0
456784	TX_ANT	ff	337:0:10:22:194
456784	PKT	0:224:206566:337:372862:0:0
457784	TX_ANT	ff	337:0:10:32:1289
457784	PKT	0:224:206934:337:373230:0:0
[VISION][STATUS] FPS=32 | mavi=— kirmizi=— | tespit=BEKLİYOR | kuyruk=0
458785	TX_ANT	ff	339:0:10:31:599
458785	PKT	0:226:211329:339:377681:0:0
459784	TX_ANT	ff	337:0:10:20:119
459784	PKT	0:224:210063:337:376359:0:0
460784	TX_ANT	ff	336:0:10:27:1314
460784	PKT	0:223:207884:336:374152:0:0
461784	TX_ANT	ff	341:0:10:33:1361
461784	PKT	0:228:213136:341:379544:0:0
462785	TX_ANT	ff	339:0:10:21:173
462785	PKT	0:226:207624:339:373976:0:0
[VISION][STATUS] FPS=32 | mavi=— kirmizi=— | tespit=BEKLİYOR | kuyruk=0
463784	TX_ANT	ff	335:0:10:27:822
463784	PKT	0:222:203403:335:369643:0:0
464785	TX_ANT	ff	344:0:10:20:144
464785	PKT	0:227:209199:344:381291:0:0
465784	TX_ANT	ff	331:0:9:31:2560
465784	PKT	0:222:200874:331:361402:0:0
466785	TX_ANT	ff	334:0:10:26:1035
466785	PKT	0:221:199921:334:366133:0:0
467784	TX_ANT	ff	336:0:10:26:790
467784	PKT	0:223:202574:336:368842:0:0
[VISION][STATUS] FPS=32 | mavi=(22,24) kirmizi=— | tespit=BEKLİYOR | kuyruk=0
468787	TX_ANT	ff	338:0:10:27:1028
468787	PKT	0:225:207627:338:373951:0:0
469785	TX_ANT	ff	336:0:10:30:2039
469785	PKT	0:224:203853:336:370061:0:0
470784	TX_ANT	ff	336:0:10:21:282
470784	PKT	0:223:203234:336:369502:0:0
471784	TX_ANT	ff	330:0:10:20:107
471784	PKT	0:221:199209:330:359709:0:0
472784	TX_ANT	ff	337:0:10:23:148
472784	PKT	0:224:205268:337:371564:0:0
[VISION][STATUS] FPS=32 | mavi=— kirmizi=— | tespit=BEKLİYOR | kuyruk=0
473785	TX_ANT	ff	334:0:10:30:580
473785	PKT	0:221:200636:334:366848:0:0
474787	TX_ANT	ff	334:0:10:21:452
474787	PKT	0:221:199408:334:365620:0:0
475784	TX_ANT	ff	331:0:10:28:282
475784	PKT	0:222:201529:331:362057:0:0
476785	TX_ANT	ff	345:0:10:43:2242
476785	PKT	0:228:212522:345:384642:0:0
477784	TX_ANT	ff	335:0:10:24:752
477784	PKT	0:222:201963:335:368203:0:0
[VISION][STATUS] FPS=32 | mavi=— kirmizi=— | tespit=BEKLİYOR | kuyruk=0
478784	TX_ANT	ff	336:0:10:31:1131
478784	PKT	0:223:203060:336:369328:0:0
479785	TX_ANT	ff	337:0:10:19:143
479785	PKT	0:224:203705:337:370001:0:0
480785	TX_ANT	ff	331:0:10:22:312
480785	PKT	0:222:199129:331:359657:0:0
481785	TX_ANT	ff	337:0:10:18:102
481785	PKT	0:224:202957:337:369253:0:0
482785	TX_ANT	ff	335:0:10:22:193
482785	PKT	0:222:200699:335:366939:0:0
[VISION][STATUS] FPS=32 | mavi=— kirmizi=— | tespit=BEKLİYOR | kuyruk=0
483785	TX_ANT	ff	335:0:10:25:1019
483785	PKT	0:222:199704:335:365944:0:0
484785	TX_ANT	ff	336:0:10:28:486
484785	PKT	0:223:202179:336:368447:0:0
485784	TX_ANT	ff	337:0:10:21:178
485784	PKT	0:224:202923:337:369219:0:0
486784	TX_ANT	ff	331:0:10:21:304
486784	PKT	0:222:200885:331:361413:0:0
487784	TX_ANT	ff	334:0:10:24:769
487784	PKT	0:221:198981:334:365193:0:0
[VISION][STATUS] FPS=32 | mavi=— kirmizi=— | tespit=BEKLİYOR | kuyruk=0
488785	TX_ANT	ff	336:0:10:24:1047
488785	PKT	0:223:203033:336:369301:0:0
489785	TX_ANT	ff	337:0:10:30:2563
489785	PKT	0:224:203537:337:369833:0:0
490784	TX_ANT	ff	336:0:10:19:197
490784	PKT	0:223:202951:336:369219:0:0
491785	TX_ANT	ff	337:0:10:24:914
491785	PKT	0:224:203128:337:369424:0:0
492784	TX_ANT	ff	336:0:10:20:195
492784	PKT	0:223:203997:336:370265:0:0
[VISION][STATUS] FPS=32 | mavi=— kirmizi=— | tespit=BEKLİYOR | kuyruk=0
493785	TX_ANT	ff	330:0:10:28:479
493785	PKT	0:221:198581:330:359081:0:0
494785	TX_ANT	ff	337:0:10:27:795
494785	PKT	0:224:203459:337:369755:0:0
495784	TX_ANT	ff	336:0:10:28:331
495784	PKT	0:223:202418:336:368686:0:0
496784	TX_ANT	ff	334:0:10:21:175
496784	PKT	0:221:201277:334:367489:0:0
497784	TX_ANT	ff	335:0:10:21:179
497784	PKT	0:222:202319:335:368559:0:0
[VISION][STATUS] FPS=32 | mavi=— kirmizi=— | tespit=BEKLİYOR | kuyruk=0
498784	TX_ANT	ff	332:0:10:21:189
498784	PKT	0:223:203752:332:364308:0:0
499784	TX_ANT	ff	334:0:10:27:278
499784	PKT	0:221:199914:334:366126:0:0
500784	TX_ANT	ff	339:0:10:37:1631
500784	PKT	0:226:207826:339:374178:0:0
501785	TX_ANT	ff	334:0:10:22:176
501785	PKT	0:221:198439:334:364651:0:0
502785	TX_ANT	ff	336:0:10:20:196
502785	PKT	0:223:202017:336:368285:0:0
[VISION][STATUS] FPS=32 | mavi=— kirmizi=— | tespit=BEKLİYOR | kuyruk=0
503784	TX_ANT	ff	330:0:10:36:5521
503784	PKT	0:221:199282:330:359782:0:0
504785	TX_ANT	ff	335:0:10:21:173
504785	PKT	0:222:200465:335:366705:0:0
505785	TX_ANT	ff	337:0:10:23:1122
505785	PKT	0:224:203338:337:369634:0:0
506784	TX_ANT	ff	335:0:10:33:2488
506784	PKT	0:222:200662:335:366902:0:0
507784	TX_ANT	ff	334:0:10:20:158
507784	PKT	0:221:200690:334:366902:0:0
[VISION][STATUS] FPS=32 | mavi=— kirmizi=— | tespit=BEKLİYOR | kuyruk=0
508785	TX_ANT	ff	332:0:10:27:1757
508785	PKT	0:223:202200:332:362756:0:0
509784	TX_ANT	ff	337:0:10:21:166
509784	PKT	0:224:202970:337:369266:0:0
510784	TX_ANT	ff	336:0:10:23:708
510784	PKT	0:223:203708:336:369976:0:0
511784	TX_ANT	ff	337:0:10:26:863
511784	PKT	0:224:206258:337:372554:0:0
512784	TX_ANT	ff	337:0:10:20:223
512784	PKT	0:224:203908:337:370204:0:0
[VISION][STATUS] FPS=32 | mavi=— kirmizi=— | tespit=BEKLİYOR | kuyruk=0
513787	TX_ANT	ff	344:0:10:28:764
513787	PKT	0:227:209881:344:381973:0:0
514784	TX_ANT	ff	331:0:10:19:172
514784	PKT	0:222:203018:331:363546:0:0
515785	TX_ANT	ff	336:0:10:27:572
515785	PKT	0:223:204173:336:370441:0:0
516784	TX_ANT	ff	335:0:10:20:177
516784	PKT	0:222:200981:335:367221:0:0
517784	TX_ANT	ff	336:0:10:25:210
517784	PKT	0:223:204299:336:370567:0:0
[VISION][STATUS] FPS=32 | mavi=— kirmizi=— | tespit=BEKLİYOR | kuyruk=0
518784	TX_ANT	ff	336:0:10:30:1689
518784	PKT	0:223:204388:336:370656:0:0
519785	TX_ANT	ff	336:0:10:19:161
519785	PKT	0:223:201800:336:368068:0:0
520784	TX_ANT	ff	336:0:9:26:198
520784	PKT	0:223:203758:336:370026:0:0
521784	TX_ANT	ff	337:0:10:29:608
521784	PKT	0:224:203840:337:370136:0:0
522784	TX_ANT	ff	331:0:10:33:3057
522784	PKT	0:222:202062:331:362590:0:0
[VISION][STATUS] FPS=32 | mavi=— kirmizi=— | tespit=BEKLİYOR | kuyruk=0
523784	TX_ANT	ff	335:0:10:23:196
523784	PKT	0:222:202958:335:369198:0:0
524786	TX_ANT	ff	337:0:10:24:1175
524786	PKT	0:224:204095:337:370391:0:0
525784	TX_ANT	ff	335:0:10:25:352
525784	PKT	0:222:200482:335:366722:0:0
526784	TX_ANT	ff	338:0:9:22:740
526784	PKT	0:225:205181:338:371505:0:0
527785	TX_ANT	ff	341:0:10:19:175
527785	PKT	0:228:212065:341:378473:0:0
[VISION][STATUS] FPS=32 | mavi=— kirmizi=— | tespit=BEKLİYOR | kuyruk=0
528785	TX_ANT	ff	342:0:10:31:1169
528785	PKT	0:225:204634:342:376670:0:0
529785	TX_ANT	ff	339:0:10:22:218
529785	PKT	0:226:208375:339:374727:0:0
530784	TX_ANT	ff	336:0:10:21:176
530784	PKT	0:223:202756:336:369024:0:0
531784	TX_ANT	ff	338:0:10:20:174
531784	PKT	0:225:204758:338:371082:0:0
532785	TX_ANT	ff	335:0:10:20:145
532785	PKT	0:222:200057:335:366297:0:0
[VISION][STATUS] FPS=32 | mavi=— kirmizi=— | tespit=BEKLİYOR | kuyruk=0
533784	TX_ANT	ff	339:0:10:21:209
533784	PKT	0:226:206621:339:372973:0:0
534784	TX_ANT	ff	336:0:10:26:217
534784	PKT	0:223:201785:336:368053:0:0
535784	TX_ANT	ff	336:0:10:26:891
535784	PKT	0:223:202114:336:368382:0:0
536784	TX_ANT	ff	332:0:10:24:174
536784	PKT	0:223:202910:332:363466:0:0
537784	TX_ANT	ff	334:0:10:25:447
537784	PKT	0:221:199229:334:365441:0:0
[VISION][STATUS] FPS=32 | mavi=— kirmizi=— | tespit=BEKLİYOR | kuyruk=0
538784	TX_ANT	ff	337:0:10:20:244
538784	PKT	0:224:202962:337:369258:0:0
539785	TX_ANT	ff	336:0:10:20:199
539785	PKT	0:223:203393:336:369661:0:0
540784	TX_ANT	ff	338:0:10:20:203
540784	PKT	0:225:204472:338:370796:0:0
541785	TX_ANT	ff	336:0:10:19:198
541785	PKT	0:223:200131:336:366399:0:0
542784	TX_ANT	ff	335:0:10:35:4192
542784	PKT	0:222:199403:335:365643:0:0
[VISION][STATUS] FPS=32 | mavi=— kirmizi=— | tespit=BEKLİYOR | kuyruk=0
543784	TX_ANT	ff	337:0:10:27:1194
543784	PKT	0:224:204068:337:370364:0:0
544784	TX_ANT	ff	336:0:9:24:259
544784	PKT	0:223:201408:336:367676:0:0
545784	TX_ANT	ff	330:0:10:32:1557
545784	PKT	0:221:197321:330:357821:0:0
546784	TX_ANT	ff	336:0:9:24:330
546784	PKT	0:223:200935:336:367203:0:0
547784	TX_ANT	ff	335:0:10:30:1803
547784	PKT	0:222:200567:335:366807:0:0
[VISION][STATUS] FPS=32 | mavi=— kirmizi=— | tespit=BEKLİYOR | kuyruk=0
548784	TX_ANT	ff	335:0:10:34:673
548784	PKT	0:222:198552:335:364792:0:0
549784	TX_ANT	ff	337:0:10:19:200
549784	PKT	0:224:200064:337:366360:0:0
550784	TX_ANT	ff	338:0:10:21:224
550784	PKT	0:225:203844:338:370168:0:0
551785	TX_ANT	ff	336:0:10:33:1713
551785	PKT	0:223:200346:336:366614:0:0
552784	TX_ANT	ff	331:0:10:22:215
552784	PKT	0:222:198324:331:358852:0:0
[VISION][STATUS] FPS=32 | mavi=— kirmizi=— | tespit=BEKLİYOR | kuyruk=0
553784	TX_ANT	ff	335:0:10:20:197
553784	PKT	0:222:200027:335:366267:0:0
554784	TX_ANT	ff	334:0:10:20:174
554784	PKT	0:221:198881:334:365093:0:0
555785	TX_ANT	ff	339:0:10:21:189
555785	PKT	0:226:208209:339:374561:0:0
556784	TX_ANT	ff	335:0:9:20:197
556784	PKT	0:222:200326:335:366566:0:0
557784	TX_ANT	ff	331:0:10:30:688
557784	PKT	0:222:197509:331:358037:0:0
[VISION][STATUS] FPS=32 | mavi=— kirmizi=— | tespit=BEKLİYOR | kuyruk=0
558784	TX_ANT	ff	336:0:10:21:173
558784	PKT	0:223:199189:336:365457:0:0
559784	TX_ANT	ff	343:0:10:32:956
559784	PKT	0:226:206483:343:378547:0:0
560785	TX_ANT	ff	332:0:10:24:248
560785	PKT	0:223:201059:332:361615:0:0
561784	TX_ANT	ff	336:0:10:30:1123
561784	PKT	0:223:199706:336:365974:0:0
562784	TX_ANT	ff	335:0:10:22:183
562784	PKT	0:222:199996:335:366236:0:0
[VISION][STATUS] FPS=32 | mavi=— kirmizi=— | tespit=BEKLİYOR | kuyruk=0
563784	TX_ANT	ff	334:0:10:20:218
563784	PKT	0:221:197541:334:363753:0:0
564784	TX_ANT	ff	340:0:10:20:345
564784	PKT	0:227:206054:340:372434:0:0
565784	TX_ANT	ff	336:0:10:28:1352
565784	PKT	0:223:200824:336:367092:0:0
566784	TX_ANT	ff	338:0:10:25:627
566784	PKT	0:225:202283:338:368607:0:0
567784	TX_ANT	ff	337:0:10:33:1678
567784	PKT	0:224:200659:337:366955:0:0
[VISION][STATUS] FPS=32 | mavi=— kirmizi=— | tespit=BEKLİYOR | kuyruk=0
568784	TX_ANT	ff	337:0:10:26:303
568784	PKT	0:224:202379:337:368675:0:0
569784	TX_ANT	ff	336:0:10:30:920
569784	PKT	0:223:199938:336:366206:0:0
570784	TX_ANT	ff	337:0:9:22:292
570784	PKT	0:224:200678:337:366974:0:0
571784	TX_ANT	ff	337:0:10:32:1608
571784	PKT	0:224:202124:337:368420:0:0
572784	TX_ANT	ff	337:0:10:21:267
572784	PKT	0:224:202852:337:369148:0:0
[VISION][STATUS] FPS=32 | mavi=— kirmizi=— | tespit=BEKLİYOR | kuyruk=0
573785	TX_ANT	ff	339:0:10:28:1356
573785	PKT	0:226:205878:339:372230:0:0
574784	TX_ANT	ff	344:0:10:19:137
574784	PKT	0:227:205796:344:377888:0:0
575785	TX_ANT	ff	338:0:10:22:927
575785	PKT	0:225:203066:338:369390:0:0
576784	TX_ANT	ff	340:0:10:33:673
576784	PKT	0:227:205668:340:372048:0:0
577785	TX_ANT	ff	338:0:10:19:162
577785	PKT	0:225:205267:338:371591:0:0
578784	TX_ANT	ff	337:0:10:24:298
578784	PKT	0:224:200575:337:366871:0:0
[VISION][STATUS] FPS=32 | mavi=— kirmizi=— | tespit=BEKLİYOR | kuyruk=0
579786	TX_ANT	ff	344:0:10:30:998
579786	PKT	0:227:205494:344:377586:0:0
580784	TX_ANT	ff	339:0:10:27:434
580784	PKT	0:226:207664:339:374016:0:0
581784	TX_ANT	ff	338:0:10:28:1091
581784	PKT	0:225:206120:338:372444:0:0
582784	TX_ANT	ff	339:0:10:20:184
582784	PKT	0:226:205014:339:371366:0:0
583784	TX_ANT	ff	338:0:10:20:330
583784	PKT	0:225:203525:338:369849:0:0
[VISION][STATUS] FPS=32 | mavi=— kirmizi=— | tespit=BEKLİYOR | kuyruk=0
584784	TX_ANT	ff	338:0:10:21:185
584784	PKT	0:225:203694:338:370018:0:0
585784	TX_ANT	ff	343:0:10:23:435
585784	PKT	0:226:201943:343:374007:0:0
586787	TX_ANT	ff	337:0:10:27:904
586787	PKT	0:224:201991:337:368287:0:0
587784	TX_ANT	ff	331:0:10:20:201
587784	PKT	0:222:198435:331:358963:0:0
588785	TX_ANT	ff	335:0:10:24:239
588785	PKT	0:222:198142:335:364382:0:0
[VISION][STATUS] FPS=32 | mavi=— kirmizi=— | tespit=BEKLİYOR | kuyruk=0
589784	TX_ANT	ff	336:0:10:21:174
589784	PKT	0:223:200269:336:366537:0:0
590785	TX_ANT	ff	339:0:9:19:150
590785	PKT	0:226:204982:339:371334:0:0
591784	TX_ANT	ff	345:0:10:22:193
591784	PKT	0:228:206408:345:378528:0:0
592784	TX_ANT	ff	339:0:10:22:406
592784	PKT	0:226:205374:339:371726:0:0
593784	TX_ANT	ff	336:0:9:22:662
593784	PKT	0:223:199184:336:365452:0:0
[VISION][STATUS] FPS=32 | mavi=— kirmizi=— | tespit=BEKLİYOR | kuyruk=0
594784	TX_ANT	ff	336:0:10:23:633
594784	PKT	0:223:199612:336:365880:0:0
595784	TX_ANT	ff	337:0:10:19:168
595784	PKT	0:224:202481:337:368777:0:0
596784	TX_ANT	ff	330:0:10:27:1185
596784	PKT	0:221:197087:330:357587:0:0
597784	TX_ANT	ff	337:0:10:22:451
597784	PKT	0:224:202212:337:368508:0:0
598784	TX_ANT	ff	336:0:10:23:235
598784	PKT	0:223:199532:336:365800:0:0
[VISION][STATUS] FPS=32 | mavi=— kirmizi=— | tespit=BEKLİYOR | kuyruk=0
599785	TX_ANT	ff	337:0:10:22:187
599785	PKT	0:224:199732:337:366028:0:0
600784	TX_ANT	ff	337:0:10:19:179
600784	PKT	0:224:202051:337:368347:0:0
601784	TX_ANT	ff	337:0:10:21:271
601784	PKT	0:224:201207:337:367503:0:0
602784	TX_ANT	ff	343:0:10:20:134
602784	PKT	0:226:202901:343:374965:0:0
603784	TX_ANT	ff	337:0:10:26:945
603784	PKT	0:224:200298:337:366594:0:0
[VISION][STATUS] FPS=32 | mavi=— kirmizi=— | tespit=BEKLİYOR | kuyruk=0
604784	TX_ANT	ff	339:0:10:21:288
604784	PKT	0:226:203338:339:369690:0:0
605784	TX_ANT	ff	336:0:10:48:1320
605784	PKT	0:223:199998:336:366266:0:0
606784	TX_ANT	ff	338:0:10:21:177
606784	PKT	0:225:202454:338:368778:0:0
607786	TX_ANT	ff	337:0:10:26:1555
607786	PKT	0:224:201429:337:367725:0:0
608784	TX_ANT	ff	335:0:10:20:200
608784	PKT	0:222:196957:335:363197:0:0
[VISION][STATUS] FPS=32 | mavi=— kirmizi=— | tespit=BEKLİYOR | kuyruk=0
609784	TX_ANT	ff	337:0:10:22:189
609784	PKT	0:224:202707:337:369003:0:0
610785	TX_ANT	ff	337:0:10:19:277
610785	PKT	0:224:200690:337:366986:0:0
611784	TX_ANT	ff	332:0:10:21:312
611784	PKT	0:223:199794:332:360350:0:0
612785	TX_ANT	ff	336:0:10:22:270
612785	PKT	0:223:199921:336:366189:0:0
613785	TX_ANT	ff	337:0:10:19:167
613785	PKT	0:224:202838:337:369134:0:0
[VISION][STATUS] FPS=32 | mavi=(22,23) kirmizi=— | tespit=BEKLİYOR | kuyruk=0
614785	TX_ANT	ff	338:0:10:19:166
614785	PKT	0:225:202856:338:369180:0:0
615784	TX_ANT	ff	337:0:10:21:619
615784	PKT	0:224:200795:337:367091:0:0
616784	TX_ANT	ff	343:0:10:30:898
616784	PKT	0:226:205210:343:377274:0:0
617784	TX_ANT	ff	340:0:10:33:674
617784	PKT	0:227:207248:340:373628:0:0
618784	TX_ANT	ff	337:0:10:30:1176
618784	PKT	0:224:200362:337:366658:0:0
[VISION][STATUS] FPS=32 | mavi=— kirmizi=— | tespit=BEKLİYOR | kuyruk=0
619785	TX_ANT	ff	335:0:10:21:185
619785	PKT	0:222:197466:335:363706:0:0
620784	TX_ANT	ff	335:0:10:20:172
620784	PKT	0:222:196305:335:362545:0:0
621784	TX_ANT	ff	339:0:10:19:199
621784	PKT	0:226:204408:339:370760:0:0
622784	TX_ANT	ff	339:0:10:21:332
622784	PKT	0:226:201784:339:368136:0:0
623784	TX_ANT	ff	336:0:10:23:299
623784	PKT	0:223:197480:336:363748:0:0
[VISION][STATUS] FPS=32 | mavi=— kirmizi=— | tespit=BEKLİYOR | kuyruk=0
624784	TX_ANT	ff	335:0:10:25:564
624784	PKT	0:222:197273:335:363513:0:0
625784	TX_ANT	ff	338:0:10:23:322
625784	PKT	0:225:201188:338:367512:0:0
626785	TX_ANT	ff	335:0:10:21:184
626785	PKT	0:222:195869:335:362109:0:0
627784	TX_ANT	ff	332:0:10:22:154
627784	PKT	0:223:199218:332:359774:0:0
628785	TX_ANT	ff	337:0:10:29:1019
628785	PKT	0:224:202177:337:368473:0:0
[VISION][STATUS] FPS=32 | mavi=— kirmizi=— | tespit=BEKLİYOR | kuyruk=0
629784	TX_ANT	ff	336:0:10:24:306
629784	PKT	0:223:199883:336:366151:0:0
630784	TX_ANT	ff	336:0:9:27:732
630784	PKT	0:223:198640:336:364908:0:0
631784	TX_ANT	ff	335:0:10:32:1982
631784	PKT	0:222:197645:335:363885:0:0
632788	TX_ANT	ff	337:0:10:34:2133
632788	PKT	0:224:201447:337:367743:0:0
633784	TX_ANT	ff	337:0:10:20:192
633784	PKT	0:224:202446:337:368742:0:0
[VISION][STATUS] FPS=32 | mavi=— kirmizi=— | tespit=BEKLİYOR | kuyruk=0
634784	TX_ANT	ff	338:0:10:33:1437
634784	PKT	0:225:202628:338:368952:0:0
635784	TX_ANT	ff	346:0:10:35:869
635784	PKT	0:229:208369:346:380517:0:0
636784	TX_ANT	ff	331:0:10:25:223
636784	PKT	0:222:196290:331:356818:0:0
637787	TX_ANT	ff	335:0:10:21:343
637787	PKT	0:222:198047:335:364287:0:0
638784	TX_ANT	ff	338:0:10:22:143
638784	PKT	0:225:203014:338:369338:0:0
[VISION][STATUS] FPS=32 | mavi=— kirmizi=— | tespit=BEKLİYOR | kuyruk=0
639785	TX_ANT	ff	337:0:10:23:1253
639785	PKT	0:224:199016:337:365312:0:0
640784	TX_ANT	ff	334:0:10:30:812
640784	PKT	0:221:194930:334:361142:0:0
641784	TX_ANT	ff	336:0:10:20:191
641784	PKT	0:223:198940:336:365208:0:0
642784	TX_ANT	ff	336:0:10:19:160
642784	PKT	0:223:199145:336:365413:0:0
643784	TX_ANT	ff	336:0:10:22:335
643784	PKT	0:223:198778:336:365046:0:0
[VISION][STATUS] FPS=32 | mavi=— kirmizi=— | tespit=BEKLİYOR | kuyruk=0
644785	TX_ANT	ff	332:0:10:21:141
644785	PKT	0:223:198159:332:358715:0:0
645785	TX_ANT	ff	337:0:10:39:3625
645785	PKT	0:224:199674:337:365970:0:0
646784	TX_ANT	ff	335:0:10:23:1069
646784	PKT	0:222:196157:335:362397:0:0
647784	TX_ANT	ff	336:0:10:22:307
647784	PKT	0:223:197236:336:363504:0:0
648784	TX_ANT	ff	338:0:10:20:134
648784	PKT	0:225:203026:338:369350:0:0
[VISION][STATUS] FPS=32 | mavi=(31,12) kirmizi=— | tespit=BEKLİYOR | kuyruk=0
649785	TX_ANT	ff	336:0:10:21:160
649785	PKT	0:223:198636:336:364904:0:0
650784	TX_ANT	ff	335:0:10:18:159
650784	PKT	0:222:197623:335:363863:0:0
651784	TX_ANT	ff	336:0:10:22:165
651784	PKT	0:223:200684:336:366952:0:0
652785	TX_ANT	ff	339:0:10:27:1304
652785	PKT	0:226:201351:339:367703:0:0
653784	TX_ANT	ff	336:0:10:30:2589
653784	PKT	0:223:199133:336:365401:0:0
[VISION][STATUS] FPS=32 | mavi=— kirmizi=— | tespit=BEKLİYOR | kuyruk=0
654785	TX_ANT	ff	337:0:10:29:518
654785	PKT	0:224:201177:337:367473:0:0
655784	TX_ANT	ff	339:0:10:29:1220
655784	PKT	0:226:204446:339:370798:0:0
656784	TX_ANT	ff	337:0:10:21:277
656784	PKT	0:224:200693:337:366989:0:0
657784	TX_ANT	ff	338:0:10:19:111
657784	PKT	0:225:203742:338:370066:0:0
658785	TX_ANT	ff	337:0:10:20:208
658785	PKT	0:224:201270:337:367566:0:0
[VISION][STATUS] FPS=32 | mavi=(21,22) kirmizi=— | tespit=BEKLİYOR | kuyruk=0
659785	TX_ANT	ff	336:0:10:19:198
659785	PKT	0:223:198681:336:364949:0:0
660784	TX_ANT	ff	336:0:10:19:157
660784	PKT	0:223:198701:336:364969:0:0
661784	TX_ANT	ff	336:0:10:27:667
661784	PKT	0:223:202542:336:368810:0:0
662785	TX_ANT	ff	338:0:10:27:1318
662785	PKT	0:225:203553:338:369877:0:0
663784	TX_ANT	ff	338:0:10:25:298
663784	PKT	0:225:201660:338:367984:0:0
[VISION][STATUS] FPS=32 | mavi=— kirmizi=— | tespit=BEKLİYOR | kuyruk=0
664784	TX_ANT	ff	335:0:10:21:795
664784	PKT	0:222:198286:335:364526:0:0
665785	TX_ANT	ff	336:0:10:19:153
665785	PKT	0:223:199234:336:365502:0:0
666784	TX_ANT	ff	337:0:10:28:1362
666784	PKT	0:224:201805:337:368101:0:0
667784	TX_ANT	ff	337:0:10:21:121
667784	PKT	0:224:200847:337:367143:0:0
668784	TX_ANT	ff	338:0:10:21:154
668784	PKT	0:225:201131:338:367455:0:0
[VISION][STATUS] FPS=32 | mavi=(27,14) kirmizi=— | tespit=BEKLİYOR | kuyruk=0
669784	TX_ANT	ff	337:0:10:30:1816
669784	PKT	0:224:200473:337:366769:0:0
670787	TX_ANT	ff	338:0:10:22:256
670787	PKT	0:225:202646:338:368970:0:0
671784	TX_ANT	ff	337:0:10:27:753
671784	PKT	0:224:200743:337:367039:0:0
672784	TX_ANT	ff	335:0:10:23:302
672784	PKT	0:222:198908:335:365148:0:0
673788	TX_ANT	ff	339:0:10:21:194
673788	PKT	0:226:211410:339:377762:0:0
[VISION][STATUS] FPS=32 | mavi=— kirmizi=— | tespit=BEKLİYOR | kuyruk=0
674784	TX_ANT	ff	338:0:10:24:230
674784	PKT	0:225:204902:338:371226:0:0
675784	TX_ANT	ff	336:0:10:25:238
675784	PKT	0:223:205683:336:371951:0:0
676784	TX_ANT	ff	337:0:10:40:1490
676784	PKT	0:224:202723:337:369019:0:0
677784	TX_ANT	ff	334:0:10:23:382
677784	PKT	0:221:195991:334:362203:0:0
678785	TX_ANT	ff	332:0:10:29:2223
678785	PKT	0:223:198302:332:358858:0:0
[VISION][STATUS] FPS=32 | mavi=— kirmizi=— | tespit=BEKLİYOR | kuyruk=0
679784	TX_ANT	ff	336:0:10:27:974
679784	PKT	0:223:200366:336:366634:0:0
680784	TX_ANT	ff	333:0:10:23:978
680784	PKT	0:220:194303:333:360487:0:0
681784	TX_ANT	ff	339:0:10:26:517
681784	PKT	0:226:204633:339:370985:0:0
682785	TX_ANT	ff	339:0:10:31:1431
682785	PKT	0:226:203340:339:369692:0:0
683784	TX_ANT	ff	337:0:10:20:153
683784	PKT	0:224:202194:337:368490:0:0
[VISION][STATUS] FPS=32 | mavi=— kirmizi=— | tespit=BEKLİYOR | kuyruk=0
684785	TX_ANT	ff	336:0:10:20:199
684785	PKT	0:223:198169:336:364437:0:0
685785	TX_ANT	ff	336:0:10:24:238
685785	PKT	0:223:197954:336:364222:0:0
686784	TX_ANT	ff	339:0:10:23:210
686784	PKT	0:226:204670:339:371022:0:0
687784	TX_ANT	ff	338:0:10:20:157
687784	PKT	0:225:201458:338:367782:0:0
688784	TX_ANT	ff	343:0:10:24:685
688784	PKT	0:226:204420:343:376484:0:0
[VISION][STATUS] FPS=32 | mavi=— kirmizi=— | tespit=BEKLİYOR | kuyruk=0
689784	TX_ANT	ff	339:0:10:23:981
689784	PKT	0:226:203396:339:369748:0:0
690785	TX_ANT	ff	336:0:10:24:1282
690785	PKT	0:223:199609:336:365877:0:0
691784	TX_ANT	ff	336:0:10:22:165
691784	PKT	0:223:198141:336:364409:0:0
692784	TX_ANT	ff	338:0:10:21:161
692784	PKT	0:225:201826:338:368150:0:0
693784	TX_ANT	ff	337:0:10:23:627
693784	PKT	0:224:200967:337:367263:0:0
[VISION][STATUS] FPS=32 | mavi=— kirmizi=— | tespit=BEKLİYOR | kuyruk=0
694784	TX_ANT	ff	336:0:10:25:259
694784	PKT	0:223:199149:336:365417:0:0
695784	TX_ANT	ff	337:0:10:31:682
695784	PKT	0:224:200076:337:366372:0:0
696784	TX_ANT	ff	331:0:10:20:230
696784	PKT	0:222:198680:331:359208:0:0
697784	TX_ANT	ff	336:0:10:20:193
697784	PKT	0:223:199459:336:365727:0:0
698785	TX_ANT	ff	337:0:10:23:154
698785	PKT	0:224:200431:337:366727:0:0
[VISION][STATUS] FPS=32 | mavi=— kirmizi=— | tespit=BEKLİYOR | kuyruk=0
699784	TX_ANT	ff	338:0:10:20:181
699784	PKT	0:225:202827:338:369151:0:0
700784	TX_ANT	ff	342:0:10:28:1219
700784	PKT	0:225:201326:342:373362:0:0
701784	TX_ANT	ff	338:0:10:24:304
701784	PKT	0:225:202426:338:368750:0:0
702785	TX_ANT	ff	330:0:10:27:2361
702785	PKT	0:221:196325:330:356825:0:0
703784	TX_ANT	ff	337:0:10:25:282
703784	PKT	0:224:200196:337:366492:0:0
[VISION][STATUS] FPS=32 | mavi=— kirmizi=— | tespit=BEKLİYOR | kuyruk=0
704784	TX_ANT	ff	336:0:10:34:1133
704784	PKT	0:223:199167:336:365435:0:0
705784	TX_ANT	ff	336:0:10:25:432
705784	PKT	0:223:199296:336:365564:0:0
706784	TX_ANT	ff	338:0:10:29:1030
706784	PKT	0:225:203942:338:370266:0:0
707784	TX_ANT	ff	336:0:10:22:652
707784	PKT	0:223:199815:336:366083:0:0
708784	TX_ANT	ff	340:0:10:27:1624
708784	PKT	0:227:205135:340:371515:0:0
[VISION][STATUS] FPS=32 | mavi=— kirmizi=— | tespit=BEKLİYOR | kuyruk=0
709784	TX_ANT	ff	335:0:10:27:1258
709784	PKT	0:222:196557:335:362797:0:0
710784	TX_ANT	ff	337:0:10:44:2876
710784	PKT	0:224:201174:337:367470:0:0
711784	TX_ANT	ff	336:0:10:29:949
711784	PKT	0:223:200336:336:366604:0:0
712786	TX_ANT	ff	337:0:10:19:90
712786	PKT	0:224:203194:337:369490:0:0
713784	TX_ANT	ff	334:0:10:25:1425
713784	PKT	0:221:195764:334:361976:0:0
[VISION][STATUS] FPS=32 | mavi=— kirmizi=— | tespit=BEKLİYOR | kuyruk=0
714784	TX_ANT	ff	336:0:10:34:2402
714784	PKT	0:223:196952:336:363220:0:0
715786	TX_ANT	ff	338:0:10:25:757
715786	PKT	0:225:201809:338:368133:0:0
716786	TX_ANT	ff	336:0:10:28:488
716786	PKT	0:223:199806:336:366074:0:0
717784	TX_ANT	ff	339:0:10:27:610
717784	PKT	0:226:203473:339:369825:0:0
718784	TX_ANT	ff	337:0:10:27:913
718784	PKT	0:224:199569:337:365865:0:0
[VISION][STATUS] FPS=32 | mavi=— kirmizi=— | tespit=BEKLİYOR | kuyruk=0
719784	TX_ANT	ff	336:0:10:39:3909
719784	PKT	0:223:197639:336:363907:0:0
720784	TX_ANT	ff	337:0:10:21:467
720784	PKT	0:224:200302:337:366598:0:0
721784	TX_ANT	ff	331:0:10:22:163
721784	PKT	0:222:197791:331:358319:0:0
722784	TX_ANT	ff	336:0:10:21:521
722784	PKT	0:223:198719:336:364987:0:0
723784	TX_ANT	ff	337:0:10:22:241
723784	PKT	0:224:201073:337:367369:0:0
[VISION][STATUS] FPS=32 | mavi=— kirmizi=— | tespit=BEKLİYOR | kuyruk=0
724784	TX_ANT	ff	334:0:10:28:1877
724784	PKT	0:221:197490:334:363702:0:0
725784	TX_ANT	ff	335:0:10:28:1449
725784	PKT	0:222:197152:335:363392:0:0
726784	TX_ANT	ff	331:0:10:25:218
726784	PKT	0:222:199518:331:360046:0:0
727784	TX_ANT	ff	336:0:10:29:829
727784	PKT	0:223:200088:336:366356:0:0
728784	TX_ANT	ff	334:0:9:25:239
728784	PKT	0:221:194966:334:361178:0:0
[VISION][STATUS] FPS=32 | mavi=(626,464) kirmizi=— | tespit=BEKLİYOR | kuyruk=0
729784	TX_ANT	ff	338:0:10:30:873
729784	PKT	0:225:201219:338:367543:0:0
730784	TX_ANT	ff	337:0:10:33:1961
730784	PKT	0:224:200102:337:366398:0:0
731784	TX_ANT	ff	338:0:10:24:431
731784	PKT	0:225:202741:338:369065:0:0
732784	TX_ANT	ff	337:0:10:29:832
732784	PKT	0:224:201501:337:367797:0:0
733784	TX_ANT	ff	338:0:10:31:904
733784	PKT	0:225:201911:338:368235:0:0
[VISION][STATUS] FPS=32 | mavi=— kirmizi=— | tespit=BEKLİYOR | kuyruk=0
734784	TX_ANT	ff	334:0:10:28:480
734784	PKT	0:221:194898:334:361110:0:0
735784	TX_ANT	ff	337:0:10:26:849
735784	PKT	0:224:198180:337:364476:0:0
736785	TX_ANT	ff	339:0:10:21:172
736785	PKT	0:226:202705:339:369057:0:0
737786	TX_ANT	ff	337:0:10:26:909
737786	PKT	0:224:201609:337:367905:0:0
738784	TX_ANT	ff	336:0:10:44:1922
738784	PKT	0:223:198234:336:364502:0:0
[VISION][STATUS] FPS=32 | mavi=(299,85) kirmizi=— | tespit=BEKLİYOR | kuyruk=0
739785	TX_ANT	ff	338:0:10:23:390
739785	PKT	0:225:202804:338:369128:0:0
740784	TX_ANT	ff	336:0:10:24:1108
740784	PKT	0:223:199959:336:366227:0:0
741784	TX_ANT	ff	339:0:9:28:1349
741784	PKT	0:226:203610:339:369962:0:0
742784	TX_ANT	ff	334:0:10:21:173
742784	PKT	0:221:197113:334:363325:0:0
743784	TX_ANT	ff	336:0:10:21:195
743784	PKT	0:223:200031:336:366299:0:0
[VISION][STATUS] FPS=32 | mavi=— kirmizi=— | tespit=BEKLİYOR | kuyruk=0
744785	TX_ANT	ff	335:0:10:30:665
744785	PKT	0:222:197532:335:363772:0:0
745785	TX_ANT	ff	332:0:10:24:923
745785	PKT	0:223:200934:332:361490:0:0
746784	TX_ANT	ff	337:0:10:22:204
746784	PKT	0:224:199746:337:366042:0:0
747784	TX_ANT	ff	342:0:10:27:1064
747784	PKT	0:225:200644:342:372680:0:0
748784	TX_ANT	ff	337:0:10:24:1189
748784	PKT	0:224:199787:337:366083:0:0
[VISION][STATUS] FPS=32 | mavi=— kirmizi=— | tespit=BEKLİYOR | kuyruk=0
749785	TX_ANT	ff	337:0:10:19:132
749785	PKT	0:224:200184:337:366480:0:0
750784	TX_ANT	ff	340:0:10:22:166
750784	PKT	0:227:205493:340:371873:0:0
751784	TX_ANT	ff	336:0:10:23:257
751784	PKT	0:223:197472:336:363740:0:0
752784	TX_ANT	ff	337:0:9:21:207
752784	PKT	0:224:200119:337:366415:0:0
753784	TX_ANT	ff	338:0:10:28:1276
753784	PKT	0:225:202518:338:368842:0:0
[VISION][STATUS] FPS=32 | mavi=— kirmizi=— | tespit=BEKLİYOR | kuyruk=0
754784	TX_ANT	ff	340:0:10:30:1104
754784	PKT	0:227:206007:340:372387:0:0
755784	TX_ANT	ff	344:0:10:21:140
755784	PKT	0:227:207012:344:379104:0:0
756784	TX_ANT	ff	336:0:10:23:287
756784	PKT	0:223:198854:336:365122:0:0
757784	TX_ANT	ff	339:0:10:34:887
757784	PKT	0:226:204250:339:370602:0:0
758784	TX_ANT	ff	335:0:10:26:468
758784	PKT	0:222:196153:335:362393:0:0
[VISION][STATUS] FPS=32 | mavi=— kirmizi=— | tespit=BEKLİYOR | kuyruk=0
759784	TX_ANT	ff	331:0:10:31:749
759784	PKT	0:222:196033:331:356561:0:0
760784	TX_ANT	ff	343:0:10:27:1005
760784	PKT	0:226:202090:343:374154:0:0
761784	TX_ANT	ff	331:0:10:21:399
761784	PKT	0:222:197309:331:357837:0:0
762784	TX_ANT	ff	343:0:10:22:256
762784	PKT	0:226:205047:343:377111:0:0
763785	TX_ANT	ff	339:0:10:27:262
763785	PKT	0:226:204536:339:370888:0:0
[VISION][STATUS] FPS=32 | mavi=— kirmizi=— | tespit=BEKLİYOR | kuyruk=0
764784	TX_ANT	ff	337:0:9:20:177
764784	PKT	0:224:200980:337:367276:0:0
765784	TX_ANT	ff	338:0:10:23:212
765784	PKT	0:225:201968:338:368292:0:0
766784	TX_ANT	ff	340:0:10:22:265
766784	PKT	0:227:204387:340:370767:0:0
767784	TX_ANT	ff	336:0:10:28:301
767784	PKT	0:223:200517:336:366785:0:0
768784	TX_ANT	ff	346:0:9:21:212
768784	PKT	0:229:207523:346:379671:0:0
[VISION][STATUS] FPS=32 | mavi=— kirmizi=— | tespit=BEKLİYOR | kuyruk=0
769785	TX_ANT	ff	337:0:10:23:273
769785	PKT	0:224:203781:337:370077:0:0
770784	TX_ANT	ff	338:0:10:26:691
770784	PKT	0:225:201775:338:368099:0:0
771784	TX_ANT	ff	339:0:10:23:300
771784	PKT	0:226:203443:339:369795:0:0
772784	TX_ANT	ff	334:0:9:25:602
772784	PKT	0:221:195699:334:361911:0:0
773784	TX_ANT	ff	337:0:10:24:677
773784	PKT	0:224:200367:337:366663:0:0
[VISION][STATUS] FPS=32 | mavi=— kirmizi=— | tespit=BEKLİYOR | kuyruk=0
774785	TX_ANT	ff	337:0:10:28:1019
774785	PKT	0:224:201436:337:367732:0:0
775784	TX_ANT	ff	339:0:9:24:1044
775784	PKT	0:226:203669:339:370021:0:0
776784	TX_ANT	ff	339:0:10:27:1237
776784	PKT	0:226:203978:339:370330:0:0
777784	TX_ANT	ff	338:0:10:21:202
777784	PKT	0:225:203163:338:369487:0:0
778784	TX_ANT	ff	343:0:10:22:183
778784	PKT	0:226:203660:343:375724:0:0
[VISION][STATUS] FPS=32 | mavi=— kirmizi=— | tespit=BEKLİYOR | kuyruk=0
779784	TX_ANT	ff	338:0:10:23:411
779784	PKT	0:225:201331:338:367655:0:0
780784	TX_ANT	ff	336:0:10:36:978
780784	PKT	0:223:198353:336:364621:0:0
781784	TX_ANT	ff	337:0:10:40:1326
781784	PKT	0:224:199968:337:366264:0:0
782785	TX_ANT	ff	338:0:10:21:185
782785	PKT	0:225:201729:338:368053:0:0
783786	TX_ANT	ff	338:0:10:20:181
783786	PKT	0:225:200875:338:367199:0:0
[VISION][STATUS] FPS=32 | mavi=— kirmizi=— | tespit=BEKLİYOR | kuyruk=0
784784	TX_ANT	ff	338:0:10:23:302
784784	PKT	0:225:203107:338:369431:0:0
785784	TX_ANT	ff	337:0:10:24:278
785784	PKT	0:224:201447:337:367743:0:0
786784	TX_ANT	ff	337:0:10:24:259
786784	PKT	0:224:200601:337:366897:0:0
787784	TX_ANT	ff	339:0:10:33:1253
787784	PKT	0:226:204742:339:371094:0:0
788785	TX_ANT	ff	336:0:9:27:1014
788785	PKT	0:223:199018:336:365286:0:0
[VISION][STATUS] FPS=32 | mavi=— kirmizi=— | tespit=BEKLİYOR | kuyruk=0
789784	TX_ANT	ff	338:0:10:26:495
789784	PKT	0:225:201544:338:367868:0:0
790784	TX_ANT	ff	343:0:10:24:561
790784	PKT	0:226:204432:343:376496:0:0
791784	TX_ANT	ff	332:0:10:26:293
791784	PKT	0:223:199130:332:359686:0:0
792785	TX_ANT	ff	337:0:10:32:1090
792785	PKT	0:224:200411:337:366707:0:0
793785	TX_ANT	ff	337:0:10:24:676
793785	PKT	0:224:201004:337:367300:0:0
794784	TX_ANT	ff	337:0:10:20:164
794784	PKT	0:224:201971:337:368267:0:0
[VISION][STATUS] FPS=32 | mavi=— kirmizi=— | tespit=BEKLİYOR | kuyruk=0
795785	TX_ANT	ff	334:0:10:20:172
795785	PKT	0:221:194877:334:361089:0:0
796784	TX_ANT	ff	337:0:10:31:787
796784	PKT	0:224:199872:337:366168:0:0
797784	TX_ANT	ff	339:0:10:26:175
797784	PKT	0:226:203667:339:370019:0:0
798784	TX_ANT	ff	336:0:10:29:732
798784	PKT	0:223:198566:336:364834:0:0
799784	TX_ANT	ff	338:0:9:37:655
799784	PKT	0:225:203073:338:369397:0:0
[VISION][STATUS] FPS=32 | mavi=— kirmizi=— | tespit=BEKLİYOR | kuyruk=0
800785	TX_ANT	ff	336:0:10:33:462
800785	PKT	0:223:198012:336:364280:0:0
801787	TX_ANT	ff	336:0:10:22:186
801787	PKT	0:223:199144:336:365412:0:0
802784	TX_ANT	ff	338:0:10:29:1396
802784	PKT	0:225:202510:338:368834:0:0
803784	TX_ANT	ff	339:0:10:31:2491
803784	PKT	0:226:202441:339:368793:0:0
804784	TX_ANT	ff	343:0:9:26:332
804784	PKT	0:226:203046:343:375110:0:0
[VISION][STATUS] FPS=32 | mavi=— kirmizi=— | tespit=BEKLİYOR | kuyruk=0
805784	TX_ANT	ff	341:0:10:29:895
805784	PKT	0:228:207358:341:373766:0:0
806784	TX_ANT	ff	338:0:10:23:939
806784	PKT	0:225:200355:338:366679:0:0
807786	TX_ANT	ff	334:0:10:38:3547
807786	PKT	0:221:196289:334:362501:0:0
808785	TX_ANT	ff	335:0:10:52:2396
808785	PKT	0:223:197708:335:363888:0:0
809784	TX_ANT	ff	337:0:10:26:393
809784	PKT	0:224:201202:337:367498:0:0
[VISION][STATUS] FPS=32 | mavi=— kirmizi=— | tespit=BEKLİYOR | kuyruk=0
810784	TX_ANT	ff	338:0:10:27:1170
810784	PKT	0:225:201177:338:367501:0:0
811785	TX_ANT	ff	337:0:10:23:215
811785	PKT	0:224:200136:337:366432:0:0
812784	TX_ANT	ff	340:0:10:32:1356
812784	PKT	0:227:202615:340:368995:0:0
813787	TX_ANT	ff	338:0:10:22:229
813787	PKT	0:225:201756:338:368080:0:0
814784	TX_ANT	ff	345:0:10:32:1526
814784	PKT	0:228:207873:345:379993:0:0
[VISION][STATUS] FPS=32 | mavi=— kirmizi=— | tespit=BEKLİYOR | kuyruk=0
815784	TX_ANT	ff	338:0:9:20:138
815784	PKT	0:225:201971:338:368295:0:0
816784	TX_ANT	ff	339:0:10:29:804
816784	PKT	0:226:203614:339:369966:0:0
817785	TX_ANT	ff	344:0:10:30:768
817785	PKT	0:227:205162:344:377254:0:0
818785	TX_ANT	ff	337:0:10:23:885
818785	PKT	0:224:201912:337:368208:0:0
819784	TX_ANT	ff	337:0:10:19:157
819784	PKT	0:224:203316:337:369612:0:0
[VISION][STATUS] FPS=32 | mavi=(383,18) kirmizi=— | tespit=BEKLİYOR | kuyruk=0
820784	TX_ANT	ff	340:0:10:30:1676
820784	PKT	0:227:210331:340:376711:0:0
821785	TX_ANT	ff	336:0:10:25:264
821785	PKT	0:223:205391:336:371659:0:0
822784	TX_ANT	ff	341:0:10:24:268
822784	PKT	0:228:210726:341:377134:0:0
823784	TX_ANT	ff	342:0:10:24:326
823784	PKT	0:225:204385:342:376421:0:0
824784	TX_ANT	ff	329:0:10:25:258
824784	PKT	0:220:196566:329:357038:0:0
[VISION][STATUS] FPS=32 | mavi=— kirmizi=— | tespit=BEKLİYOR | kuyruk=0
825785	TX_ANT	ff	338:0:10:26:522
825785	PKT	0:225:200932:338:367256:0:0
826784	TX_ANT	ff	338:0:10:36:2621
826784	PKT	0:225:203769:338:370093:0:0
827784	TX_ANT	ff	343:0:10:23:281
827784	PKT	0:226:204811:343:376875:0:0
828785	TX_ANT	ff	340:0:9:21:226
828785	PKT	0:227:203448:340:369828:0:0
829784	TX_ANT	ff	335:0:9:21:288
829784	PKT	0:222:197821:335:364061:0:0
[VISION][STATUS] FPS=32 | mavi=(301,85) kirmizi=— | tespit=BEKLİYOR | kuyruk=0
830784	TX_ANT	ff	341:0:10:20:179
830784	PKT	0:228:206120:341:372528:0:0
831784	TX_ANT	ff	344:0:10:24:237
831784	PKT	0:227:203029:344:375121:0:0
832784	TX_ANT	ff	331:0:10:27:1136
832784	PKT	0:222:198922:331:359450:0:0
833787	TX_ANT	ff	338:0:10:24:286
833787	PKT	0:225:201757:338:368081:0:0
834788	TX_ANT	ff	335:0:10:24:616
834788	PKT	0:222:197057:335:363297:0:0
[VISION][STATUS] FPS=32 | mavi=— kirmizi=— | tespit=BEKLİYOR | kuyruk=0
835785	TX_ANT	ff	335:0:10:21:250
835785	PKT	0:222:197458:335:363698:0:0
836785	TX_ANT	ff	338:0:10:23:783
836785	PKT	0:225:201141:338:367465:0:0
837784	TX_ANT	ff	336:0:10:23:587
837784	PKT	0:223:199552:336:365820:0:0
838784	TX_ANT	ff	340:0:10:23:231
838784	PKT	0:227:204107:340:370487:0:0
839784	TX_ANT	ff	337:0:10:26:584
839784	PKT	0:224:201680:337:367976:0:0
[VISION][STATUS] FPS=32 | mavi=— kirmizi=— | tespit=BEKLİYOR | kuyruk=0
840784	TX_ANT	ff	336:0:10:28:988
840784	PKT	0:223:198345:336:364613:0:0
841785	TX_ANT	ff	337:0:9:48:2771
841785	PKT	0:224:201770:337:368066:0:0
842784	TX_ANT	ff	335:0:10:29:946
842784	PKT	0:222:197963:335:364203:0:0
843784	TX_ANT	ff	337:0:10:23:269
843784	PKT	0:224:199890:337:366186:0:0
844784	TX_ANT	ff	338:0:10:30:701
844784	PKT	0:225:201920:338:368244:0:0
[VISION][STATUS] FPS=32 | mavi=(21,18) kirmizi=— | tespit=BEKLİYOR | kuyruk=0
845784	TX_ANT	ff	340:0:10:21:222
845784	PKT	0:227:207086:340:373466:0:0
846784	TX_ANT	ff	342:0:10:33:917
846784	PKT	0:225:202313:342:374349:0:0
847784	TX_ANT	ff	332:0:10:27:419
847784	PKT	0:223:198364:332:358920:0:0
848785	TX_ANT	ff	343:0:10:29:364
848785	PKT	0:226:203902:343:375966:0:0
849787	TX_ANT	ff	336:0:10:26:356
849787	PKT	0:223:198726:336:364994:0:0
[VISION][STATUS] FPS=32 | mavi=(300,84) kirmizi=— | tespit=BEKLİYOR | kuyruk=0
850785	TX_ANT	ff	339:0:9:25:288
850785	PKT	0:226:202754:339:369106:0:0
851784	TX_ANT	ff	339:0:10:20:200
851784	PKT	0:226:203774:339:370126:0:0
852785	TX_ANT	ff	340:0:10:21:184
852785	PKT	0:227:204234:340:370614:0:0
853785	TX_ANT	ff	335:0:10:21:280
853785	PKT	0:222:196932:335:363172:0:0
854785	TX_ANT	ff	344:0:10:27:327
854785	PKT	0:227:204884:344:376976:0:0
[VISION][STATUS] FPS=32 | mavi=— kirmizi=— | tespit=BEKLİYOR | kuyruk=0
855785	TX_ANT	ff	338:0:10:27:717
855785	PKT	0:225:202315:338:368639:0:0
856784	TX_ANT	ff	337:0:10:46:990
856784	PKT	0:224:199088:337:365384:0:0
857784	TX_ANT	ff	336:0:10:24:646
857784	PKT	0:223:196767:336:363035:0:0
858784	TX_ANT	ff	331:0:10:24:184
858784	PKT	0:222:195681:331:356209:0:0
859784	TX_ANT	ff	335:0:10:23:282
859784	PKT	0:222:195865:335:362105:0:0
[VISION][STATUS] FPS=32 | mavi=— kirmizi=— | tespit=BEKLİYOR | kuyruk=0
860785	TX_ANT	ff	339:0:10:22:869
860785	PKT	0:226:203582:339:369934:0:0
861785	TX_ANT	ff	338:0:10:30:671
861785	PKT	0:225:200160:338:366484:0:0
862784	TX_ANT	ff	342:0:10:19:111
862784	PKT	0:225:201160:342:373196:0:0
863784	TX_ANT	ff	337:0:10:32:577
863784	PKT	0:224:200705:337:367001:0:0
864784	TX_ANT	ff	338:0:10:31:833
864784	PKT	0:225:204102:338:370426:0:0
[VISION][STATUS] FPS=32 | mavi=— kirmizi=— | tespit=BEKLİYOR | kuyruk=0
865784	TX_ANT	ff	336:0:10:31:570
865784	PKT	0:223:197831:336:364099:0:0
866784	TX_ANT	ff	331:0:9:28:1174
866784	PKT	0:222:195914:331:356442:0:0
867785	TX_ANT	ff	336:0:10:30:372
867785	PKT	0:223:196614:336:362882:0:0
868784	TX_ANT	ff	337:0:10:32:482
868784	PKT	0:224:200110:337:366406:0:0
869784	TX_ANT	ff	336:0:10:26:557
869784	PKT	0:223:197883:336:364151:0:0
[VISION][STATUS] FPS=32 | mavi=— kirmizi=— | tespit=BEKLİYOR | kuyruk=0
870784	TX_ANT	ff	339:0:10:19:157
870784	PKT	0:226:203799:339:370151:0:0
871785	TX_ANT	ff	335:0:10:25:200
871785	PKT	0:222:196697:335:362937:0:0
872784	TX_ANT	ff	334:0:9:23:207
872784	PKT	0:221:194726:334:360938:0:0
873785	TX_ANT	ff	331:0:10:39:1136
873785	PKT	0:222:195724:331:356252:0:0
874785	TX_ANT	ff	337:0:10:33:1183
874785	PKT	0:224:197938:337:364234:0:0
[VISION][STATUS] FPS=32 | mavi=— kirmizi=— | tespit=BEKLİYOR | kuyruk=0
875784	TX_ANT	ff	337:0:10:27:970
875784	PKT	0:224:200818:337:367114:0:0
876784	TX_ANT	ff	342:0:10:27:1358
876784	PKT	0:225:201413:342:373449:0:0
877784	TX_ANT	ff	339:0:10:22:608
877784	PKT	0:226:204566:339:370918:0:0
878784	TX_ANT	ff	338:0:10:28:1073
878784	PKT	0:225:200175:338:366499:0:0
879784	TX_ANT	ff	337:0:10:26:473
879784	PKT	0:224:200306:337:366602:0:0
[VISION][STATUS] FPS=32 | mavi=— kirmizi=— | tespit=BEKLİYOR | kuyruk=0
880784	TX_ANT	ff	338:0:10:38:1837
880784	PKT	0:225:201177:338:367501:0:0
881785	TX_ANT	ff	333:0:10:23:778
881785	PKT	0:220:194612:333:360796:0:0
882784	TX_ANT	ff	337:0:10:20:200
882784	PKT	0:224:199143:337:365439:0:0
883784	TX_ANT	ff	337:0:10:21:215
883784	PKT	0:224:198509:337:364805:0:0
884784	TX_ANT	ff	339:0:10:44:3004
884784	PKT	0:226:202735:339:369087:0:0
[VISION][STATUS] FPS=32 | mavi=(26,21) kirmizi=— | tespit=BEKLİYOR | kuyruk=0
885784	TX_ANT	ff	338:0:10:30:1386
885784	PKT	0:225:202212:338:368536:0:0
886784	TX_ANT	ff	336:0:10:24:680
886784	PKT	0:223:197998:336:364266:0:0
887784	TX_ANT	ff	335:0:10:26:1046
887784	PKT	0:222:195907:335:362147:0:0
888784	TX_ANT	ff	337:0:9:22:187
888784	PKT	0:224:200339:337:366635:0:0
889785	TX_ANT	ff	330:0:9:22:368
889785	PKT	0:221:194704:330:355204:0:0
[VISION][STATUS] FPS=32 | mavi=— kirmizi=— | tespit=BEKLİYOR | kuyruk=0
890785	TX_ANT	ff	338:0:10:20:264
890785	PKT	0:225:201231:338:367555:0:0
891785	TX_ANT	ff	344:0:10:22:794
891785	PKT	0:227:206327:344:378419:0:0
892784	TX_ANT	ff	337:0:10:39:5171
892784	PKT	0:224:199465:337:365761:0:0
893784	TX_ANT	ff	331:0:10:29:584
893784	PKT	0:222:195825:331:356353:0:0
894784	TX_ANT	ff	337:0:10:35:499
894784	PKT	0:224:198629:337:364925:0:0
[VISION][STATUS] FPS=33 | mavi=— kirmizi=— | tespit=BEKLİYOR | kuyruk=0
895784	TX_ANT	ff	343:0:10:42:835
895784	PKT	0:226:202639:343:374703:0:0
896784	TX_ANT	ff	338:0:10:23:196
896784	PKT	0:225:200392:338:366716:0:0
897784	TX_ANT	ff	339:0:10:25:288
897784	PKT	0:226:203326:339:369678:0:0
898785	TX_ANT	ff	337:0:10:28:535
898785	PKT	0:224:198078:337:364374:0:0
899784	TX_ANT	ff	334:0:10:25:291
899784	PKT	0:221:194687:334:360899:0:0
[VISION][STATUS] FPS=32 | mavi=— kirmizi=— | tespit=BEKLİYOR | kuyruk=0
900784	TX_ANT	ff	336:0:10:26:467
900784	PKT	0:223:196631:336:362899:0:0
901784	TX_ANT	ff	338:0:10:41:3882
901784	PKT	0:225:204046:338:370370:0:0
902785	TX_ANT	ff	336:0:10:22:294
902785	PKT	0:223:200881:336:367149:0:0
903784	TX_ANT	ff	331:0:10:21:208
903784	PKT	0:222:196643:331:357171:0:0
904784	TX_ANT	ff	337:0:10:26:450
904784	PKT	0:224:198865:337:365161:0:0
[VISION][STATUS] FPS=33 | mavi=— kirmizi=— | tespit=BEKLİYOR | kuyruk=0
905784	TX_ANT	ff	336:0:10:24:252
905784	PKT	0:223:197902:336:364170:0:0
906788	TX_ANT	ff	338:0:10:19:120
906788	PKT	0:225:199087:338:365411:0:0
907785	TX_ANT	ff	337:0:10:21:184
907785	PKT	0:224:199575:337:365871:0:0
908784	TX_ANT	ff	334:0:10:21:554
908784	PKT	0:221:193205:334:359417:0:0
909784	TX_ANT	ff	341:0:10:30:974
909784	PKT	0:228:205805:341:372213:0:0
[VISION][STATUS] FPS=32 | mavi=(301,83) kirmizi=— | tespit=BEKLİYOR | kuyruk=0
910785	TX_ANT	ff	337:0:10:21:289
910785	PKT	0:224:200165:337:366461:0:0
911787	TX_ANT	ff	336:0:10:25:603
911787	PKT	0:223:197677:336:363945:0:0
912785	TX_ANT	ff	338:0:10:19:135
912785	PKT	0:225:201007:338:367331:0:0
913785	TX_ANT	ff	337:0:10:29:1327
913785	PKT	0:224:197845:337:364141:0:0
914784	TX_ANT	ff	333:0:10:26:1215
914784	PKT	0:220:193199:333:359383:0:0
[VISION][STATUS] FPS=32 | mavi=— kirmizi=— | tespit=BEKLİYOR | kuyruk=0
915784	TX_ANT	ff	336:0:10:25:1112
915784	PKT	0:223:197058:336:363326:0:0
916784	TX_ANT	ff	338:0:10:29:560
916784	PKT	0:225:202434:338:368758:0:0
917785	TX_ANT	ff	338:0:10:31:1401
917785	PKT	0:225:200019:338:366343:0:0
918787	TX_ANT	ff	338:0:10:22:273
918787	PKT	0:225:201527:338:367851:0:0
919786	TX_ANT	ff	335:0:10:19:205
919786	PKT	0:222:195272:335:361512:0:0
[VISION][STATUS] FPS=32 | mavi=— kirmizi=— | tespit=BEKLİYOR | kuyruk=0
920784	TX_ANT	ff	334:0:10:23:639
920784	PKT	0:221:194877:334:361089:0:0
921784	TX_ANT	ff	339:0:10:21:190
921784	PKT	0:226:203438:339:369790:0:0
922784	TX_ANT	ff	337:0:10:37:1712
922784	PKT	0:224:200305:337:366601:0:0
923784	TX_ANT	ff	339:0:10:22:169
923784	PKT	0:226:201322:339:367674:0:0
924784	TX_ANT	ff	336:0:10:28:577
924784	PKT	0:223:197659:336:363927:0:0
[VISION][STATUS] FPS=32 | mavi=— kirmizi=— | tespit=BEKLİYOR | kuyruk=0
925784	TX_ANT	ff	335:0:10:41:2272
925784	PKT	0:222:195514:335:361754:0:0
926786	TX_ANT	ff	336:0:9:23:260
926786	PKT	0:223:197478:336:363746:0:0
927784	TX_ANT	ff	332:0:10:21:188
927784	PKT	0:223:196354:332:356910:0:0
928785	TX_ANT	ff	335:0:10:20:147
928785	PKT	0:222:194838:335:361078:0:0
929784	TX_ANT	ff	334:0:10:23:299
929784	PKT	0:221:196412:334:362624:0:0
[VISION][STATUS] FPS=32 | mavi=— kirmizi=— | tespit=BEKLİYOR | kuyruk=0
930784	TX_ANT	ff	338:0:10:33:1993
930784	PKT	0:225:199834:338:366158:0:0
931784	TX_ANT	ff	335:0:10:22:208
931784	PKT	0:222:193300:335:359540:0:0
932784	TX_ANT	ff	337:0:10:21:185
932784	PKT	0:224:196327:337:362623:0:0
933785	TX_ANT	ff	331:0:10:25:995
933785	PKT	0:222:193836:331:354364:0:0
934784	TX_ANT	ff	334:0:10:25:174
934784	PKT	0:221:193617:334:359829:0:0
[VISION][STATUS] FPS=32 | mavi=— kirmizi=— | tespit=BEKLİYOR | kuyruk=0
935784	TX_ANT	ff	337:0:10:32:1259
935784	PKT	0:224:198406:337:364702:0:0
936784	TX_ANT	ff	335:0:10:26:753
936784	PKT	0:222:195274:335:361514:0:0
937784	TX_ANT	ff	335:0:10:28:894
937784	PKT	0:222:194452:335:360692:0:0
938785	TX_ANT	ff	331:0:10:21:210
938785	PKT	0:222:196285:331:356813:0:0
939785	TX_ANT	ff	338:0:10:21:173
939785	PKT	0:225:200937:338:367261:0:0
[VISION][STATUS] FPS=33 | mavi=— kirmizi=— | tespit=BEKLİYOR | kuyruk=0
940784	TX_ANT	ff	334:0:10:43:4060
940784	PKT	0:221:194434:334:360646:0:0
941784	TX_ANT	ff	335:0:10:26:1332
941784	PKT	0:222:194776:335:361016:0:0
942784	TX_ANT	ff	330:0:10:21:343
942784	PKT	0:221:195662:330:356162:0:0
943785	TX_ANT	ff	336:0:10:25:612
943785	PKT	0:223:197071:336:363339:0:0
944784	TX_ANT	ff	334:0:10:24:933
944784	PKT	0:221:193125:334:359337:0:0
[VISION][STATUS] FPS=32 | mavi=— kirmizi=— | tespit=BEKLİYOR | kuyruk=0
945785	TX_ANT	ff	335:0:10:24:1203
945785	PKT	0:222:194508:335:360748:0:0
946784	TX_ANT	ff	339:0:10:32:1334
946784	PKT	0:226:204023:339:370375:0:0
947785	TX_ANT	ff	334:0:10:28:638
947785	PKT	0:221:196605:334:362817:0:0
948784	TX_ANT	ff	332:0:10:21:332
948784	PKT	0:223:196855:332:357411:0:0
949785	TX_ANT	ff	336:0:10:32:1032
949785	PKT	0:223:195315:336:361583:0:0
[VISION][STATUS] FPS=33 | mavi=— kirmizi=— | tespit=BEKLİYOR | kuyruk=0
950784	TX_ANT	ff	334:0:9:23:292
950784	PKT	0:221:195560:334:361772:0:0
951784	TX_ANT	ff	339:0:10:31:487
951784	PKT	0:226:202297:339:368649:0:0
952784	TX_ANT	ff	336:0:10:26:440
952784	PKT	0:223:196033:336:362301:0:0
953784	TX_ANT	ff	335:0:10:25:271
953784	PKT	0:222:195495:335:361735:0:0
954785	TX_ANT	ff	330:0:10:23:155
954785	PKT	0:221:193542:330:354042:0:0
[VISION][STATUS] FPS=32 | mavi=— kirmizi=— | tespit=BEKLİYOR | kuyruk=0
955784	TX_ANT	ff	336:0:10:38:1619
955784	PKT	0:223:194501:336:360769:0:0
956784	TX_ANT	ff	344:0:10:24:202
956784	PKT	0:227:202058:344:374150:0:0
957784	TX_ANT	ff	336:0:10:35:1955
957784	PKT	0:223:197293:336:363561:0:0
958784	TX_ANT	ff	331:0:10:29:350
958784	PKT	0:222:195830:331:356358:0:0
959785	TX_ANT	ff	337:0:10:29:430
959785	PKT	0:224:199044:337:365340:0:0
[VISION][STATUS] FPS=32 | mavi=— kirmizi=— | tespit=BEKLİYOR | kuyruk=0
960784	TX_ANT	ff	334:0:10:28:979
960784	PKT	0:221:193104:334:359316:0:0
961784	TX_ANT	ff	334:0:10:29:1560
961784	PKT	0:221:193566:334:359778:0:0
962784	TX_ANT	ff	337:0:10:30:688
962784	PKT	0:224:197940:337:364236:0:0
963784	TX_ANT	ff	331:0:10:25:231
963784	PKT	0:222:192988:331:353516:0:0
964785	TX_ANT	ff	334:0:10:22:209
964785	PKT	0:221:193691:334:359903:0:0
[VISION][STATUS] FPS=32 | mavi=— kirmizi=— | tespit=BEKLİYOR | kuyruk=0
965784	TX_ANT	ff	334:0:10:27:1184
965784	PKT	0:221:191745:334:357957:0:0
966784	TX_ANT	ff	337:0:10:31:2209
966784	PKT	0:224:197248:337:363544:0:0
967784	TX_ANT	ff	338:0:10:21:287
967784	PKT	0:225:201504:338:367828:0:0
968784	TX_ANT	ff	337:0:10:22:276
968784	PKT	0:224:198523:337:364819:0:0
969786	TX_ANT	ff	330:0:10:28:263
969786	PKT	0:221:192339:330:352839:0:0
[VISION][STATUS] FPS=32 | mavi=— kirmizi=— | tespit=BEKLİYOR | kuyruk=0
970784	TX_ANT	ff	336:0:10:24:206
970784	PKT	0:223:196716:336:362984:0:0
971784	TX_ANT	ff	336:0:10:22:193
971784	PKT	0:223:196087:336:362355:0:0
972785	TX_ANT	ff	337:0:10:24:558
972785	PKT	0:224:197458:337:363754:0:0
973784	TX_ANT	ff	335:0:10:21:212
973784	PKT	0:222:194291:335:360531:0:0
974784	TX_ANT	ff	335:0:10:31:575
974784	PKT	0:222:193890:335:360130:0:0
[VISION][STATUS] FPS=32 | mavi=— kirmizi=— | tespit=BEKLİYOR | kuyruk=0
975784	TX_ANT	ff	338:0:10:21:218
975784	PKT	0:225:199394:338:365718:0:0
976784	TX_ANT	ff	330:0:10:30:1599
976784	PKT	0:221:193270:330:353770:0:0
977784	TX_ANT	ff	334:0:9:24:417
977784	PKT	0:221:192645:334:358857:0:0
978785	TX_ANT	ff	335:0:10:32:873
978785	PKT	0:222:194123:335:360363:0:0
979784	TX_ANT	ff	329:0:10:24:285
979784	PKT	0:220:193620:329:354092:0:0
[VISION][STATUS] FPS=32 | mavi=— kirmizi=— | tespit=BEKLİYOR | kuyruk=0
980784	TX_ANT	ff	334:0:10:21:174
980784	PKT	0:221:193179:334:359391:0:0
981784	TX_ANT	ff	339:0:10:21:202
981784	PKT	0:226:201864:339:368216:0:0
982784	TX_ANT	ff	335:0:10:23:315
982784	PKT	0:222:195506:335:361746:0:0
983784	TX_ANT	ff	330:0:10:26:859
983784	PKT	0:221:192310:330:352810:0:0
984785	TX_ANT	ff	333:0:10:22:196
984785	PKT	0:220:191776:333:357960:0:0
[VISION][STATUS] FPS=32 | mavi=— kirmizi=— | tespit=BEKLİYOR | kuyruk=0
985785	TX_ANT	ff	334:0:10:21:167
985785	PKT	0:221:191932:334:358144:0:0
986784	TX_ANT	ff	329:0:10:26:260
986784	PKT	0:220:191109:329:351581:0:0
987785	TX_ANT	ff	335:0:10:32:485
987785	PKT	0:222:193563:335:359803:0:0
988784	TX_ANT	ff	330:0:10:31:468
988784	PKT	0:221:193121:330:353621:0:0
989784	TX_ANT	ff	335:0:10:29:645
989784	PKT	0:222:192927:335:359167:0:0
[VISION][STATUS] FPS=32 | mavi=— kirmizi=— | tespit=BEKLİYOR | kuyruk=0
990784	TX_ANT	ff	334:0:10:24:206
990784	PKT	0:221:193267:334:359479:0:0
991785	TX_ANT	ff	335:0:10:23:284
991785	PKT	0:222:194846:335:361086:0:0
992784	TX_ANT	ff	337:0:10:23:192
992784	PKT	0:224:196542:337:362838:0:0
993785	TX_ANT	ff	339:0:10:33:1374
993785	PKT	0:226:202110:339:368462:0:0
994784	TX_ANT	ff	330:0:10:23:198
994784	PKT	0:221:192861:330:353361:0:0
[VISION][STATUS] FPS=32 | mavi=— kirmizi=— | tespit=BEKLİYOR | kuyruk=0
995784	TX_ANT	ff	332:0:10:25:414
995784	PKT	0:219:191035:332:357191:0:0
996785	TX_ANT	ff	335:0:10:34:1914
996785	PKT	0:222:193667:335:359907:0:0
997784	TX_ANT	ff	337:0:10:20:217
997784	PKT	0:224:199754:337:366050:0:0
998784	TX_ANT	ff	332:0:10:27:778
998784	PKT	0:223:196219:332:356775:0:0
999784	TX_ANT	ff	336:0:9:19:172
999784	PKT	0:223:196399:336:362667:0:0
[VISION][STATUS] FPS=32 | mavi=— kirmizi=— | tespit=BEKLİYOR | kuyruk=0
1000784	TX_ANT	ff	335:0:10:34:1691
1000784	PKT	0:222:194807:335:361047:0:0
1001784	TX_ANT	ff	334:0:10:21:204
1001784	PKT	0:221:193856:334:360068:0:0
1002784	TX_ANT	ff	331:0:10:30:592
1002784	PKT	0:222:196729:331:357257:0:0
1003785	TX_ANT	ff	337:0:10:25:220
1003785	PKT	0:224:198924:337:365220:0:0
1004784	TX_ANT	ff	335:0:10:24:296
1004784	PKT	0:222:195065:335:361305:0:0
1005785	TX_ANT	ff	336:0:10:32:636
1005785	PKT	0:223:195047:336:361315:0:0
[VISION][STATUS] FPS=32 | mavi=(621,18) kirmizi=— | tespit=BEKLİYOR | kuyruk=0
1006784	TX_ANT	ff	335:0:10:23:528
1006784	PKT	0:222:194656:335:360896:0:0
1007784	TX_ANT	ff	336:0:10:21:201
1007784	PKT	0:223:196097:336:362365:0:0
1008784	TX_ANT	ff	331:0:10:22:516
1008784	PKT	0:222:193908:331:354436:0:0
1009784	TX_ANT	ff	336:0:10:29:898
1009784	PKT	0:223:196937:336:363205:0:0
1010784	TX_ANT	ff	337:0:10:24:227
1010784	PKT	0:224:198197:337:364493:0:0
[VISION][STATUS] FPS=32 | mavi=— kirmizi=— | tespit=BEKLİYOR | kuyruk=0
1011784	TX_ANT	ff	336:0:10:22:176
1011784	PKT	0:223:195762:336:362030:0:0
1012784	TX_ANT	ff	335:0:10:26:909
1012784	PKT	0:222:194263:335:360503:0:0
1013784	TX_ANT	ff	336:0:10:32:3593
1013784	PKT	0:223:198647:336:364915:0:0
1014784	TX_ANT	ff	335:0:9:26:1463
1014784	PKT	0:222:193820:335:360060:0:0
1015784	TX_ANT	ff	332:0:10:27:555
1015784	PKT	0:223:196347:332:356903:0:0
[VISION][STATUS] FPS=32 | mavi=— kirmizi=— | tespit=BEKLİYOR | kuyruk=0
1016784	TX_ANT	ff	333:0:10:28:344
1016784	PKT	0:220:191254:333:357438:0:0
1017784	TX_ANT	ff	336:0:10:22:329
1017784	PKT	0:223:196042:336:362310:0:0
1018784	TX_ANT	ff	341:0:10:24:235
1018784	PKT	0:228:204261:341:370669:0:0
1019784	TX_ANT	ff	335:0:9:22:207
1019784	PKT	0:222:193670:335:359910:0:0
1020784	TX_ANT	ff	334:0:10:32:1057
1020784	PKT	0:221:191971:334:358183:0:0
[VISION][STATUS] FPS=32 | mavi=— kirmizi=— | tespit=BEKLİYOR | kuyruk=0
1021784	TX_ANT	ff	336:0:10:21:190
1021784	PKT	0:223:197411:336:363679:0:0
1022785	TX_ANT	ff	332:0:10:28:2514
1022785	PKT	0:223:195995:332:356551:0:0
1023785	TX_ANT	ff	336:0:10:34:1201
1023785	PKT	0:223:199154:336:365422:0:0
1024785	TX_ANT	ff	334:0:10:30:272
1024785	PKT	0:221:194833:334:361045:0:0
1025784	TX_ANT	ff	335:0:10:19:124
1025784	PKT	0:222:192505:335:358745:0:0
[VISION][STATUS] FPS=32 | mavi=— kirmizi=— | tespit=BEKLİYOR | kuyruk=0
1026784	TX_ANT	ff	331:0:10:24:212
1026784	PKT	0:222:193507:331:354035:0:0
1027784	TX_ANT	ff	333:0:10:25:322
1027784	PKT	0:220:191288:333:357472:0:0
1028785	TX_ANT	ff	335:0:10:22:165
1028785	PKT	0:222:192955:335:359195:0:0
1029784	TX_ANT	ff	329:0:10:24:428
1029784	PKT	0:220:191400:329:351872:0:0
1030784	TX_ANT	ff	334:0:10:34:1229
1030784	PKT	0:221:192034:334:358246:0:0
[VISION][STATUS] FPS=32 | mavi=— kirmizi=— | tespit=BEKLİYOR | kuyruk=0
1031784	TX_ANT	ff	338:0:10:25:161
1031784	PKT	0:225:199635:338:365959:0:0
1032784	TX_ANT	ff	335:0:10:22:911
1032784	PKT	0:222:194355:335:360595:0:0
1033784	TX_ANT	ff	337:0:10:25:251
1033784	PKT	0:224:196978:337:363274:0:0
1034784	TX_ANT	ff	337:0:10:38:1387
1034784	PKT	0:224:196346:337:362642:0:0
1035784	TX_ANT	ff	330:0:10:53:3874
1035784	PKT	0:221:192240:330:352740:0:0
[VISION][STATUS] FPS=32 | mavi=— kirmizi=— | tespit=BEKLİYOR | kuyruk=0
1036784	TX_ANT	ff	335:0:10:28:658
1036784	PKT	0:222:194492:335:360732:0:0
1037785	TX_ANT	ff	336:0:10:24:600
1037785	PKT	0:223:195996:336:362264:0:0
1038784	TX_ANT	ff	335:0:10:21:161
1038784	PKT	0:222:193617:335:359857:0:0
1039784	TX_ANT	ff	331:0:10:23:170
1039784	PKT	0:222:193781:331:354309:0:0
1040784	TX_ANT	ff	336:0:11:31:705
1040784	PKT	0:223:197000:336:363268:0:0
[VISION][STATUS] FPS=32 | mavi=— kirmizi=— | tespit=BEKLİYOR | kuyruk=0
1041784	TX_ANT	ff	336:0:10:29:335
1041784	PKT	0:223:195879:336:362147:0:0
1042784	TX_ANT	ff	334:0:10:26:301
1042784	PKT	0:221:193006:334:359218:0:0
1043785	TX_ANT	ff	337:0:10:29:1234
1043785	PKT	0:224:197380:337:363676:0:0
1044785	TX_ANT	ff	330:0:10:36:1272
1044785	PKT	0:221:194017:330:354517:0:0
1045785	TX_ANT	ff	335:0:10:33:884
1045785	PKT	0:222:194907:335:361147:0:0
[VISION][STATUS] FPS=32 | mavi=— kirmizi=— | tespit=BEKLİYOR | kuyruk=0
1046784	TX_ANT	ff	333:0:10:37:948
1046784	PKT	0:220:193683:333:359867:0:0
1047784	TX_ANT	ff	330:0:10:43:1772
1047784	PKT	0:221:191583:330:352083:0:0
1048784	TX_ANT	ff	334:0:10:20:214
1048784	PKT	0:221:193897:334:360109:0:0
1049785	TX_ANT	ff	334:0:9:21:186
1049785	PKT	0:221:193687:334:359899:0:0
1050785	TX_ANT	ff	331:0:10:29:1100
1050785	PKT	0:222:193708:331:354236:0:0
[VISION][STATUS] FPS=32 | mavi=— kirmizi=— | tespit=BEKLİYOR | kuyruk=0
1051784	TX_ANT	ff	335:0:10:27:932
1051784	PKT	0:222:194030:335:360270:0:0
1052784	TX_ANT	ff	335:0:10:28:542
1052784	PKT	0:222:194246:335:360486:0:0
1053784	TX_ANT	ff	336:0:10:28:705
1053784	PKT	0:223:195940:336:362208:0:0
1054784	TX_ANT	ff	337:0:10:33:1159
1054784	PKT	0:224:198899:337:365195:0:0
1055784	TX_ANT	ff	338:0:10:30:598
1055784	PKT	0:225:199594:338:365918:0:0
[VISION][STATUS] FPS=32 | mavi=— kirmizi=— | tespit=BEKLİYOR | kuyruk=0
1056784	TX_ANT	ff	336:0:10:34:851
1056784	PKT	0:223:196153:336:362421:0:0
1057784	TX_ANT	ff	331:0:10:24:814
1057784	PKT	0:222:192697:331:353225:0:0
1058784	TX_ANT	ff	337:0:10:23:436
1058784	PKT	0:224:197611:337:363907:0:0
1059784	TX_ANT	ff	334:0:10:31:1456
1059784	PKT	0:221:191997:334:358209:0:0
1060784	TX_ANT	ff	335:0:9:38:1604
1060784	PKT	0:222:194258:335:360498:0:0
[VISION][STATUS] FPS=32 | mavi=— kirmizi=— | tespit=BEKLİYOR | kuyruk=0
1061784	TX_ANT	ff	335:0:10:26:246
1061784	PKT	0:222:193685:335:359925:0:0
1062784	TX_ANT	ff	330:0:10:23:227
1062784	PKT	0:221:191090:330:351590:0:0
1063785	TX_ANT	ff	335:0:10:21:214
1063785	PKT	0:222:192968:335:359208:0:0
1064784	TX_ANT	ff	337:0:10:22:236
1064784	PKT	0:224:197061:337:363357:0:0
1065784	TX_ANT	ff	334:0:10:28:1242
1065784	PKT	0:221:192682:334:358894:0:0
[VISION][STATUS] FPS=32 | mavi=— kirmizi=— | tespit=BEKLİYOR | kuyruk=0
1066784	TX_ANT	ff	331:0:10:32:1646
1066784	PKT	0:222:194063:331:354591:0:0
1067784	TX_ANT	ff	337:0:10:26:381
1067784	PKT	0:224:198436:337:364732:0:0
1068784	TX_ANT	ff	337:0:10:30:388
1068784	PKT	0:224:197060:337:363356:0:0
1069785	TX_ANT	ff	335:0:10:22:274
1069785	PKT	0:222:194110:335:360350:0:0
1070784	TX_ANT	ff	336:0:9:31:636
1070784	PKT	0:223:194988:336:361256:0:0
[VISION][STATUS] FPS=32 | mavi=— kirmizi=— | tespit=BEKLİYOR | kuyruk=0
1071784	TX_ANT	ff	337:0:10:24:1234
1071784	PKT	0:224:197617:337:363913:0:0
1072784	TX_ANT	ff	337:0:10:21:207
1072784	PKT	0:224:199494:337:365790:0:0
1073784	TX_ANT	ff	335:0:10:25:221
1073784	PKT	0:222:196064:335:362304:0:0
1074784	TX_ANT	ff	329:0:10:35:1194
1074784	PKT	0:220:190615:329:351087:0:0
1075784	TX_ANT	ff	337:0:10:24:367
1075784	PKT	0:224:196510:337:362806:0:0
[VISION][STATUS] FPS=32 | mavi=— kirmizi=— | tespit=BEKLİYOR | kuyruk=0
1076784	TX_ANT	ff	338:0:10:25:170
1076784	PKT	0:225:198722:338:365046:0:0
1077784	TX_ANT	ff	335:0:10:27:853
1077784	PKT	0:222:193912:335:360152:0:0
1078784	TX_ANT	ff	336:0:10:25:227
1078784	PKT	0:223:194877:336:361145:0:0
1079784	TX_ANT	ff	337:0:10:19:115
1079784	PKT	0:224:198418:337:364714:0:0
1080784	TX_ANT	ff	335:0:10:27:906
1080784	PKT	0:222:194317:335:360557:0:0
[VISION][STATUS] FPS=32 | mavi=— kirmizi=— | tespit=BEKLİYOR | kuyruk=0
1081784	TX_ANT	ff	337:0:10:41:1858
1081784	PKT	0:224:197337:337:363633:0:0
1082786	TX_ANT	ff	336:0:10:27:899
1082786	PKT	0:223:195018:336:361286:0:0
1083784	TX_ANT	ff	337:0:10:23:186
1083784	PKT	0:224:197108:337:363404:0:0
1084784	TX_ANT	ff	337:0:9:23:193
1084784	PKT	0:224:196631:337:362927:0:0
1085784	TX_ANT	ff	332:0:10:21:240
1085784	PKT	0:223:194413:332:354969:0:0
[VISION][STATUS] FPS=32 | mavi=(541,102) kirmizi=— | tespit=BEKLİYOR | kuyruk=0
1086784	TX_ANT	ff	336:0:9:28:1080
1086784	PKT	0:223:195419:336:361687:0:0
1087784	TX_ANT	ff	336:0:10:33:891
1087784	PKT	0:223:196199:336:362467:0:0
1088784	TX_ANT	ff	335:0:10:34:1582
1088784	PKT	0:222:194264:335:360504:0:0
1089784	TX_ANT	ff	335:0:10:37:1535
1089784	PKT	0:222:193963:335:360203:0:0
1090784	TX_ANT	ff	338:0:10:22:324
1090784	PKT	0:225:197990:338:364314:0:0
[VISION][STATUS] FPS=32 | mavi=— kirmizi=— | tespit=BEKLİYOR | kuyruk=0
1091784	TX_ANT	ff	336:0:10:35:407
1091784	PKT	0:223:197584:336:363852:0:0
1092784	TX_ANT	ff	337:0:9:23:196
1092784	PKT	0:224:198469:337:364765:0:0
1093785	TX_ANT	ff	338:0:10:24:927
1093785	PKT	0:225:198619:338:364943:0:0
1094784	TX_ANT	ff	337:0:10:19:181
1094784	PKT	0:224:197323:337:363619:0:0
1095785	TX_ANT	ff	341:0:10:21:629
1095785	PKT	0:228:203658:341:370066:0:0
[VISION][STATUS] FPS=32 | mavi=— kirmizi=— | tespit=BEKLİYOR | kuyruk=0
1096784	TX_ANT	ff	338:0:10:20:220
1096784	PKT	0:225:200164:338:366488:0:0
1097784	TX_ANT	ff	334:0:10:24:349
1097784	PKT	0:221:192693:334:358905:0:0
1098784	TX_ANT	ff	336:0:10:35:1263
1098784	PKT	0:223:197529:336:363797:0:0
1099784	TX_ANT	ff	336:0:10:44:558
1099784	PKT	0:223:195424:336:361692:0:0
1100784	TX_ANT	ff	337:0:10:22:393
1100784	PKT	0:224:195188:337:361484:0:0
[VISION][STATUS] FPS=32 | mavi=— kirmizi=— | tespit=BEKLİYOR | kuyruk=0
1101784	TX_ANT	ff	336:0:10:37:2204
1101784	PKT	0:223:197181:336:363449:0:0
1102785	TX_ANT	ff	331:0:10:20:169
1102785	PKT	0:222:192998:331:353526:0:0
1103784	TX_ANT	ff	335:0:10:25:441
1103784	PKT	0:222:193217:335:359457:0:0
1104784	TX_ANT	ff	339:0:10:39:1521
1104784	PKT	0:226:200605:339:366957:0:0
1105784	TX_ANT	ff	337:0:10:41:1319
1105784	PKT	0:224:198821:337:365117:0:0
[VISION][STATUS] FPS=32 | mavi=— kirmizi=— | tespit=BEKLİYOR | kuyruk=0
1106784	TX_ANT	ff	335:0:10:32:1985
1106784	PKT	0:222:192655:335:358895:0:0
1107784	TX_ANT	ff	345:0:10:31:1131
1107784	PKT	0:228:203472:345:375592:0:0
1108784	TX_ANT	ff	329:0:10:23:197
1108784	PKT	0:220:191335:329:351807:0:0
1109785	TX_ANT	ff	338:0:10:20:179
1109785	PKT	0:225:198725:338:365049:0:0
1110784	TX_ANT	ff	336:0:10:22:732
1110784	PKT	0:223:195395:336:361663:0:0
[VISION][STATUS] FPS=33 | mavi=— kirmizi=— | tespit=BEKLİYOR | kuyruk=0
1111784	TX_ANT	ff	336:0:10:27:2218
1111784	PKT	0:223:195986:336:362254:0:0
1112784	TX_ANT	ff	337:0:10:28:411
1112784	PKT	0:224:196952:337:363248:0:0
1113784	TX_ANT	ff	337:0:9:19:156
1113784	PKT	0:224:196393:337:362689:0:0
1114784	TX_ANT	ff	335:0:10:22:321
1114784	PKT	0:222:192878:335:359118:0:0
1115786	TX_ANT	ff	338:0:10:19:171
1115786	PKT	0:225:199291:338:365615:0:0
[VISION][STATUS] FPS=32 | mavi=— kirmizi=— | tespit=BEKLİYOR | kuyruk=0
1116785	TX_ANT	ff	336:0:10:22:545
1116785	PKT	0:223:196405:336:362673:0:0
1117784	TX_ANT	ff	336:0:10:21:500
1117784	PKT	0:223:196153:336:362421:0:0
1118784	TX_ANT	ff	339:0:10:26:214
1118784	PKT	0:226:200475:339:366827:0:0
1119784	TX_ANT	ff	338:0:9:24:744
1119784	PKT	0:225:197949:338:364273:0:0
1120784	TX_ANT	ff	336:0:10:22:180
1120784	PKT	0:223:195014:336:361282:0:0
[VISION][STATUS] FPS=32 | mavi=— kirmizi=— | tespit=BEKLİYOR | kuyruk=0
1121784	TX_ANT	ff	329:0:10:20:124
1121784	PKT	0:220:191083:329:351555:0:0
1122785	TX_ANT	ff	344:0:10:32:957
1122785	PKT	0:227:202467:344:374559:0:0
1123784	TX_ANT	ff	337:0:10:19:212
1123784	PKT	0:224:198116:337:364412:0:0
1124784	TX_ANT	ff	339:0:10:19:132
1124784	PKT	0:226:202700:339:369052:0:0
1125785	TX_ANT	ff	345:0:9:26:760
1125785	PKT	0:228:200740:345:372860:0:0
[VISION][STATUS] FPS=33 | mavi=— kirmizi=— | tespit=BEKLİYOR | kuyruk=0
1126784	TX_ANT	ff	332:0:10:43:3779
1126784	PKT	0:223:196423:332:356979:0:0
1127784	TX_ANT	ff	336:0:10:31:1947
1127784	PKT	0:223:194273:336:360541:0:0
1128784	TX_ANT	ff	334:0:10:28:235
1128784	PKT	0:221:192449:334:358661:0:0
1129784	TX_ANT	ff	337:0:10:33:1141
1129784	PKT	0:224:196681:337:362977:0:0
1130784	TX_ANT	ff	338:0:10:40:4602
1130784	PKT	0:225:199975:338:366299:0:0
[VISION][STATUS] FPS=32 | mavi=— kirmizi=— | tespit=BEKLİYOR | kuyruk=0
1131784	TX_ANT	ff	336:0:10:22:161
1131784	PKT	0:223:195388:336:361656:0:0
1132784	TX_ANT	ff	338:0:10:24:304
1132784	PKT	0:225:197785:338:364109:0:0
1133785	TX_ANT	ff	334:0:10:21:258
1133785	PKT	0:221:191653:334:357865:0:0
1134784	TX_ANT	ff	339:0:10:25:481
1134784	PKT	0:226:200515:339:366867:0:0
1135784	TX_ANT	ff	336:0:10:31:1324
1135784	PKT	0:223:196615:336:362883:0:0
[VISION][STATUS] FPS=32 | mavi=— kirmizi=— | tespit=BEKLİYOR | kuyruk=0
1136784	TX_ANT	ff	337:0:10:21:158
1136784	PKT	0:224:197758:337:364054:0:0
1137784	TX_ANT	ff	330:0:10:21:303
1137784	PKT	0:221:192961:330:353461:0:0
1138784	TX_ANT	ff	335:0:10:35:1405
1138784	PKT	0:222:193455:335:359695:0:0
1139785	TX_ANT	ff	335:0:10:23:211
1139785	PKT	0:222:193728:335:359968:0:0
1140784	TX_ANT	ff	337:0:10:25:214
1140784	PKT	0:224:197844:337:364140:0:0
[VISION][STATUS] FPS=32 | mavi=— kirmizi=— | tespit=BEKLİYOR | kuyruk=0
1141784	TX_ANT	ff	329:0:10:37:1715
1141784	PKT	0:220:190485:329:350957:0:0
1142785	TX_ANT	ff	336:0:10:39:614
1142785	PKT	0:223:196269:336:362537:0:0
1143784	TX_ANT	ff	335:0:10:30:560
1143784	PKT	0:222:192719:335:358959:0:0
1144784	TX_ANT	ff	334:0:9:39:1416
1144784	PKT	0:221:192014:334:358226:0:0
1145785	TX_ANT	ff	331:0:10:26:288
1145785	PKT	0:222:193504:331:354032:0:0
[VISION][STATUS] FPS=32 | mavi=— kirmizi=— | tespit=BEKLİYOR | kuyruk=0
1146785	TX_ANT	ff	335:0:10:19:124
1146785	PKT	0:222:192824:335:359064:0:0
1147785	TX_ANT	ff	337:0:10:24:1439
1147785	PKT	0:224:196056:337:362352:0:0
1148784	TX_ANT	ff	336:0:10:35:934
1148784	PKT	0:223:193527:336:359795:0:0
1149784	TX_ANT	ff	335:0:10:26:320
1149784	PKT	0:222:192988:335:359228:0:0
1150784	TX_ANT	ff	335:0:10:22:176
1150784	PKT	0:222:193199:335:359439:0:0
[VISION][STATUS] FPS=32 | mavi=— kirmizi=— | tespit=BEKLİYOR | kuyruk=0
1151784	TX_ANT	ff	331:0:10:22:142
1151784	PKT	0:222:194374:331:354902:0:0
1152784	TX_ANT	ff	336:0:10:30:752
1152784	PKT	0:223:195195:336:361463:0:0
1153785	TX_ANT	ff	337:0:10:26:235
1153785	PKT	0:224:196080:337:362376:0:0
1154786	TX_ANT	ff	336:0:9:21:349
1154786	PKT	0:223:193808:336:360076:0:0
1155784	TX_ANT	ff	337:0:10:21:182
1155784	PKT	0:224:194978:337:361274:0:0
[VISION][STATUS] FPS=32 | mavi=— kirmizi=— | tespit=BEKLİYOR | kuyruk=0
1156784	TX_ANT	ff	336:0:10:23:286
1156784	PKT	0:223:195379:336:361647:0:0
1157784	TX_ANT	ff	337:0:10:23:287
1157784	PKT	0:224:195894:337:362190:0:0
1158784	TX_ANT	ff	334:0:10:35:1038
1158784	PKT	0:221:190529:334:356741:0:0
1159784	TX_ANT	ff	337:0:10:33:794
1159784	PKT	0:224:196131:337:362427:0:0
1160784	TX_ANT	ff	331:0:10:19:163
1160784	PKT	0:222:193742:331:354270:0:0
[VISION][STATUS] FPS=32 | mavi=— kirmizi=— | tespit=BEKLİYOR | kuyruk=0
1161785	TX_ANT	ff	336:0:10:19:141
1161785	PKT	0:223:195152:336:361420:0:0
1162784	TX_ANT	ff	334:0:10:29:892
1162784	PKT	0:221:191393:334:357605:0:0
1163784	TX_ANT	ff	338:0:10:36:648
1163784	PKT	0:225:197450:338:363774:0:0
1164784	TX_ANT	ff	336:0:9:21:297
1164784	PKT	0:223:194619:336:360887:0:0
1165784	TX_ANT	ff	336:0:10:28:978
1165784	PKT	0:223:195234:336:361502:0:0
[VISION][STATUS] FPS=32 | mavi=— kirmizi=— | tespit=BEKLİYOR | kuyruk=0
1166784	TX_ANT	ff	339:0:10:23:200
1166784	PKT	0:226:200098:339:366450:0:0
1167785	TX_ANT	ff	334:0:10:21:182
1167785	PKT	0:221:191312:334:357524:0:0
1168784	TX_ANT	ff	329:0:10:28:1835
1168784	PKT	0:220:189211:329:349683:0:0
1169784	TX_ANT	ff	336:0:10:26:326
1169784	PKT	0:223:194198:336:360466:0:0
1170784	TX_ANT	ff	329:0:10:28:653
1170784	PKT	0:220:191008:329:351480:0:0
[VISION][STATUS] FPS=32 | mavi=— kirmizi=— | tespit=BEKLİYOR | kuyruk=0
1171784	TX_ANT	ff	334:0:10:26:735
1171784	PKT	0:221:190879:334:357091:0:0
1172784	TX_ANT	ff	335:0:10:22:152
1172784	PKT	0:222:193297:335:359537:0:0
1173784	TX_ANT	ff	335:0:10:32:324
1173784	PKT	0:222:193363:335:359603:0:0
1174786	TX_ANT	ff	330:0:10:24:245
1174786	PKT	0:221:193340:330:353840:0:0
1175784	TX_ANT	ff	335:0:10:30:3909
1175784	PKT	0:222:193758:335:359998:0:0
[VISION][STATUS] FPS=32 | mavi=— kirmizi=— | tespit=BEKLİYOR | kuyruk=0
1176784	TX_ANT	ff	335:0:10:24:824
1176784	PKT	0:222:194166:335:360406:0:0
1177784	TX_ANT	ff	336:0:10:24:305
1177784	PKT	0:223:193556:336:359824:0:0
1178785	TX_ANT	ff	343:0:9:22:230
1178785	PKT	0:230:204610:343:371074:0:0
1179784	TX_ANT	ff	332:0:9:21:191
1179784	PKT	0:219:191603:332:357759:0:0
1180784	TX_ANT	ff	330:0:10:21:206
1180784	PKT	0:221:190015:330:350515:0:0
[VISION][STATUS] FPS=32 | mavi=— kirmizi=— | tespit=BEKLİYOR | kuyruk=0
1181784	TX_ANT	ff	334:0:10:23:205
1181784	PKT	0:221:190423:334:356635:0:0
1182784	TX_ANT	ff	335:0:10:30:1927
1182784	PKT	0:222:194164:335:360404:0:0
1183785	TX_ANT	ff	330:0:10:34:534
1183785	PKT	0:221:190828:330:351328:0:0
1184784	TX_ANT	ff	336:0:10:20:176
1184784	PKT	0:223:196162:336:362430:0:0
1185785	TX_ANT	ff	334:0:9:21:193
1185785	PKT	0:221:192445:334:358657:0:0
[VISION][STATUS] FPS=32 | mavi=— kirmizi=— | tespit=BEKLİYOR | kuyruk=0
1186785	TX_ANT	ff	335:0:10:22:238
1186785	PKT	0:222:192757:335:358997:0:0
1187784	TX_ANT	ff	331:0:10:21:243
1187784	PKT	0:222:193328:331:353856:0:0
1188784	TX_ANT	ff	344:0:10:23:650
1188784	PKT	0:227:200038:344:372130:0:0
1189784	TX_ANT	ff	331:0:10:23:387
1189784	PKT	0:222:194785:331:355313:0:0
1190785	TX_ANT	ff	336:0:10:32:1181
1190785	PKT	0:223:195190:336:361458:0:0
[VISION][STATUS] FPS=32 | mavi=— kirmizi=— | tespit=BEKLİYOR | kuyruk=0
1191784	TX_ANT	ff	335:0:9:22:234
1191784	PKT	0:222:193652:335:359892:0:0
1192784	TX_ANT	ff	336:0:10:26:227
1192784	PKT	0:223:194754:336:361022:0:0
1193784	TX_ANT	ff	336:0:10:28:557
1193784	PKT	0:223:194208:336:360476:0:0
1194784	TX_ANT	ff	335:0:10:28:834
1194784	PKT	0:222:193310:335:359550:0:0
1195788	TX_ANT	ff	332:0:9:21:167
1195788	PKT	0:223:193139:332:353695:0:0
[VISION][STATUS] FPS=32 | mavi=— kirmizi=— | tespit=BEKLİYOR | kuyruk=0
1196784	TX_ANT	ff	337:0:10:24:834
1196784	PKT	0:224:195620:337:361916:0:0
1197784	TX_ANT	ff	334:0:9:23:1129
1197784	PKT	0:221:191794:334:358006:0:0
1198784	TX_ANT	ff	336:0:10:21:233
1198784	PKT	0:223:195416:336:361684:0:0
1199784	TX_ANT	ff	339:0:10:19:136
1199784	PKT	0:226:201364:339:367716:0:0
1200785	TX_ANT	ff	335:0:10:25:235
1200785	PKT	0:222:191713:335:357953:0:0
[VISION][STATUS] FPS=32 | mavi=— kirmizi=— | tespit=BEKLİYOR | kuyruk=0
1201784	TX_ANT	ff	335:0:10:30:1456
1201784	PKT	0:222:194113:335:360353:0:0
1202784	TX_ANT	ff	337:0:10:23:774
1202784	PKT	0:224:196824:337:363120:0:0
1203784	TX_ANT	ff	331:0:10:25:592
1203784	PKT	0:222:193524:331:354052:0:0
1204785	TX_ANT	ff	335:0:10:37:1597
1204785	PKT	0:222:192096:335:358336:0:0
1205784	TX_ANT	ff	336:0:10:33:1118
1205784	PKT	0:223:194497:336:360765:0:0
[VISION][STATUS] FPS=32 | mavi=— kirmizi=— | tespit=BEKLİYOR | kuyruk=0
1206785	TX_ANT	ff	335:0:10:20:174
1206785	PKT	0:222:195701:335:361941:0:0
1207784	TX_ANT	ff	337:0:10:27:379
1207784	PKT	0:224:196175:337:362471:0:0
1208784	TX_ANT	ff	339:0:9:21:204
1208784	PKT	0:226:201288:339:367640:0:0
1209784	TX_ANT	ff	339:0:10:21:355
1209784	PKT	0:226:201869:339:368221:0:0
1210784	TX_ANT	ff	337:0:10:32:851
1210784	PKT	0:224:197623:337:363919:0:0
[VISION][STATUS] FPS=32 | mavi=— kirmizi=— | tespit=BEKLİYOR | kuyruk=0
1211787	TX_ANT	ff	336:0:10:42:678
1211787	PKT	0:223:195125:336:361393:0:0
1212784	TX_ANT	ff	344:0:10:29:1163
1212784	PKT	0:227:200759:344:372851:0:0
1213784	TX_ANT	ff	331:0:10:25:1205
1213784	PKT	0:222:194671:331:355199:0:0
1214784	TX_ANT	ff	335:0:10:29:1301
1214784	PKT	0:222:192375:335:358615:0:0
1215784	TX_ANT	ff	337:0:9:29:554
1215784	PKT	0:224:197550:337:363846:0:0
[VISION][STATUS] FPS=32 | mavi=— kirmizi=— | tespit=BEKLİYOR | kuyruk=0
1216784	TX_ANT	ff	336:0:10:23:242
1216784	PKT	0:223:195482:336:361750:0:0
1217784	TX_ANT	ff	338:0:10:22:787
1217784	PKT	0:225:197414:338:363738:0:0
1218784	TX_ANT	ff	340:0:10:26:503
1218784	PKT	0:227:199615:340:365995:0:0
1219784	TX_ANT	ff	334:0:10:27:883
1219784	PKT	0:221:192021:334:358233:0:0
1220785	TX_ANT	ff	339:0:10:25:963
1220785	PKT	0:226:198239:339:364591:0:0
1221785	TX_ANT	ff	336:0:10:25:849
1221785	PKT	0:223:193893:336:360161:0:0
[VISION][STATUS] FPS=32 | mavi=— kirmizi=— | tespit=BEKLİYOR | kuyruk=0
1222784	TX_ANT	ff	334:0:10:30:522
1222784	PKT	0:221:191831:334:358043:0:0
1223784	TX_ANT	ff	330:0:10:40:848
1223784	PKT	0:221:190559:330:351059:0:0
1224785	TX_ANT	ff	337:0:10:30:1220
1224785	PKT	0:224:197004:337:363300:0:0
1225787	TX_ANT	ff	337:0:10:24:223
1225787	PKT	0:224:197047:337:363343:0:0
1226785	TX_ANT	ff	337:0:10:22:204
1226785	PKT	0:224:195842:337:362138:0:0
[VISION][STATUS] FPS=32 | mavi=— kirmizi=— | tespit=BEKLİYOR | kuyruk=0
1227784	TX_ANT	ff	335:0:10:42:1669
1227784	PKT	0:222:194188:335:360428:0:0
1228784	TX_ANT	ff	337:0:10:21:183
1228784	PKT	0:224:197208:337:363504:0:0
1229784	TX_ANT	ff	338:0:10:27:1298
1229784	PKT	0:225:198368:338:364692:0:0
1230784	TX_ANT	ff	334:0:9:20:184
1230784	PKT	0:221:193716:334:359928:0:0
1231784	TX_ANT	ff	334:0:10:32:1808
1231784	PKT	0:221:191941:334:358153:0:0
[VISION][STATUS] FPS=32 | mavi=— kirmizi=— | tespit=BEKLİYOR | kuyruk=0
1232785	TX_ANT	ff	330:0:10:23:253
1232785	PKT	0:221:191454:330:351954:0:0
1233784	TX_ANT	ff	336:0:10:23:941
1233784	PKT	0:223:196854:336:363122:0:0
1234784	TX_ANT	ff	336:0:10:29:1083
1234784	PKT	0:223:196778:336:363046:0:0
1235784	TX_ANT	ff	338:0:10:23:1327
1235784	PKT	0:225:199179:338:365503:0:0
1236784	TX_ANT	ff	335:0:10:20:187
1236784	PKT	0:222:193145:335:359385:0:0
[VISION][STATUS] FPS=32 | mavi=— kirmizi=— | tespit=BEKLİYOR | kuyruk=0
1237785	TX_ANT	ff	336:0:10:20:239
1237785	PKT	0:224:195181:336:361389:0:0
1238784	TX_ANT	ff	339:0:10:21:225
1238784	PKT	0:226:199153:339:365505:0:0
1239784	TX_ANT	ff	328:0:10:21:199
1239784	PKT	0:219:189391:328:349835:0:0
1240785	TX_ANT	ff	334:0:10:19:183
1240785	PKT	0:221:190724:334:356936:0:0
1241784	TX_ANT	ff	339:0:10:22:192
1241784	PKT	0:226:200228:339:366580:0:0
[VISION][STATUS] FPS=32 | mavi=— kirmizi=— | tespit=BEKLİYOR | kuyruk=0
1242784	TX_ANT	ff	336:0:10:36:2081
1242784	PKT	0:223:194765:336:361033:0:0
1243785	TX_ANT	ff	335:0:10:20:199
1243785	PKT	0:222:193248:335:359488:0:0
1244785	TX_ANT	ff	338:0:10:23:555
1244785	PKT	0:225:199642:338:365966:0:0
1245785	TX_ANT	ff	338:0:10:23:264
1245785	PKT	0:225:199733:338:366057:0:0
1246784	TX_ANT	ff	339:0:10:26:209
1246784	PKT	0:226:202446:339:368798:0:0
[VISION][STATUS] FPS=32 | mavi=— kirmizi=— | tespit=BEKLİYOR | kuyruk=0
1247784	TX_ANT	ff	337:0:10:22:197
1247784	PKT	0:224:197548:337:363844:0:0
1248784	TX_ANT	ff	337:0:10:29:836
1248784	PKT	0:224:195426:337:361722:0:0
1249784	TX_ANT	ff	337:0:10:40:2272
1249784	PKT	0:224:195390:337:361686:0:0
1250784	TX_ANT	ff	336:0:9:22:870
1250784	PKT	0:223:193456:336:359724:0:0
1251787	TX_ANT	ff	335:0:10:19:176
1251787	PKT	0:222:193331:335:359571:0:0
[VISION][STATUS] FPS=32 | mavi=— kirmizi=— | tespit=BEKLİYOR | kuyruk=0
1252784	TX_ANT	ff	328:0:10:23:488
1252784	PKT	0:219:189605:328:350049:0:0
1253784	TX_ANT	ff	337:0:10:24:1452
1253784	PKT	0:224:194983:337:361279:0:0
1254784	TX_ANT	ff	335:0:9:40:1171
1254784	PKT	0:222:192369:335:358609:0:0
1255784	TX_ANT	ff	336:0:10:29:323
1255784	PKT	0:223:194107:336:360375:0:0
1256784	TX_ANT	ff	334:0:10:20:321
1256784	PKT	0:221:189051:334:355263:0:0
[VISION][STATUS] FPS=32 | mavi=— kirmizi=— | tespit=BEKLİYOR | kuyruk=0
1257784	TX_ANT	ff	336:0:10:22:195
1257784	PKT	0:223:195100:336:361368:0:0
1258785	TX_ANT	ff	330:0:10:22:244
1258785	PKT	0:221:189887:330:350387:0:0
1259784	TX_ANT	ff	336:0:10:27:1006
1259784	PKT	0:223:192749:336:359017:0:0
1260784	TX_ANT	ff	336:0:10:22:177
1260784	PKT	0:223:194075:336:360343:0:0
1261784	TX_ANT	ff	329:0:10:29:238
1261784	PKT	0:220:191703:329:352175:0:0
[VISION][STATUS] FPS=32 | mavi=— kirmizi=— | tespit=BEKLİYOR | kuyruk=0
1262784	TX_ANT	ff	335:0:10:32:810
1262784	PKT	0:222:195011:335:361251:0:0
1263784	TX_ANT	ff	337:0:10:33:1334
1263784	PKT	0:224:196188:337:362484:0:0
1264784	TX_ANT	ff	336:0:10:33:1378
1264784	PKT	0:223:195436:336:361704:0:0
1265784	TX_ANT	ff	335:0:10:31:1788
1265784	PKT	0:222:191051:335:357291:0:0
1266784	TX_ANT	ff	330:0:10:24:222
1266784	PKT	0:221:191402:330:351902:0:0
[VISION][STATUS] FPS=32 | mavi=— kirmizi=— | tespit=BEKLİYOR | kuyruk=0
1267784	TX_ANT	ff	334:0:10:19:126
1267784	PKT	0:221:190276:334:356488:0:0
1268784	TX_ANT	ff	334:0:10:25:259
1268784	PKT	0:221:189716:334:355928:0:0
1269784	TX_ANT	ff	337:0:10:35:932
1269784	PKT	0:224:196244:337:362540:0:0
1270784	TX_ANT	ff	336:0:10:24:181
1270784	PKT	0:223:193654:336:359922:0:0
1271784	TX_ANT	ff	328:0:10:22:780
1271784	PKT	0:219:188547:328:348991:0:0
[VISION][STATUS] FPS=32 | mavi=— kirmizi=— | tespit=BEKLİYOR | kuyruk=0
1272785	TX_ANT	ff	334:0:10:20:178
1272785	PKT	0:221:191310:334:357522:0:0
1273784	TX_ANT	ff	331:0:10:27:508
1273784	PKT	0:222:192869:331:353397:0:0
1274784	TX_ANT	ff	335:0:10:25:324
1274784	PKT	0:222:192782:335:359022:0:0
1275784	TX_ANT	ff	335:0:10:19:178
1275784	PKT	0:222:192201:335:358441:0:0
1276784	TX_ANT	ff	329:0:10:26:408
1276784	PKT	0:220:189549:329:350021:0:0
[VISION][STATUS] FPS=32 | mavi=— kirmizi=— | tespit=BEKLİYOR | kuyruk=0
1277784	TX_ANT	ff	333:0:10:29:1229
1277784	PKT	0:220:191703:333:357887:0:0
1278784	TX_ANT	ff	335:0:10:28:1024
1278784	PKT	0:222:192135:335:358375:0:0
1279784	TX_ANT	ff	337:0:10:25:884
1279784	PKT	0:224:194367:337:360663:0:0
1280785	TX_ANT	ff	338:0:10:24:1265
1280785	PKT	0:225:200323:338:366647:0:0
1281784	TX_ANT	ff	337:0:10:24:298
1281784	PKT	0:224:197038:337:363334:0:0
[VISION][STATUS] FPS=32 | mavi=— kirmizi=— | tespit=BEKLİYOR | kuyruk=0
1282784	TX_ANT	ff	331:0:10:21:244
1282784	PKT	0:222:193445:331:353973:0:0
1283784	TX_ANT	ff	342:0:10:33:1143
1283784	PKT	0:225:198285:342:370321:0:0
1284784	TX_ANT	ff	332:0:10:34:677
1284784	PKT	0:223:193905:332:354461:0:0
1285784	TX_ANT	ff	335:0:10:27:211
1285784	PKT	0:222:191977:335:358217:0:0
1286785	TX_ANT	ff	338:0:10:22:168
1286785	PKT	0:225:203692:338:370016:0:0
[VISION][STATUS] FPS=32 | mavi=— kirmizi=— | tespit=BEKLİYOR | kuyruk=0
1287785	TX_ANT	ff	336:0:10:19:121
1287785	PKT	0:223:197695:336:363963:0:0
1288784	TX_ANT	ff	338:0:10:20:130
1288784	PKT	0:225:198055:338:364379:0:0
1289785	TX_ANT	ff	335:0:10:20:267
1289785	PKT	0:222:193230:335:359470:0:0
1290784	TX_ANT	ff	337:0:10:23:194
1290784	PKT	0:224:198787:337:365083:0:0
1291784	TX_ANT	ff	340:0:10:35:1119
1291784	PKT	0:227:201365:340:367745:0:0
[VISION][STATUS] FPS=32 | mavi=— kirmizi=— | tespit=BEKLİYOR | kuyruk=0
1292785	TX_ANT	ff	344:0:10:20:176
1292785	PKT	0:227:202454:344:374546:0:0
1293784	TX_ANT	ff	335:0:10:24:711
1293784	PKT	0:222:191358:335:357598:0:0
1294784	TX_ANT	ff	337:0:10:22:175
1294784	PKT	0:224:197838:337:364134:0:0
1295784	TX_ANT	ff	329:0:10:26:273
1295784	PKT	0:220:191411:329:351883:0:0
1296785	TX_ANT	ff	338:0:10:20:178
1296785	PKT	0:225:195771:338:362095:0:0
[VISION][STATUS] FPS=32 | mavi=— kirmizi=— | tespit=BEKLİYOR | kuyruk=0
1297784	TX_ANT	ff	333:0:10:24:1095
1297784	PKT	0:220:190543:333:356727:0:0
1298784	TX_ANT	ff	337:0:10:31:1208
1298784	PKT	0:224:196036:337:362332:0:0
1299784	TX_ANT	ff	331:0:10:23:223
1299784	PKT	0:222:191647:331:352175:0:0
1300784	TX_ANT	ff	334:0:10:21:188
1300784	PKT	0:221:189785:334:355997:0:0
1301784	TX_ANT	ff	334:0:10:20:122
1301784	PKT	0:221:191183:334:357395:0:0
[VISION][STATUS] FPS=32 | mavi=— kirmizi=— | tespit=BEKLİYOR | kuyruk=0
1302784	TX_ANT	ff	331:0:10:27:439
1302784	PKT	0:222:191563:331:352091:0:0
1303784	TX_ANT	ff	336:0:10:24:297
1303784	PKT	0:223:194410:336:360678:0:0
1304785	TX_ANT	ff	334:0:10:21:154
1304785	PKT	0:221:190543:334:356755:0:0
1305784	TX_ANT	ff	334:0:10:39:2014
1305784	PKT	0:221:192468:334:358680:0:0
1306784	TX_ANT	ff	330:0:10:26:276
1306784	PKT	0:221:190900:330:351400:0:0
[VISION][STATUS] FPS=32 | mavi=— kirmizi=— | tespit=BEKLİYOR | kuyruk=0
1307784	TX_ANT	ff	334:0:9:24:299
1307784	PKT	0:221:192277:334:358489:0:0
1308784	TX_ANT	ff	338:0:10:26:1168
1308784	PKT	0:225:198374:338:364698:0:0
1309784	TX_ANT	ff	335:0:10:24:318
1309784	PKT	0:222:193381:335:359621:0:0
1310784	TX_ANT	ff	337:0:10:40:1128
1310784	PKT	0:224:195619:337:361915:0:0
1311786	TX_ANT	ff	337:0:10:26:432
1311786	PKT	0:224:197288:337:363584:0:0
[VISION][STATUS] FPS=32 | mavi=— kirmizi=— | tespit=BEKLİYOR | kuyruk=0
1312785	TX_ANT	ff	337:0:10:29:1559
1312785	PKT	0:224:195750:337:362046:0:0
1313784	TX_ANT	ff	331:0:10:20:184
1313784	PKT	0:222:192521:331:353049:0:0
1314784	TX_ANT	ff	335:0:10:27:1533
1314784	PKT	0:222:192286:335:358526:0:0
1315785	TX_ANT	ff	336:0:10:24:1144
1315785	PKT	0:223:193895:336:360163:0:0
1316784	TX_ANT	ff	335:0:10:21:509
1316784	PKT	0:222:192901:335:359141:0:0
[VISION][STATUS] FPS=32 | mavi=— kirmizi=— | tespit=BEKLİYOR | kuyruk=0
1317784	TX_ANT	ff	330:0:10:19:141
1317784	PKT	0:221:192473:330:352973:0:0
1318785	TX_ANT	ff	337:0:10:25:335
1318785	PKT	0:224:195219:337:361515:0:0
1319785	TX_ANT	ff	337:0:10:20:138
1319785	PKT	0:224:194987:337:361283:0:0
1320784	TX_ANT	ff	333:0:10:19:173
1320784	PKT	0:220:191541:333:357725:0:0
1321784	TX_ANT	ff	338:0:9:19:199
1321784	PKT	0:225:197751:338:364075:0:0
[VISION][STATUS] FPS=32 | mavi=— kirmizi=— | tespit=BEKLİYOR | kuyruk=0
1322784	TX_ANT	ff	336:0:9:22:285
1322784	PKT	0:223:196049:336:362317:0:0
1323784	TX_ANT	ff	336:0:10:31:882
1323784	PKT	0:223:197039:336:363307:0:0
1324785	TX_ANT	ff	335:0:10:30:2136
1324785	PKT	0:222:191947:335:358187:0:0
1325784	TX_ANT	ff	330:0:9:22:277
1325784	PKT	0:221:194280:330:354780:0:0
1326785	TX_ANT	ff	337:0:10:21:162
1326785	PKT	0:224:196560:337:362856:0:0
[VISION][STATUS] FPS=32 | mavi=(541,102) kirmizi=— | tespit=BEKLİYOR | kuyruk=0
1327784	TX_ANT	ff	336:0:10:20:299
1327784	PKT	0:223:193125:336:359393:0:0
1328785	TX_ANT	ff	333:0:10:25:327
1328785	PKT	0:220:190347:333:356531:0:0
1329784	TX_ANT	ff	331:0:10:26:400
1329784	PKT	0:222:191947:331:352475:0:0
1330784	TX_ANT	ff	334:0:10:30:756
1330784	PKT	0:221:191210:334:357422:0:0
1331785	TX_ANT	ff	336:0:10:19:166
1331785	PKT	0:223:195797:336:362065:0:0
[VISION][STATUS] FPS=32 | mavi=— kirmizi=— | tespit=BEKLİYOR | kuyruk=0
1332784	TX_ANT	ff	336:0:10:19:207
1332784	PKT	0:223:193994:336:360262:0:0
1333784	TX_ANT	ff	330:0:10:23:186
1333784	PKT	0:221:189918:330:350418:0:0
1334784	TX_ANT	ff	335:0:10:27:431
1334784	PKT	0:222:192295:335:358535:0:0
1335785	TX_ANT	ff	335:0:10:24:903
1335785	PKT	0:222:193347:335:359587:0:0
1336785	TX_ANT	ff	330:0:10:33:2707
1336785	PKT	0:221:190472:330:350972:0:0
[VISION][STATUS] FPS=32 | mavi=— kirmizi=— | tespit=BEKLİYOR | kuyruk=0
1337784	TX_ANT	ff	336:0:9:24:318
1337784	PKT	0:223:194239:336:360507:0:0
1338784	TX_ANT	ff	336:0:10:29:740
1338784	PKT	0:223:195433:336:361701:0:0
1339785	TX_ANT	ff	335:0:10:27:1886
1339785	PKT	0:222:192373:335:358613:0:0
1340784	TX_ANT	ff	338:0:10:23:207
1340784	PKT	0:225:197153:338:363477:0:0
1341784	TX_ANT	ff	338:0:10:23:1181
1341784	PKT	0:225:199633:338:365957:0:0
[VISION][STATUS] FPS=32 | mavi=— kirmizi=— | tespit=BEKLİYOR | kuyruk=0
1342785	TX_ANT	ff	336:0:10:29:655
1342785	PKT	0:223:195870:336:362138:0:0
1343784	TX_ANT	ff	340:0:10:20:192
1343784	PKT	0:227:202315:340:368695:0:0
1344784	TX_ANT	ff	336:0:10:24:1286
1344784	PKT	0:223:194052:336:360320:0:0
1345784	TX_ANT	ff	335:0:10:22:201
1345784	PKT	0:222:194510:335:360750:0:0
1346784	TX_ANT	ff	336:0:10:21:266
1346784	PKT	0:223:195276:336:361544:0:0
[VISION][STATUS] FPS=32 | mavi=— kirmizi=— | tespit=BEKLİYOR | kuyruk=0
1347784	TX_ANT	ff	335:0:10:35:983
1347784	PKT	0:222:194797:335:361037:0:0
1348784	TX_ANT	ff	339:0:10:31:984
1348784	PKT	0:226:202271:339:368623:0:0
1349786	TX_ANT	ff	334:0:10:43:4523
1349786	PKT	0:221:192261:334:358473:0:0
1350784	TX_ANT	ff	332:0:10:43:1385
1350784	PKT	0:223:193817:332:354373:0:0
1351784	TX_ANT	ff	336:0:10:57:1120
1351784	PKT	0:223:194411:336:360679:0:0
[VISION][STATUS] FPS=33 | mavi=— kirmizi=— | tespit=BEKLİYOR | kuyruk=0
1352784	TX_ANT	ff	336:0:10:20:192
1352784	PKT	0:223:195493:336:361761:0:0
1353784	TX_ANT	ff	337:0:10:20:158
1353784	PKT	0:224:197065:337:363361:0:0
1354784	TX_ANT	ff	336:0:10:20:127
1354784	PKT	0:223:193988:336:360256:0:0
1355785	TX_ANT	ff	335:0:10:19:144
1355785	PKT	0:222:193971:335:360211:0:0
1356784	TX_ANT	ff	336:0:10:23:933
1356784	PKT	0:223:192646:336:358914:0:0
[VISION][STATUS] FPS=32 | mavi=— kirmizi=— | tespit=BEKLİYOR | kuyruk=0
1357784	TX_ANT	ff	337:0:10:24:251
1357784	PKT	0:224:195156:337:361452:0:0
1358784	TX_ANT	ff	331:0:10:29:417
1358784	PKT	0:222:193145:331:353673:0:0
1359784	TX_ANT	ff	343:0:10:19:208
1359784	PKT	0:226:197270:343:369334:0:0
1360784	TX_ANT	ff	337:0:10:21:224
1360784	PKT	0:224:196257:337:362553:0:0
1361784	TX_ANT	ff	330:0:10:28:337
1361784	PKT	0:221:190086:330:350586:0:0
[VISION][STATUS] FPS=33 | mavi=— kirmizi=— | tespit=BEKLİYOR | kuyruk=0
1362784	TX_ANT	ff	335:0:10:26:335
1362784	PKT	0:222:195100:335:361340:0:0
1363785	TX_ANT	ff	334:0:10:22:196
1363785	PKT	0:221:189986:334:356198:0:0
1364784	TX_ANT	ff	339:0:10:24:929
1364784	PKT	0:226:199346:339:365698:0:0
1365784	TX_ANT	ff	335:0:10:32:775
1365784	PKT	0:222:192928:335:359168:0:0
1366784	TX_ANT	ff	338:0:10:22:706
1366784	PKT	0:225:197242:338:363566:0:0
[VISION][STATUS] FPS=32 | mavi=— kirmizi=— | tespit=BEKLİYOR | kuyruk=0
1367784	TX_ANT	ff	339:0:10:19:145
1367784	PKT	0:226:198315:339:364667:0:0
1368784	TX_ANT	ff	336:0:10:31:362
1368784	PKT	0:223:194652:336:360920:0:0
1369784	TX_ANT	ff	338:0:9:27:1183
1369784	PKT	0:225:198673:338:364997:0:0
1370788	TX_ANT	ff	334:0:10:23:270
1370788	PKT	0:221:192979:334:359191:0:0
1371784	TX_ANT	ff	336:0:10:19:146
1371784	PKT	0:223:196517:336:362785:0:0
[VISION][STATUS] FPS=32 | mavi=— kirmizi=— | tespit=BEKLİYOR | kuyruk=0
1372784	TX_ANT	ff	337:0:10:20:183
1372784	PKT	0:224:196097:337:362393:0:0
1373784	TX_ANT	ff	337:0:10:44:4025
1373784	PKT	0:224:195585:337:361881:0:0
1374784	TX_ANT	ff	337:0:10:30:607
1374784	PKT	0:224:198014:337:364310:0:0
1375784	TX_ANT	ff	338:0:9:24:278
1375784	PKT	0:225:196897:338:363221:0:0
1376785	TX_ANT	ff	331:0:10:23:253
1376785	PKT	0:222:194051:331:354579:0:0
[VISION][STATUS] FPS=32 | mavi=(592,94) kirmizi=— | tespit=BEKLİYOR | kuyruk=0
1377785	TX_ANT	ff	335:0:10:32:1108
1377785	PKT	0:222:192529:335:358769:0:0
1378784	TX_ANT	ff	336:0:10:22:238
1378784	PKT	0:223:194524:336:360792:0:0
1379785	TX_ANT	ff	339:0:9:27:955
1379785	PKT	0:226:202142:339:368494:0:0
1380785	TX_ANT	ff	337:0:10:20:212
1380785	PKT	0:224:196093:337:362389:0:0
1381784	TX_ANT	ff	334:0:10:25:288
1381784	PKT	0:221:192295:334:358507:0:0
[VISION][STATUS] FPS=32 | mavi=— kirmizi=— | tespit=BEKLİYOR | kuyruk=0
1382784	TX_ANT	ff	334:0:10:23:267
1382784	PKT	0:221:192010:334:358222:0:0
1383784	TX_ANT	ff	332:0:9:25:689
1383784	PKT	0:223:196233:332:356789:0:0
1384785	TX_ANT	ff	336:0:10:22:233
1384785	PKT	0:223:194305:336:360573:0:0
1385784	TX_ANT	ff	334:0:10:24:410
1385784	PKT	0:221:190017:334:356229:0:0
1386784	TX_ANT	ff	338:0:9:28:844
1386784	PKT	0:225:198662:338:364986:0:0
[VISION][STATUS] FPS=32 | mavi=— kirmizi=— | tespit=BEKLİYOR | kuyruk=0
1387784	TX_ANT	ff	337:0:9:31:408
1387784	PKT	0:224:196205:337:362501:0:0
1388784	TX_ANT	ff	337:0:10:208:2066
1388784	PKT	0:224:195271:337:361567:0:0
1389784	TX_ANT	ff	334:0:503:577:3466
1389784	PKT	0:221:190407:334:356619:0:0
1390784	TX_ANT	ff	338:0:503:559:3285
1390784	PKT	0:225:200660:338:366984:0:0
1391784	TX_ANT	ff	330:0:503:564:2604
1391784	PKT	0:221:193190:330:353690:0:0
[VISION][STATUS] FPS=32 | mavi=— kirmizi=— | tespit=BEKLİYOR | kuyruk=0
1392784	TX_ANT	ff	333:0:503:544:2204
1392784	PKT	0:220:189988:333:356172:0:0
1393784	TX_ANT	ff	334:0:504:555:2089
1393784	PKT	0:221:189647:334:355859:0:0
1394785	TX_ANT	ff	330:0:503:546:1739
1394785	PKT	0:221:190846:330:351346:0:0
1395784	TX_ANT	ff	335:0:503:538:1516
1395784	PKT	0:222:192583:335:358823:0:0
1396784	TX_ANT	ff	334:0:503:572:3438
1396784	PKT	0:221:190764:334:356976:0:0
[VISION][STATUS] FPS=32 | mavi=— kirmizi=— | tespit=BEKLİYOR | kuyruk=0
1397785	TX_ANT	ff	331:0:504:579:3270
1397785	PKT	0:222:192494:331:353022:0:0
1398784	TX_ANT	ff	336:0:10:72:995
1398784	PKT	0:223:193553:336:359821:0:0
1399784	TX_ANT	ff	334:0:10:25:966
1399784	PKT	0:221:192746:334:358958:0:0
1400784	TX_ANT	ff	335:0:10:21:245
1400784	PKT	0:222:193332:335:359572:0:0
1401784	TX_ANT	ff	337:0:10:30:1617
1401784	PKT	0:224:194256:337:360552:0:0
[VISION][STATUS] FPS=32 | mavi=— kirmizi=— | tespit=BEKLİYOR | kuyruk=0
1402784	TX_ANT	ff	338:0:10:24:358
1402784	PKT	0:225:196470:338:362794:0:0
1403784	TX_ANT	ff	330:0:10:20:145
1403784	PKT	0:221:188746:330:349246:0:0
1404785	TX_ANT	ff	336:0:10:21:294
1404785	PKT	0:223:193867:336:360135:0:0
1405784	TX_ANT	ff	335:0:9:26:952
1405784	PKT	0:222:190618:335:356858:0:0
1406784	TX_ANT	ff	336:0:10:22:292
1406784	PKT	0:223:194987:336:361255:0:0
[VISION][STATUS] FPS=32 | mavi=— kirmizi=— | tespit=BEKLİYOR | kuyruk=0
1407784	TX_ANT	ff	335:0:9:22:178
1407784	PKT	0:222:191994:335:358234:0:0
1408784	TX_ANT	ff	332:0:10:21:292
1408784	PKT	0:223:193474:332:354030:0:0
1409784	TX_ANT	ff	334:0:10:28:579
1409784	PKT	0:221:191301:334:357513:0:0
1410786	TX_ANT	ff	336:0:10:34:1725
1410786	PKT	0:223:192850:336:359118:0:0
1411784	TX_ANT	ff	336:0:10:23:838
1411784	PKT	0:223:197084:336:363352:0:0
[VISION][STATUS] FPS=33 | mavi=— kirmizi=— | tespit=BEKLİYOR | kuyruk=0
1412784	TX_ANT	ff	337:0:10:24:1283
1412784	PKT	0:224:196805:337:363101:0:0
1413784	TX_ANT	ff	336:0:10:20:162
1413784	PKT	0:223:193088:336:359356:0:0
1414784	TX_ANT	ff	336:0:10:27:1027
1414784	PKT	0:223:194536:336:360804:0:0
1415785	TX_ANT	ff	332:0:10:22:235
1415785	PKT	0:223:195684:332:356240:0:0
1416786	TX_ANT	ff	336:0:10:31:1234
1416786	PKT	0:223:192389:336:358657:0:0
[VISION][STATUS] FPS=32 | mavi=— kirmizi=— | tespit=BEKLİYOR | kuyruk=0
1417785	TX_ANT	ff	333:0:10:22:971
1417785	PKT	0:220:190167:333:356351:0:0
1418784	TX_ANT	ff	330:0:10:21:224
1418784	PKT	0:221:194618:330:355118:0:0
1419784	TX_ANT	ff	335:0:10:37:2457
1419784	PKT	0:222:197485:335:363725:0:0
1420785	TX_ANT	ff	335:0:10:20:130
1420785	PKT	0:222:197940:335:364180:0:0
1421785	TX_ANT	ff	346:0:10:19:190
1421785	PKT	0:229:206334:346:378482:0:0
[VISION][STATUS] FPS=32 | mavi=— kirmizi=— | tespit=BEKLİYOR | kuyruk=0
1422785	TX_ANT	ff	337:0:10:35:608
1422785	PKT	0:224:198341:337:364637:0:0
1423785	TX_ANT	ff	339:0:10:30:537
1423785	PKT	0:226:199442:339:365794:0:0
1424784	TX_ANT	ff	336:0:10:28:283
1424784	PKT	0:223:193269:336:359537:0:0
1425784	TX_ANT	ff	331:0:10:23:271
1425784	PKT	0:222:190730:331:351258:0:0
1426784	TX_ANT	ff	335:0:9:18:97
1426784	PKT	0:222:192463:335:358703:0:0
1427784	TX_ANT	ff	335:0:10:28:999
1427784	PKT	0:222:192696:335:358936:0:0
[VISION][STATUS] FPS=32 | mavi=— kirmizi=— | tespit=BEKLİYOR | kuyruk=0
1428784	TX_ANT	ff	335:0:10:34:576
1428784	PKT	0:222:191136:335:357376:0:0
1429784	TX_ANT	ff	330:0:10:24:817
1429784	PKT	0:221:189133:330:349633:0:0
1430784	TX_ANT	ff	343:0:10:21:209
1430784	PKT	0:226:198438:343:370502:0:0
1431784	TX_ANT	ff	337:0:9:20:202
1431784	PKT	0:224:197312:337:363608:0:0
1432784	TX_ANT	ff	329:0:10:26:1302
1432784	PKT	0:220:188847:329:349319:0:0
[VISION][STATUS] FPS=32 | mavi=— kirmizi=— | tespit=BEKLİYOR | kuyruk=0
1433785	TX_ANT	ff	328:0:10:25:225
1433785	PKT	0:219:187240:328:347684:0:0
1434785	TX_ANT	ff	334:0:10:34:3789
1434785	PKT	0:221:191625:334:357837:0:0
1435786	TX_ANT	ff	335:0:9:19:157
1435786	PKT	0:222:192785:335:359025:0:0
1436785	TX_ANT	ff	330:0:10:24:303
1436785	PKT	0:221:191054:330:351554:0:0
1437784	TX_ANT	ff	336:0:9:47:5759
1437784	PKT	0:223:194991:336:361259:0:0
[VISION][STATUS] FPS=32 | mavi=— kirmizi=— | tespit=BEKLİYOR | kuyruk=0
1438784	TX_ANT	ff	336:0:10:30:917
1438784	PKT	0:223:193888:336:360156:0:0
1439784	TX_ANT	ff	335:0:10:25:247
1439784	PKT	0:222:190934:335:357174:0:0
1440784	TX_ANT	ff	335:0:10:33:2555
1440784	PKT	0:222:192341:335:358581:0:0
1441784	TX_ANT	ff	336:0:10:30:998
1441784	PKT	0:223:193365:336:359633:0:0
1442785	TX_ANT	ff	331:0:10:20:132
1442785	PKT	0:222:191701:331:352229:0:0
[VISION][STATUS] FPS=32 | mavi=— kirmizi=— | tespit=BEKLİYOR | kuyruk=0
1443785	TX_ANT	ff	338:0:10:21:197
1443785	PKT	0:225:196792:338:363116:0:0
1444784	TX_ANT	ff	336:0:10:25:282
1444784	PKT	0:223:195014:336:361282:0:0
1445784	TX_ANT	ff	335:0:10:32:582
1445784	PKT	0:222:191653:335:357893:0:0
1446784	TX_ANT	ff	336:0:10:43:1609
1446784	PKT	0:223:195231:336:361499:0:0
1447784	TX_ANT	ff	338:0:9:40:5221
1447784	PKT	0:225:198167:338:364491:0:0
[VISION][STATUS] FPS=32 | mavi=— kirmizi=— | tespit=BEKLİYOR | kuyruk=0
1448785	TX_ANT	ff	334:0:10:24:285
1448785	PKT	0:221:189198:334:355410:0:0
1449784	TX_ANT	ff	331:0:10:23:283
1449784	PKT	0:222:190169:331:350697:0:0
1450784	TX_ANT	ff	335:0:9:34:578
1450784	PKT	0:222:191209:335:357449:0:0
1451784	TX_ANT	ff	335:0:9:23:279
1451784	PKT	0:222:193845:335:360085:0:0
1452784	TX_ANT	ff	337:0:9:22:130
1452784	PKT	0:224:196490:337:362786:0:0
[VISION][STATUS] FPS=32 | mavi=— kirmizi=— | tespit=BEKLİYOR | kuyruk=0
1453784	TX_ANT	ff	335:0:10:20:182
1453784	PKT	0:222:190354:335:356594:0:0
1454784	TX_ANT	ff	337:0:10:23:594
1454784	PKT	0:224:194924:337:361220:0:0
1455784	TX_ANT	ff	337:0:10:25:603
1455784	PKT	0:224:195984:337:362280:0:0
1456784	TX_ANT	ff	331:0:10:30:677
1456784	PKT	0:222:193156:331:353684:0:0
1457785	TX_ANT	ff	334:0:10:24:883
1457785	PKT	0:221:191649:334:357861:0:0
[VISION][STATUS] FPS=32 | mavi=— kirmizi=— | tespit=BEKLİYOR | kuyruk=0
1458784	TX_ANT	ff	333:0:10:18:141
1458784	PKT	0:220:189418:333:355602:0:0
1459785	TX_ANT	ff	338:0:10:25:371
1459785	PKT	0:225:197503:338:363827:0:0
1460785	TX_ANT	ff	331:0:10:21:614
1460785	PKT	0:222:193882:331:354410:0:0
1461784	TX_ANT	ff	336:0:10:28:488
1461784	PKT	0:223:194562:336:360830:0:0
1462784	TX_ANT	ff	336:0:10:34:1179
1462784	PKT	0:223:194884:336:361152:0:0
[VISION][STATUS] FPS=32 | mavi=— kirmizi=— | tespit=BEKLİYOR | kuyruk=0
1463784	TX_ANT	ff	335:0:9:42:1746
1463784	PKT	0:222:193562:335:359802:0:0
1464784	TX_ANT	ff	335:0:10:22:191
1464784	PKT	0:222:191354:335:357594:0:0
1465784	TX_ANT	ff	339:0:10:20:253
1465784	PKT	0:226:199182:339:365534:0:0
1466785	TX_ANT	ff	335:0:10:36:1631
1466785	PKT	0:222:192346:335:358586:0:0
1467784	TX_ANT	ff	338:0:10:50:3646
1467784	PKT	0:225:197413:338:363737:0:0
[VISION][STATUS] FPS=32 | mavi=— kirmizi=— | tespit=BEKLİYOR | kuyruk=0
1468784	TX_ANT	ff	335:0:9:24:718
1468784	PKT	0:222:190429:335:356669:0:0
1469784	TX_ANT	ff	330:0:10:22:303
1469784	PKT	0:221:189070:330:349570:0:0
1470784	TX_ANT	ff	337:0:10:20:181
1470784	PKT	0:224:194406:337:360702:0:0
1471784	TX_ANT	ff	337:0:10:19:184
1471784	PKT	0:224:194928:337:361224:0:0
1472785	TX_ANT	ff	336:0:10:22:305
1472785	PKT	0:223:193912:336:360180:0:0
[VISION][STATUS] FPS=32 | mavi=— kirmizi=— | tespit=BEKLİYOR | kuyruk=0
1473784	TX_ANT	ff	335:0:10:18:187
1473784	PKT	0:222:189928:335:356168:0:0
1474787	TX_ANT	ff	330:0:10:26:328
1474787	PKT	0:221:191613:330:352113:0:0
1475785	TX_ANT	ff	342:0:10:20:183
1475785	PKT	0:225:196044:342:368080:0:0
1476784	TX_ANT	ff	331:0:10:28:591
1476784	PKT	0:222:190739:331:351267:0:0
1477784	TX_ANT	ff	334:0:10:36:930
1477784	PKT	0:221:188664:334:354876:0:0
[VISION][STATUS] FPS=32 | mavi=— kirmizi=— | tespit=BEKLİYOR | kuyruk=0
1478784	TX_ANT	ff	329:0:10:30:822
1478784	PKT	0:220:189608:329:350080:0:0
1479784	TX_ANT	ff	337:0:10:39:1518
1479784	PKT	0:224:194920:337:361216:0:0
1480785	TX_ANT	ff	334:0:10:25:882
1480785	PKT	0:221:191817:334:358029:0:0
1481785	TX_ANT	ff	336:0:10:33:746
1481785	PKT	0:223:192789:336:359057:0:0
1482785	TX_ANT	ff	334:0:9:24:1257
1482785	PKT	0:221:189725:334:355937:0:0
[VISION][STATUS] FPS=32 | mavi=— kirmizi=— | tespit=BEKLİYOR | kuyruk=0
1483784	TX_ANT	ff	331:0:10:23:234
1483784	PKT	0:222:192959:331:353487:0:0
1484784	TX_ANT	ff	335:0:9:21:165
1484784	PKT	0:222:192901:335:359141:0:0
1485784	TX_ANT	ff	338:0:10:24:427
1485784	PKT	0:225:196444:338:362768:0:0
1486784	TX_ANT	ff	336:0:10:29:1596
1486784	PKT	0:223:193233:336:359501:0:0
1487784	TX_ANT	ff	338:0:10:22:208
1487784	PKT	0:225:195997:338:362321:0:0
[VISION][STATUS] FPS=32 | mavi=— kirmizi=— | tespit=BEKLİYOR | kuyruk=0
1488785	TX_ANT	ff	334:0:10:26:299
1488785	PKT	0:221:189546:334:355758:0:0
1489785	TX_ANT	ff	330:0:10:28:581
1489785	PKT	0:221:189221:330:349721:0:0
1490784	TX_ANT	ff	334:0:10:20:124
1490784	PKT	0:221:190959:334:357171:0:0
1491784	TX_ANT	ff	335:0:10:19:309
1491784	PKT	0:222:187959:335:354199:0:0
1492784	TX_ANT	ff	338:0:10:25:193
1492784	PKT	0:225:195414:338:361738:0:0
[VISION][STATUS] FPS=32 | mavi=— kirmizi=— | tespit=BEKLİYOR | kuyruk=0
1493784	TX_ANT	ff	335:0:10:37:1366
1493784	PKT	0:222:190456:335:356696:0:0
1494784	TX_ANT	ff	330:0:9:27:1364
1494784	PKT	0:221:188050:330:348550:0:0
1495784	TX_ANT	ff	345:0:10:21:185
1495784	PKT	0:228:200917:345:373037:0:0
1496784	TX_ANT	ff	336:0:10:20:133
1496784	PKT	0:223:192605:336:358873:0:0
1497784	TX_ANT	ff	336:0:10:31:943
1497784	PKT	0:223:191398:336:357666:0:0
[VISION][STATUS] FPS=32 | mavi=— kirmizi=— | tespit=BEKLİYOR | kuyruk=0
1498784	TX_ANT	ff	328:0:10:22:202
1498784	PKT	0:219:186662:328:347106:0:0
1499787	TX_ANT	ff	335:0:10:24:1002
1499787	PKT	0:222:190400:335:356640:0:0
1500785	TX_ANT	ff	338:0:10:29:1258
1500785	PKT	0:225:196434:338:362758:0:0
1501784	TX_ANT	ff	336:0:10:27:383
1501784	PKT	0:223:190269:336:356537:0:0
1502784	TX_ANT	ff	336:0:10:23:271
1502784	PKT	0:223:191872:336:358140:0:0
[VISION][STATUS] FPS=32 | mavi=— kirmizi=— | tespit=BEKLİYOR | kuyruk=0
1503784	TX_ANT	ff	337:0:10:23:238
1503784	PKT	0:224:194781:337:361077:0:0
1504784	TX_ANT	ff	331:0:10:20:162
1504784	PKT	0:222:190024:331:350552:0:0
1505785	TX_ANT	ff	337:0:10:20:191
1505785	PKT	0:224:194206:337:360502:0:0
1506785	TX_ANT	ff	336:0:10:42:1104
1506785	PKT	0:223:192337:336:358605:0:0
1507784	TX_ANT	ff	336:0:10:45:967
1507784	PKT	0:223:193883:336:360151:0:0
[VISION][STATUS] FPS=32 | mavi=— kirmizi=— | tespit=BEKLİYOR | kuyruk=0
1508784	TX_ANT	ff	335:0:10:25:802
1508784	PKT	0:222:189847:335:356087:0:0
1509784	TX_ANT	ff	338:0:10:26:312
1509784	PKT	0:225:195928:338:362252:0:0
1510784	TX_ANT	ff	335:0:10:32:1449
1510784	PKT	0:222:190983:335:357223:0:0
1511784	TX_ANT	ff	329:0:10:29:508
1511784	PKT	0:220:189693:329:350165:0:0
1512784	TX_ANT	ff	336:0:9:23:264
1512784	PKT	0:223:191505:336:357773:0:0
[VISION][STATUS] FPS=32 | mavi=— kirmizi=— | tespit=BEKLİYOR | kuyruk=0
1513785	TX_ANT	ff	336:0:10:20:194
1513785	PKT	0:223:191315:336:357583:0:0
1514785	TX_ANT	ff	335:0:10:21:195
1514785	PKT	0:222:189387:335:355627:0:0
1515785	TX_ANT	ff	330:0:10:21:517
1515785	PKT	0:221:189413:330:349913:0:0
1516784	TX_ANT	ff	334:0:10:24:570
1516784	PKT	0:221:189735:334:355947:0:0
1517784	TX_ANT	ff	329:0:10:20:144
1517784	PKT	0:220:187958:329:348430:0:0
[VISION][STATUS] FPS=32 | mavi=— kirmizi=— | tespit=BEKLİYOR | kuyruk=0
1518784	TX_ANT	ff	335:0:10:24:204
1518784	PKT	0:222:191433:335:357673:0:0
1519786	TX_ANT	ff	335:0:10:21:177
1519786	PKT	0:222:189851:335:356091:0:0
1520784	TX_ANT	ff	334:0:10:21:206
1520784	PKT	0:221:187816:334:354028:0:0
1521787	TX_ANT	ff	337:0:10:30:1040
1521787	PKT	0:224:194461:337:360757:0:0
1522784	TX_ANT	ff	341:0:10:23:275
1522784	PKT	0:228:202183:341:368591:0:0
[VISION][STATUS] FPS=32 | mavi=— kirmizi=— | tespit=BEKLİYOR | kuyruk=0
1523784	TX_ANT	ff	334:0:10:23:197
1523784	PKT	0:221:188028:334:354240:0:0
1524785	TX_ANT	ff	336:0:10:24:1037
1524785	PKT	0:223:191326:336:357594:0:0
1525784	TX_ANT	ff	339:0:10:20:236
1525784	PKT	0:226:196514:339:362866:0:0
1526787	TX_ANT	ff	338:0:10:27:1152
1526787	PKT	0:225:193712:338:360036:0:0
1527784	TX_ANT	ff	337:0:10:22:429
1527784	PKT	0:224:192768:337:359064:0:0
[VISION][STATUS] FPS=32 | mavi=— kirmizi=— | tespit=BEKLİYOR | kuyruk=0
1528784	TX_ANT	ff	339:0:10:22:299
1528784	PKT	0:226:197919:339:364271:0:0
1529784	TX_ANT	ff	334:0:10:24:368
1529784	PKT	0:221:189435:334:355647:0:0
1530784	TX_ANT	ff	339:0:9:28:895
1530784	PKT	0:226:197855:339:364207:0:0
1531784	TX_ANT	ff	337:0:10:32:831
1531784	PKT	0:224:194455:337:360751:0:0
1532785	TX_ANT	ff	335:0:10:26:695
1532785	PKT	0:222:189665:335:355905:0:0
[VISION][STATUS] FPS=32 | mavi=— kirmizi=— | tespit=BEKLİYOR | kuyruk=0
1533785	TX_ANT	ff	336:0:10:28:1971
1533785	PKT	0:223:192059:336:358327:0:0
1534784	TX_ANT	ff	329:0:10:25:1249
1534784	PKT	0:220:189882:329:350354:0:0
1535784	TX_ANT	ff	335:0:9:20:146
1535784	PKT	0:222:190164:335:356404:0:0
1536784	TX_ANT	ff	334:0:10:28:285
1536784	PKT	0:221:190562:334:356774:0:0
1537784	TX_ANT	ff	338:0:10:19:190
1537784	PKT	0:225:195957:338:362281:0:0
[VISION][STATUS] FPS=32 | mavi=— kirmizi=— | tespit=BEKLİYOR | kuyruk=0
1538785	TX_ANT	ff	331:0:9:23:513
1538785	PKT	0:222:190458:331:350986:0:0
1539784	TX_ANT	ff	335:0:10:35:812
1539784	PKT	0:222:189684:335:355924:0:0
1540786	TX_ANT	ff	335:0:10:23:280
1540786	PKT	0:222:190613:335:356853:0:0
1541784	TX_ANT	ff	334:0:10:26:710
1541784	PKT	0:221:186999:334:353211:0:0
1542784	TX_ANT	ff	331:0:10:27:910
1542784	PKT	0:222:192005:331:352533:0:0
[VISION][STATUS] FPS=33 | mavi=— kirmizi=— | tespit=BEKLİYOR | kuyruk=0
1543785	TX_ANT	ff	334:0:10:26:1057
1543785	PKT	0:221:187979:334:354191:0:0
1544788	TX_ANT	ff	334:0:10:22:211
1544788	PKT	0:221:189110:334:355322:0:0
1545784	TX_ANT	ff	332:0:10:25:212
1545784	PKT	0:223:190783:332:351339:0:0
1546788	TX_ANT	ff	336:0:9:19:124
1546788	PKT	0:223:190737:336:357005:0:0
1547784	TX_ANT	ff	332:0:10:22:222
1547784	PKT	0:219:187683:332:353839:0:0
[VISION][STATUS] FPS=32 | mavi=— kirmizi=— | tespit=BEKLİYOR | kuyruk=0
1548784	TX_ANT	ff	337:0:10:25:239
1548784	PKT	0:224:194504:337:360800:0:0
1549784	TX_ANT	ff	328:0:10:38:2055
1549784	PKT	0:219:187199:328:347643:0:0
1550784	TX_ANT	ff	335:0:10:28:1642
1550784	PKT	0:222:192891:335:359131:0:0
1551784	TX_ANT	ff	338:0:10:29:692
1551784	PKT	0:225:198078:338:364402:0:0
1552784	TX_ANT	ff	336:0:10:28:809
1552784	PKT	0:223:193951:336:360219:0:0
[VISION][STATUS] FPS=32 | mavi=— kirmizi=— | tespit=BEKLİYOR | kuyruk=0
1553784	TX_ANT	ff	335:0:10:22:214
1553784	PKT	0:222:191981:335:358221:0:0
1554785	TX_ANT	ff	331:0:10:30:782
1554785	PKT	0:222:190037:331:350565:0:0
1555784	TX_ANT	ff	335:0:10:40:4612
1555784	PKT	0:222:190671:335:356911:0:0
1556784	TX_ANT	ff	335:0:10:21:148
1556784	PKT	0:222:190031:335:356271:0:0
1557785	TX_ANT	ff	335:0:10:25:180
1557785	PKT	0:222:190013:335:356253:0:0
[VISION][STATUS] FPS=32 | mavi=— kirmizi=— | tespit=BEKLİYOR | kuyruk=0
1558784	TX_ANT	ff	339:0:9:21:282
1558784	PKT	0:226:193919:339:360271:0:0
1559785	TX_ANT	ff	336:0:10:20:151
1559785	PKT	0:223:192327:336:358595:0:0
1560784	TX_ANT	ff	340:0:10:23:297
1560784	PKT	0:227:199068:340:365448:0:0
1561784	TX_ANT	ff	340:0:10:19:132
1561784	PKT	0:227:199078:340:365458:0:0
1562784	TX_ANT	ff	335:0:10:19:184
1562784	PKT	0:222:191367:335:357607:0:0
[VISION][STATUS] FPS=32 | mavi=— kirmizi=— | tespit=BEKLİYOR | kuyruk=0
1563784	TX_ANT	ff	334:0:10:36:1983
1563784	PKT	0:221:187937:334:354149:0:0
1564785	TX_ANT	ff	335:0:10:19:162
1564785	PKT	0:222:187965:335:354205:0:0
1565786	TX_ANT	ff	332:0:10:28:483
1565786	PKT	0:223:191152:332:351708:0:0
1566785	TX_ANT	ff	337:0:10:31:2216
1566785	PKT	0:224:193914:337:360210:0:0
1567784	TX_ANT	ff	335:0:10:22:151
1567784	PKT	0:222:189220:335:355460:0:0
[VISION][STATUS] FPS=32 | mavi=— kirmizi=— | tespit=BEKLİYOR | kuyruk=0
1568784	TX_ANT	ff	334:0:10:21:243
1568784	PKT	0:221:187925:334:354137:0:0
1569784	TX_ANT	ff	329:0:10:26:995
1569784	PKT	0:220:188877:329:349349:0:0
1570784	TX_ANT	ff	334:0:10:30:1120
1570784	PKT	0:221:188369:334:354581:0:0
1571785	TX_ANT	ff	329:0:10:26:942
1571785	PKT	0:220:186968:329:347440:0:0
1572784	TX_ANT	ff	337:0:10:35:3296
1572784	PKT	0:224:191946:337:358242:0:0
[VISION][STATUS] FPS=32 | mavi=— kirmizi=— | tespit=BEKLİYOR | kuyruk=0
1573784	TX_ANT	ff	335:0:10:25:433
1573784	PKT	0:222:191180:335:357420:0:0
1574784	TX_ANT	ff	334:0:10:30:600
1574784	PKT	0:221:189660:334:355872:0:0
1575785	TX_ANT	ff	330:0:10:20:191
1575785	PKT	0:221:189278:330:349778:0:0
1576784	TX_ANT	ff	332:0:9:21:186
1576784	PKT	0:219:187255:332:353411:0:0
1577784	TX_ANT	ff	329:0:10:39:5187
1577784	PKT	0:220:187954:329:348426:0:0
[VISION][STATUS] FPS=32 | mavi=— kirmizi=— | tespit=BEKLİYOR | kuyruk=0
1578784	TX_ANT	ff	336:0:10:25:769
1578784	PKT	0:223:190816:336:357084:0:0
1579784	TX_ANT	ff	336:0:10:33:1896
1579784	PKT	0:223:193712:336:359980:0:0
1580784	TX_ANT	ff	334:0:10:40:1204
1580784	PKT	0:221:188116:334:354328:0:0
1581784	TX_ANT	ff	330:0:10:27:343
1581784	PKT	0:221:187606:330:348106:0:0
1582784	TX_ANT	ff	333:0:10:28:269
1582784	PKT	0:220:189590:333:355774:0:0
[VISION][STATUS] FPS=32 | mavi=— kirmizi=— | tespit=BEKLİYOR | kuyruk=0
1583785	TX_ANT	ff	335:0:10:29:487
1583785	PKT	0:222:189423:335:355663:0:0
1584785	TX_ANT	ff	332:0:9:30:1691
1584785	PKT	0:223:192188:332:352744:0:0
1585785	TX_ANT	ff	335:0:9:21:213
1585785	PKT	0:222:190485:335:356725:0:0
1586784	TX_ANT	ff	335:0:10:25:1032
1586784	PKT	0:222:190390:335:356630:0:0
1587785	TX_ANT	ff	335:0:10:24:192
1587785	PKT	0:222:190074:335:356314:0:0
[VISION][STATUS] FPS=32 | mavi=— kirmizi=— | tespit=BEKLİYOR | kuyruk=0
1588784	TX_ANT	ff	330:0:10:28:1648
1588784	PKT	0:221:187070:330:347570:0:0
1589785	TX_ANT	ff	334:0:10:21:159
1589785	PKT	0:221:188546:334:354758:0:0
1590785	TX_ANT	ff	335:0:10:21:176
1590785	PKT	0:222:189591:335:355831:0:0
1591784	TX_ANT	ff	337:0:10:25:1157
1591784	PKT	0:224:195242:337:361538:0:0
1592785	TX_ANT	ff	337:0:10:21:200
1592785	PKT	0:224:192029:337:358325:0:0
[VISION][STATUS] FPS=32 | mavi=— kirmizi=— | tespit=BEKLİYOR | kuyruk=0
1593786	TX_ANT	ff	329:0:10:22:253
1593786	PKT	0:220:187197:329:347669:0:0
1594784	TX_ANT	ff	335:0:10:24:283
1594784	PKT	0:222:189086:335:355326:0:0
1595784	TX_ANT	ff	336:0:10:46:2632
1595784	PKT	0:223:189867:336:356135:0:0
1596784	TX_ANT	ff	337:0:10:24:194
1596784	PKT	0:224:196173:337:362469:0:0
1597784	TX_ANT	ff	335:0:10:23:245
1597784	PKT	0:222:190783:335:357023:0:0
[VISION][STATUS] FPS=32 | mavi=— kirmizi=— | tespit=BEKLİYOR | kuyruk=0
1598784	TX_ANT	ff	337:0:10:24:421
1598784	PKT	0:224:194110:337:360406:0:0
1599784	TX_ANT	ff	337:0:10:34:926
1599784	PKT	0:224:192492:337:358788:0:0
1600784	TX_ANT	ff	331:0:10:27:356
1600784	PKT	0:222:189713:331:350241:0:0
1601784	TX_ANT	ff	334:0:10:27:574
1601784	PKT	0:221:187702:334:353914:0:0
1602784	TX_ANT	ff	334:0:9:35:1627
1602784	PKT	0:221:188747:334:354959:0:0
[VISION][STATUS] FPS=32 | mavi=(584,39) kirmizi=— | tespit=BEKLİYOR | kuyruk=0
1603784	TX_ANT	ff	331:0:10:32:741
1603784	PKT	0:222:193251:331:353779:0:0
1604784	TX_ANT	ff	334:0:10:21:184
1604784	PKT	0:221:188451:334:354663:0:0
1605785	TX_ANT	ff	337:0:10:20:148
1605785	PKT	0:224:193609:337:359905:0:0
1606784	TX_ANT	ff	337:0:10:24:364
1606784	PKT	0:224:194742:337:361038:0:0
1607784	TX_ANT	ff	337:0:10:21:186
1607784	PKT	0:224:194594:337:360890:0:0
[VISION][STATUS] FPS=32 | mavi=— kirmizi=— | tespit=BEKLİYOR | kuyruk=0
1608784	TX_ANT	ff	337:0:10:22:326
1608784	PKT	0:224:195701:337:361997:0:0
1609785	TX_ANT	ff	352:0:9:24:518
1609785	PKT	0:235:217543:352:389859:0:0
1610784	TX_ANT	ff	338:0:10:29:1752
1610784	PKT	0:225:212397:338:378721:0:0
1611784	TX_ANT	ff	337:0:10:22:272
1611784	PKT	0:224:204238:337:370534:0:0
1612784	TX_ANT	ff	345:0:10:20:218
1612784	PKT	0:228:215563:345:387683:0:0
[VISION][STATUS] FPS=32 | mavi=— kirmizi=— | tespit=BEKLİYOR | kuyruk=0
1613784	TX_ANT	ff	384:0:10:18:198
1613784	PKT	0:255:242183:384:432195:0:0
1614784	TX_ANT	ff	360:0:10:23:208
1614784	PKT	0:239:224238:360:402378:0:0
1615784	TX_ANT	ff	341:0:10:26:339
1615784	PKT	0:228:214072:341:380480:0:0
1616784	TX_ANT	ff	327:0:10:27:468
1616784	PKT	0:218:196412:327:356828:0:0
1617784	TX_ANT	ff	334:0:10:24:195
1617784	PKT	0:221:207323:334:373535:0:0
[VISION][STATUS] FPS=32 | mavi=— kirmizi=— | tespit=BEKLİYOR | kuyruk=0
1618785	TX_ANT	ff	335:0:10:24:691
1618785	PKT	0:222:206118:335:372358:0:0
1619784	TX_ANT	ff	330:0:10:25:1280
1619784	PKT	0:221:208346:330:368846:0:0
1620784	TX_ANT	ff	343:0:10:31:1438
1620784	PKT	0:226:214809:343:386873:0:0
1621784	TX_ANT	ff	331:0:10:27:1069
1621784	PKT	0:222:206612:331:367140:0:0
1622785	TX_ANT	ff	332:0:10:23:292
1622785	PKT	0:219:197677:332:363833:0:0
[VISION][STATUS] FPS=32 | mavi=— kirmizi=— | tespit=BEKLİYOR | kuyruk=0
1623784	TX_ANT	ff	328:0:10:21:195
1623784	PKT	0:219:195392:328:355836:0:0
1624785	TX_ANT	ff	327:0:10:28:1143
1624785	PKT	0:218:194389:327:354805:0:0
1625784	TX_ANT	ff	332:0:10:24:275
1625784	PKT	0:219:192098:332:358254:0:0
1626784	TX_ANT	ff	328:0:10:20:166
1626784	PKT	0:219:192204:328:352648:0:0
1627784	TX_ANT	ff	327:0:10:32:817
1627784	PKT	0:218:189143:327:349559:0:0
[VISION][STATUS] FPS=32 | mavi=— kirmizi=— | tespit=BEKLİYOR | kuyruk=0
1628784	TX_ANT	ff	331:0:10:24:206
1628784	PKT	0:218:190340:331:356468:0:0
1629784	TX_ANT	ff	329:0:10:32:1733
1629784	PKT	0:220:195704:329:356176:0:0
1630785	TX_ANT	ff	332:0:10:28:1106
1630785	PKT	0:219:195258:332:361414:0:0
1631784	TX_ANT	ff	329:0:10:26:932
1631784	PKT	0:220:195920:329:356392:0:0
1632784	TX_ANT	ff	334:0:10:25:264
1632784	PKT	0:221:195354:334:361566:0:0
[VISION][STATUS] FPS=32 | mavi=— kirmizi=— | tespit=BEKLİYOR | kuyruk=0
1633784	TX_ANT	ff	329:0:10:30:949
1633784	PKT	0:220:191723:329:352195:0:0
1634785	TX_ANT	ff	327:0:10:31:1256
1634785	PKT	0:218:190037:327:350453:0:0
1635784	TX_ANT	ff	332:0:10:28:343
1635784	PKT	0:219:190548:332:356704:0:0
1636784	TX_ANT	ff	327:0:10:20:148
1636784	PKT	0:218:191901:327:352317:0:0
1637785	TX_ANT	ff	328:0:10:33:3600
1637785	PKT	0:219:191205:328:351649:0:0
1638784	TX_ANT	ff	330:0:10:26:394
1638784	PKT	0:217:189207:330:355307:0:0
[VISION][STATUS] FPS=32 | mavi=— kirmizi=— | tespit=BEKLİYOR | kuyruk=0
1639784	TX_ANT	ff	328:0:10:19:136
1639784	PKT	0:219:191237:328:351681:0:0
1640784	TX_ANT	ff	328:0:10:28:663
1640784	PKT	0:219:190647:328:351091:0:0
1641784	TX_ANT	ff	332:0:10:34:2478
1641784	PKT	0:219:190958:332:357114:0:0
1642786	TX_ANT	ff	327:0:10:24:433
1642786	PKT	0:218:190531:327:350947:0:0
1643784	TX_ANT	ff	328:0:10:28:330
1643784	PKT	0:219:191089:328:351533:0:0
[VISION][STATUS] FPS=32 | mavi=— kirmizi=— | tespit=BEKLİYOR | kuyruk=0
1644784	TX_ANT	ff	332:0:10:25:121
1644784	PKT	0:219:191776:332:357932:0:0
1645784	TX_ANT	ff	329:0:10:26:334
1645784	PKT	0:220:192357:329:352829:0:0
1646784	TX_ANT	ff	333:0:10:20:184
1646784	PKT	0:220:192782:333:358966:0:0
1647784	TX_ANT	ff	328:0:10:19:129
1647784	PKT	0:219:194905:328:355349:0:0
1648784	TX_ANT	ff	328:0:10:21:641
1648784	PKT	0:219:194476:328:354920:0:0
[VISION][STATUS] FPS=32 | mavi=— kirmizi=— | tespit=BEKLİYOR | kuyruk=0
1649784	TX_ANT	ff	332:0:10:22:214
1649784	PKT	0:219:194302:332:360458:0:0
1650785	TX_ANT	ff	328:0:10:20:160
1650785	PKT	0:219:195733:328:356177:0:0
1651784	TX_ANT	ff	327:0:10:23:357
1651784	PKT	0:218:196764:327:357180:0:0
1652784	TX_ANT	ff	332:0:10:23:406
1652784	PKT	0:219:190732:332:356888:0:0
1653785	TX_ANT	ff	328:0:10:32:1296
1653785	PKT	0:219:196854:328:357298:0:0
[VISION][STATUS] FPS=32 | mavi=— kirmizi=— | tespit=BEKLİYOR | kuyruk=0
1654784	TX_ANT	ff	335:0:9:22:222
1654784	PKT	0:222:207274:335:373514:0:0
1655784	TX_ANT	ff	329:0:10:20:175
1655784	PKT	0:220:201294:329:361766:0:0
1656784	TX_ANT	ff	335:0:10:21:151
1656784	PKT	0:222:206421:335:372661:0:0
1657785	TX_ANT	ff	334:0:9:20:181
1657785	PKT	0:221:207731:334:373943:0:0
1658784	TX_ANT	ff	337:0:10:23:1447
1658784	PKT	0:224:212330:337:378626:0:0
[VISION][STATUS] FPS=32 | mavi=— kirmizi=— | tespit=BEKLİYOR | kuyruk=0
1659784	TX_ANT	ff	335:0:10:29:367
1659784	PKT	0:222:209524:335:375764:0:0
1660785	TX_ANT	ff	337:0:10:24:196
1660785	PKT	0:224:214088:337:380384:0:0
1661785	TX_ANT	ff	337:0:10:24:269
1661785	PKT	0:224:208347:337:374643:0:0
1662785	TX_ANT	ff	330:0:10:23:249
1662785	PKT	0:221:198667:330:359167:0:0
1663785	TX_ANT	ff	333:0:10:29:1137
1663785	PKT	0:220:196636:333:362820:0:0
[VISION][STATUS] FPS=32 | mavi=— kirmizi=— | tespit=BEKLİYOR | kuyruk=0
1664784	TX_ANT	ff	329:0:10:20:189
1664784	PKT	0:220:198158:329:358630:0:0
1665784	TX_ANT	ff	333:0:10:38:1472
1665784	PKT	0:220:200995:333:367179:0:0
1666784	TX_ANT	ff	336:0:10:29:1436
1666784	PKT	0:223:210915:336:377183:0:0
1667784	TX_ANT	ff	329:0:10:27:765
1667784	PKT	0:220:211336:329:371808:0:0
1668784	TX_ANT	ff	328:0:10:20:182
1668784	PKT	0:219:206827:328:367271:0:0
[VISION][STATUS] FPS=32 | mavi=— kirmizi=— | tespit=BEKLİYOR | kuyruk=0
1669784	TX_ANT	ff	333:0:10:21:184
1669784	PKT	0:220:202203:333:368387:0:0
1670784	TX_ANT	ff	328:0:10:20:150
1670784	PKT	0:219:203186:328:363630:0:0
1671784	TX_ANT	ff	334:0:9:30:812
1671784	PKT	0:221:203003:334:369215:0:0
1672784	TX_ANT	ff	329:0:10:21:195
1672784	PKT	0:220:205134:329:365606:0:0
1673784	TX_ANT	ff	355:0:10:23:255
1673784	PKT	0:234:223033:355:401033:0:0
[VISION][STATUS] FPS=32 | mavi=— kirmizi=— | tespit=BEKLİYOR | kuyruk=0
1674784	TX_ANT	ff	366:0:10:22:276
1674784	PKT	0:245:232487:366:410795:0:0
1675785	TX_ANT	ff	360:0:10:31:605
1675785	PKT	0:239:226499:360:404639:0:0
1676785	TX_ANT	ff	345:0:10:23:575
1676785	PKT	0:228:211546:345:383666:0:0
1677784	TX_ANT	ff	328:0:10:21:356
1677784	PKT	0:219:193956:328:354400:0:0
1678784	TX_ANT	ff	327:0:10:31:610
1678784	PKT	0:218:191068:327:351484:0:0
[VISION][STATUS] FPS=32 | mavi=— kirmizi=— | tespit=BEKLİYOR | kuyruk=0
1679784	TX_ANT	ff	331:0:10:20:137
1679784	PKT	0:218:189769:331:355897:0:0
1680785	TX_ANT	ff	327:0:10:26:1035
1680785	PKT	0:218:190101:327:350517:0:0
1681784	TX_ANT	ff	327:0:11:37:1046
1681784	PKT	0:218:191777:327:352193:0:0
1682785	TX_ANT	ff	328:0:10:30:1131
1682785	PKT	0:219:192426:328:352870:0:0
1683784	TX_ANT	ff	332:0:10:26:314
1683784	PKT	0:219:194423:332:360579:0:0
[VISION][STATUS] FPS=32 | mavi=— kirmizi=— | tespit=BEKLİYOR | kuyruk=0
1684784	TX_ANT	ff	330:0:10:23:282
1684784	PKT	0:221:204749:330:365249:0:0
1685784	TX_ANT	ff	332:0:10:20:197
1685784	PKT	0:219:198307:332:364463:0:0
1686784	TX_ANT	ff	328:0:10:25:282
1686784	PKT	0:219:197071:328:357515:0:0
1687785	TX_ANT	ff	327:0:10:20:163
1687785	PKT	0:218:192676:327:353092:0:0
1688784	TX_ANT	ff	331:0:10:22:252
1688784	PKT	0:218:192620:331:358748:0:0
[VISION][STATUS] FPS=32 | mavi=— kirmizi=— | tespit=BEKLİYOR | kuyruk=0
1689784	TX_ANT	ff	328:0:10:26:155
1689784	PKT	0:219:193923:328:354367:0:0
1690784	TX_ANT	ff	328:0:10:28:332
1690784	PKT	0:219:193581:328:354025:0:0
1691784	TX_ANT	ff	332:0:10:41:2374
1691784	PKT	0:219:193918:332:360074:0:0
1692784	TX_ANT	ff	326:0:10:38:1342
1692784	PKT	0:217:191506:326:351894:0:0
1693784	TX_ANT	ff	328:0:10:23:388
1693784	PKT	0:219:191114:328:351558:0:0
[VISION][STATUS] FPS=32 | mavi=— kirmizi=— | tespit=BEKLİYOR | kuyruk=0
1694785	TX_ANT	ff	332:0:10:18:147
1694785	PKT	0:219:191089:332:357245:0:0
1695784	TX_ANT	ff	327:0:10:20:181
1695784	PKT	0:218:191301:327:351717:0:0
1696784	TX_ANT	ff	328:0:10:29:1537
1696784	PKT	0:219:190662:328:351106:0:0
1697784	TX_ANT	ff	332:0:10:31:455
1697784	PKT	0:219:192129:332:358285:0:0
1698784	TX_ANT	ff	328:0:10:19:166
1698784	PKT	0:219:191001:328:351445:0:0
[VISION][STATUS] FPS=32 | mavi=— kirmizi=— | tespit=BEKLİYOR | kuyruk=0
1699784	TX_ANT	ff	327:0:10:24:488
1699784	PKT	0:218:191836:327:352252:0:0
1700784	TX_ANT	ff	331:0:10:34:834
1700784	PKT	0:218:191659:331:357787:0:0
1701785	TX_ANT	ff	328:0:10:31:589
1701785	PKT	0:219:192955:328:353399:0:0
1702784	TX_ANT	ff	327:0:10:36:801
1702784	PKT	0:218:191955:327:352371:0:0
1703784	TX_ANT	ff	332:0:10:19:173
1703784	PKT	0:219:195391:332:361547:0:0
[VISION][STATUS] FPS=32 | mavi=— kirmizi=— | tespit=BEKLİYOR | kuyruk=0
1704784	TX_ANT	ff	328:0:10:24:168
1704784	PKT	0:219:193538:328:353982:0:0
1705785	TX_ANT	ff	327:0:10:29:1312
1705785	PKT	0:219:194506:327:354862:0:0
1706784	TX_ANT	ff	332:0:9:22:792
1706784	PKT	0:219:193808:332:359964:0:0
1707784	TX_ANT	ff	327:0:9:30:789
1707784	PKT	0:218:192818:327:353234:0:0
1708784	TX_ANT	ff	328:0:10:27:1235
1708784	PKT	0:219:192890:328:353334:0:0
[VISION][STATUS] FPS=32 | mavi=— kirmizi=— | tespit=BEKLİYOR | kuyruk=0
1709784	TX_ANT	ff	332:0:10:23:191
1709784	PKT	0:219:190852:332:357008:0:0
1710784	TX_ANT	ff	328:0:10:23:250
1710784	PKT	0:219:190522:328:350966:0:0
1711785	TX_ANT	ff	327:0:10:20:204
1711785	PKT	0:218:188392:327:348808:0:0
1712784	TX_ANT	ff	331:0:10:20:168
1712784	PKT	0:218:186673:331:352801:0:0
1713784	TX_ANT	ff	327:0:10:29:892
1713784	PKT	0:218:186710:327:347126:0:0
[VISION][STATUS] FPS=32 | mavi=— kirmizi=— | tespit=BEKLİYOR | kuyruk=0
1714785	TX_ANT	ff	327:0:10:32:1111
1714785	PKT	0:218:191617:327:352033:0:0
1715784	TX_ANT	ff	328:0:10:27:2432
1715784	PKT	0:219:189853:328:350297:0:0
1716785	TX_ANT	ff	332:0:10:22:211
1716785	PKT	0:219:189331:332:355487:0:0
1717784	TX_ANT	ff	328:0:10:22:139
1717784	PKT	0:219:192290:328:352734:0:0
1718784	TX_ANT	ff	332:0:10:31:1790
1718784	PKT	0:219:190805:332:356961:0:0
[VISION][STATUS] FPS=32 | mavi=— kirmizi=— | tespit=BEKLİYOR | kuyruk=0
1719784	TX_ANT	ff	326:0:10:22:225
1719784	PKT	0:217:188678:326:349066:0:0
1720785	TX_ANT	ff	327:0:10:21:182
1720785	PKT	0:218:191279:327:351695:0:0
1721784	TX_ANT	ff	328:0:10:28:291
1721784	PKT	0:219:189914:328:350358:0:0
1722784	TX_ANT	ff	332:0:10:21:136
1722784	PKT	0:219:190194:332:356350:0:0
1723784	TX_ANT	ff	327:0:10:23:322
1723784	PKT	0:218:191433:327:351849:0:0
[VISION][STATUS] FPS=32 | mavi=— kirmizi=— | tespit=BEKLİYOR | kuyruk=0
1724785	TX_ANT	ff	328:0:10:19:151
1724785	PKT	0:219:193462:328:353906:0:0
1725784	TX_ANT	ff	332:0:10:20:130
1725784	PKT	0:219:193131:332:359287:0:0
1726784	TX_ANT	ff	327:0:10:34:1142
1726784	PKT	0:218:192518:327:352934:0:0
1727784	TX_ANT	ff	328:0:10:29:1102
1727784	PKT	0:219:196944:328:357388:0:0
1728785	TX_ANT	ff	333:0:10:21:667
1728785	PKT	0:220:201048:333:367232:0:0
[VISION][STATUS] FPS=32 | mavi=— kirmizi=— | tespit=BEKLİYOR | kuyruk=0
1729784	TX_ANT	ff	329:0:10:25:213
1729784	PKT	0:220:201017:329:361489:0:0
1730784	TX_ANT	ff	326:0:10:20:240
1730784	PKT	0:217:189295:326:349683:0:0
1731784	TX_ANT	ff	332:0:9:29:869
1731784	PKT	0:219:193209:332:359365:0:0
1732784	TX_ANT	ff	327:0:10:20:231
1732784	PKT	0:218:192150:327:352566:0:0
1733784	TX_ANT	ff	328:0:10:30:1351
1733784	PKT	0:219:191704:328:352148:0:0
[VISION][STATUS] FPS=32 | mavi=— kirmizi=— | tespit=BEKLİYOR | kuyruk=0
1734785	TX_ANT	ff	331:0:10:23:201
1734785	PKT	0:218:189490:331:355618:0:0
1735786	TX_ANT	ff	327:0:10:35:2709
1735786	PKT	0:218:189246:327:349662:0:0
1736785	TX_ANT	ff	328:0:10:21:175
1736785	PKT	0:219:192342:328:352786:0:0
1737784	TX_ANT	ff	332:0:10:21:198
1737784	PKT	0:219:191322:332:357478:0:0
1738784	TX_ANT	ff	328:0:10:22:296
1738784	PKT	0:219:191399:328:351843:0:0
[VISION][STATUS] FPS=32 | mavi=— kirmizi=— | tespit=BEKLİYOR | kuyruk=0
1739785	TX_ANT	ff	326:0:10:40:2599
1739785	PKT	0:217:190386:326:350774:0:0
1740784	TX_ANT	ff	327:0:10:21:212
1740784	PKT	0:218:190775:327:351191:0:0
1741785	TX_ANT	ff	332:0:10:24:884
1741785	PKT	0:219:190798:332:356954:0:0
1742784	TX_ANT	ff	327:0:10:21:257
1742784	PKT	0:218:191495:327:351911:0:0
1743786	TX_ANT	ff	328:0:10:27:314
1743786	PKT	0:219:189845:328:350289:0:0
[VISION][STATUS] FPS=32 | mavi=— kirmizi=— | tespit=BEKLİYOR | kuyruk=0
1744784	TX_ANT	ff	331:0:10:20:189
1744784	PKT	0:218:189821:331:355949:0:0
1745784	TX_ANT	ff	328:0:10:21:174
1745784	PKT	0:219:191613:328:352057:0:0
1746784	TX_ANT	ff	327:0:10:22:338
1746784	PKT	0:218:194455:327:354871:0:0
1747784	TX_ANT	ff	333:0:10:21:193
1747784	PKT	0:220:202937:333:369121:0:0
1748785	TX_ANT	ff	328:0:10:21:191
1748785	PKT	0:219:199283:328:359727:0:0
[VISION][STATUS] FPS=32 | mavi=— kirmizi=— | tespit=BEKLİYOR | kuyruk=0
1749784	TX_ANT	ff	326:0:10:22:306
1749784	PKT	0:217:195210:326:355598:0:0
1750788	TX_ANT	ff	331:0:9:29:2628
1750788	PKT	0:218:190703:331:356831:0:0
1751784	TX_ANT	ff	327:0:10:41:1277
1751784	PKT	0:218:191698:327:352114:0:0
1752784	TX_ANT	ff	327:0:10:27:1265
1752784	PKT	0:218:191716:327:352132:0:0
1753784	TX_ANT	ff	328:0:10:31:363
1753784	PKT	0:219:190305:328:350749:0:0
[VISION][STATUS] FPS=32 | mavi=— kirmizi=— | tespit=BEKLİYOR | kuyruk=0
1754785	TX_ANT	ff	331:0:10:25:591
1754785	PKT	0:218:189603:331:355731:0:0
1755785	TX_ANT	ff	327:0:10:25:307
1755785	PKT	0:218:188456:327:348872:0:0
1756784	TX_ANT	ff	328:0:10:21:175
1756784	PKT	0:219:189213:328:349657:0:0
1757784	TX_ANT	ff	331:0:9:21:168
1757784	PKT	0:218:192839:331:358967:0:0
1758784	TX_ANT	ff	327:0:10:26:871
1758784	PKT	0:218:194176:327:354592:0:0
[VISION][STATUS] FPS=32 | mavi=— kirmizi=— | tespit=BEKLİYOR | kuyruk=0
1759785	TX_ANT	ff	327:0:10:39:1452
1759785	PKT	0:218:194801:327:355217:0:0
1760785	TX_ANT	ff	328:0:10:37:1500
1760785	PKT	0:219:202958:328:363402:0:0
1761785	TX_ANT	ff	331:0:10:21:154
1761785	PKT	0:218:194122:331:360250:0:0
1762784	TX_ANT	ff	328:0:10:27:1335
1762784	PKT	0:219:189291:328:349735:0:0
1763785	TX_ANT	ff	327:0:9:26:714
1763785	PKT	0:218:188045:327:348461:0:0
[VISION][STATUS] FPS=32 | mavi=— kirmizi=— | tespit=BEKLİYOR | kuyruk=0
1764784	TX_ANT	ff	331:0:10:27:1268
1764784	PKT	0:218:189384:331:355512:0:0
1765784	TX_ANT	ff	327:0:10:21:191
1765784	PKT	0:218:189657:327:350073:0:0
1766784	TX_ANT	ff	328:0:10:51:5326
1766784	PKT	0:219:187666:328:348110:0:0
1767785	TX_ANT	ff	326:0:11:28:275
1767785	PKT	0:217:186995:326:347383:0:0
1768784	TX_ANT	ff	331:0:10:37:467
1768784	PKT	0:218:187942:331:354070:0:0
[VISION][STATUS] FPS=32 | mavi=— kirmizi=— | tespit=BEKLİYOR | kuyruk=0
1769785	TX_ANT	ff	326:0:10:28:951
1769785	PKT	0:217:187817:326:348205:0:0
1770784	TX_ANT	ff	327:0:10:25:909
1770784	PKT	0:218:189428:327:349844:0:0
1771784	TX_ANT	ff	326:0:10:38:1248
1771784	PKT	0:217:188253:326:348641:0:0
1772784	TX_ANT	ff	326:0:10:26:378
1772784	PKT	0:217:187462:326:347850:0:0
1773785	TX_ANT	ff	327:0:10:28:477
1773785	PKT	0:218:187984:327:348400:0:0
[VISION][STATUS] FPS=32 | mavi=— kirmizi=— | tespit=BEKLİYOR | kuyruk=0
1774785	TX_ANT	ff	330:0:10:24:934
1774785	PKT	0:217:188047:330:354147:0:0
1775785	TX_ANT	ff	327:0:10:30:469
1775785	PKT	0:218:187867:327:348283:0:0
1776784	TX_ANT	ff	327:0:10:22:519
1776784	PKT	0:218:187869:327:348285:0:0
1777785	TX_ANT	ff	328:0:10:23:177
1777785	PKT	0:219:194637:328:355081:0:0
1778784	TX_ANT	ff	333:0:10:21:190
1778784	PKT	0:220:196212:333:362396:0:0
[VISION][STATUS] FPS=32 | mavi=— kirmizi=— | tespit=BEKLİYOR | kuyruk=0
1779784	TX_ANT	ff	327:0:10:21:201
1779784	PKT	0:218:196476:327:356892:0:0
1780785	TX_ANT	ff	327:0:10:36:2298
1780785	PKT	0:218:196995:327:357411:0:0
1781785	TX_ANT	ff	332:0:10:22:175
1781785	PKT	0:219:198023:332:364179:0:0
1782784	TX_ANT	ff	327:0:10:30:2436
1782784	PKT	0:218:191606:327:352022:0:0
1783784	TX_ANT	ff	327:0:10:22:312
1783784	PKT	0:218:192043:327:352459:0:0
[VISION][STATUS] FPS=32 | mavi=— kirmizi=— | tespit=BEKLİYOR | kuyruk=0
1784784	TX_ANT	ff	332:0:10:27:507
1784784	PKT	0:219:193777:332:359933:0:0
1785784	TX_ANT	ff	328:0:10:30:442
1785784	PKT	0:219:197003:328:357447:0:0
1786784	TX_ANT	ff	328:0:10:25:936
1786784	PKT	0:219:193128:328:353572:0:0
1787784	TX_ANT	ff	332:0:10:28:218
1787784	PKT	0:219:190248:332:356404:0:0
1788785	TX_ANT	ff	327:0:10:21:185
1788785	PKT	0:218:187617:327:348033:0:0
[VISION][STATUS] FPS=32 | mavi=— kirmizi=— | tespit=BEKLİYOR | kuyruk=0
1789785	TX_ANT	ff	326:0:10:20:234
1789785	PKT	0:217:188445:326:348833:0:0
1790784	TX_ANT	ff	327:0:10:20:169
1790784	PKT	0:218:189072:327:349488:0:0
1791784	TX_ANT	ff	332:0:10:25:794
1791784	PKT	0:219:191918:332:358074:0:0
1792784	TX_ANT	ff	328:0:10:30:1251
1792784	PKT	0:219:194010:328:354454:0:0
1793784	TX_ANT	ff	332:0:10:36:2585
1793784	PKT	0:219:194115:332:360271:0:0
[VISION][STATUS] FPS=32 | mavi=— kirmizi=— | tespit=BEKLİYOR | kuyruk=0
1794785	TX_ANT	ff	328:0:10:18:145
1794785	PKT	0:219:195509:328:355953:0:0
1795785	TX_ANT	ff	328:0:10:25:1047
1795785	PKT	0:219:192469:328:352913:0:0
1796784	TX_ANT	ff	331:0:10:22:314
1796784	PKT	0:218:188043:331:354171:0:0
1797784	TX_ANT	ff	327:0:10:23:306
1797784	PKT	0:218:188688:327:349104:0:0
1798784	TX_ANT	ff	327:0:10:22:141
1798784	PKT	0:218:189677:327:350093:0:0
[VISION][STATUS] FPS=32 | mavi=— kirmizi=— | tespit=BEKLİYOR | kuyruk=0
1799784	TX_ANT	ff	328:0:10:21:198
1799784	PKT	0:219:189291:328:349735:0:0
1800785	TX_ANT	ff	332:0:10:43:3121
1800785	PKT	0:219:191363:332:357519:0:0
1801785	TX_ANT	ff	327:0:10:28:1147
1801785	PKT	0:218:191065:327:351481:0:0
1802784	TX_ANT	ff	328:0:10:24:206
1802784	PKT	0:219:191039:328:351483:0:0
1803785	TX_ANT	ff	332:0:10:22:197
1803785	PKT	0:219:192348:332:358504:0:0
[VISION][STATUS] FPS=32 | mavi=— kirmizi=— | tespit=BEKLİYOR | kuyruk=0
1804784	TX_ANT	ff	328:0:10:22:176
1804784	PKT	0:219:193345:328:353789:0:0
1805784	TX_ANT	ff	332:0:10:29:1345
1805784	PKT	0:219:191885:332:358041:0:0
1806784	TX_ANT	ff	327:0:10:33:2592
1806784	PKT	0:218:190743:327:351159:0:0
1807784	TX_ANT	ff	327:0:10:23:199
1807784	PKT	0:218:190714:327:351130:0:0
1808784	TX_ANT	ff	327:0:10:21:188
1808784	PKT	0:218:190833:327:351249:0:0
[VISION][STATUS] FPS=32 | mavi=— kirmizi=— | tespit=BEKLİYOR | kuyruk=0
1809784	TX_ANT	ff	331:0:10:22:188
1809784	PKT	0:218:189848:331:355976:0:0
1810784	TX_ANT	ff	327:0:10:22:364
1810784	PKT	0:218:189985:327:350401:0:0
1811785	TX_ANT	ff	328:0:10:20:366
1811785	PKT	0:219:189360:328:349804:0:0
1812784	TX_ANT	ff	327:0:10:20:234
1812784	PKT	0:218:186841:327:347257:0:0
1813784	TX_ANT	ff	331:0:10:22:221
1813784	PKT	0:218:188143:331:354271:0:0
[VISION][STATUS] FPS=32 | mavi=— kirmizi=— | tespit=BEKLİYOR | kuyruk=0
1814785	TX_ANT	ff	328:0:9:24:193
1814785	PKT	0:219:187245:328:347689:0:0
1815784	TX_ANT	ff	327:0:9:20:186
1815784	PKT	0:218:188435:327:348851:0:0
1816784	TX_ANT	ff	331:0:10:22:325
1816784	PKT	0:218:186976:331:353104:0:0
1817784	TX_ANT	ff	328:0:10:25:596
1817784	PKT	0:219:187354:328:347798:0:0
1818784	TX_ANT	ff	327:0:10:20:244
1818784	PKT	0:218:189753:327:350169:0:0
[VISION][STATUS] FPS=32 | mavi=— kirmizi=— | tespit=BEKLİYOR | kuyruk=0
1819784	TX_ANT	ff	326:0:10:21:183
1819784	PKT	0:217:186261:326:346649:0:0
1820785	TX_ANT	ff	331:0:9:28:619
1820785	PKT	0:218:187249:331:353377:0:0
1821785	TX_ANT	ff	327:0:10:28:906
1821785	PKT	0:218:187146:327:347562:0:0
1822784	TX_ANT	ff	326:0:10:23:290
1822784	PKT	0:217:187029:326:347417:0:0
1823784	TX_ANT	ff	326:0:10:27:257
1823784	PKT	0:217:187856:326:348244:0:0
[VISION][STATUS] FPS=32 | mavi=— kirmizi=— | tespit=BEKLİYOR | kuyruk=0
1824784	TX_ANT	ff	328:0:10:26:326
1824784	PKT	0:219:187959:328:348403:0:0
1825784	TX_ANT	ff	331:0:10:32:585
1825784	PKT	0:218:187509:331:353637:0:0
1826784	TX_ANT	ff	327:0:9:31:654
1826784	PKT	0:218:187531:327:347947:0:0
1827785	TX_ANT	ff	327:0:10:24:214
1827785	PKT	0:218:187473:327:347889:0:0
1828784	TX_ANT	ff	327:0:9:20:196
1828784	PKT	0:218:188134:327:348550:0:0
[VISION][STATUS] FPS=32 | mavi=— kirmizi=— | tespit=BEKLİYOR | kuyruk=0
1829784	TX_ANT	ff	331:0:10:25:1655
1829784	PKT	0:218:187396:331:353524:0:0
1830784	TX_ANT	ff	327:0:10:28:1196
1830784	PKT	0:218:189600:327:350016:0:0
1831784	TX_ANT	ff	327:0:10:20:198
1831784	PKT	0:218:188921:327:349337:0:0
1832784	TX_ANT	ff	327:0:10:21:537
1832784	PKT	0:218:188140:327:348556:0:0
1833784	TX_ANT	ff	331:0:10:22:313
1833784	PKT	0:218:187523:331:353651:0:0
[VISION][STATUS] FPS=32 | mavi=— kirmizi=— | tespit=BEKLİYOR | kuyruk=0
1834786	TX_ANT	ff	327:0:10:27:1093
1834786	PKT	0:218:186604:327:347020:0:0
1835785	TX_ANT	ff	327:0:10:20:223
1835785	PKT	0:218:187296:327:347712:0:0
1836784	TX_ANT	ff	327:0:10:23:335
1836784	PKT	0:218:185925:327:346341:0:0
1837784	TX_ANT	ff	330:0:10:26:775
1837784	PKT	0:217:185728:330:351828:0:0
1838785	TX_ANT	ff	327:0:10:21:241
1838785	PKT	0:218:186854:327:347270:0:0
[VISION][STATUS] FPS=32 | mavi=— kirmizi=— | tespit=BEKLİYOR | kuyruk=0
1839784	TX_ANT	ff	327:0:10:27:1615
1839784	PKT	0:218:186272:327:346688:0:0
1840785	TX_ANT	ff	328:0:10:25:609
1840785	PKT	0:219:185857:328:346301:0:0
1841784	TX_ANT	ff	330:0:10:27:1213
1841784	PKT	0:217:186166:330:352266:0:0
1842784	TX_ANT	ff	327:0:10:30:990
1842784	PKT	0:218:185936:327:346352:0:0
1843784	TX_ANT	ff	327:0:10:25:792
1843784	PKT	0:218:185361:327:345777:0:0
[VISION][STATUS] FPS=32 | mavi=— kirmizi=— | tespit=BEKLİYOR | kuyruk=0
1844784	TX_ANT	ff	326:0:10:22:189
1844784	PKT	0:217:185771:326:346159:0:0
1845784	TX_ANT	ff	326:0:10:21:339
1845784	PKT	0:217:185150:326:345538:0:0
1846788	TX_ANT	ff	332:0:10:20:180
1846788	PKT	0:219:196895:332:363051:0:0
1847785	TX_ANT	ff	328:0:10:28:1630
1847785	PKT	0:219:189910:328:350354:0:0
1848787	TX_ANT	ff	328:0:10:35:3872
1848787	PKT	0:219:192531:328:352975:0:0
1849785	TX_ANT	ff	331:0:10:19:174
1849785	PKT	0:218:186596:331:352724:0:0
[VISION][STATUS] FPS=32 | mavi=— kirmizi=— | tespit=BEKLİYOR | kuyruk=0
1850784	TX_ANT	ff	327:0:10:22:207
1850784	PKT	0:218:187626:327:348042:0:0
1851785	TX_ANT	ff	328:0:10:35:3964
1851785	PKT	0:219:189186:328:349630:0:0
1852784	TX_ANT	ff	326:0:10:24:274
1852784	PKT	0:217:185193:326:345581:0:0
1853785	TX_ANT	ff	331:0:10:21:398
1853785	PKT	0:218:186965:331:353093:0:0
1854784	TX_ANT	ff	327:0:10:25:179
1854784	PKT	0:218:185779:327:346195:0:0
[VISION][STATUS] FPS=32 | mavi=— kirmizi=— | tespit=BEKLİYOR | kuyruk=0
1855784	TX_ANT	ff	327:0:10:23:1056
1855784	PKT	0:218:186949:327:347365:0:0
1856784	TX_ANT	ff	327:0:10:24:309
1856784	PKT	0:218:186353:327:346769:0:0
1857784	TX_ANT	ff	331:0:10:31:905
1857784	PKT	0:218:188578:331:354706:0:0
1858784	TX_ANT	ff	327:0:10:31:889
1858784	PKT	0:218:190017:327:350433:0:0
1859784	TX_ANT	ff	327:0:10:32:915
1859784	PKT	0:218:189604:327:350020:0:0
[VISION][STATUS] FPS=32 | mavi=— kirmizi=— | tespit=BEKLİYOR | kuyruk=0
1860784	TX_ANT	ff	327:0:10:22:232
1860784	PKT	0:218:189705:327:350121:0:0
1861784	TX_ANT	ff	331:0:10:31:2645
1861784	PKT	0:218:190135:331:356263:0:0
1862785	TX_ANT	ff	327:0:10:22:178
1862785	PKT	0:218:189270:327:349686:0:0
1863785	TX_ANT	ff	327:0:10:21:195
1863785	PKT	0:218:188960:327:349376:0:0
1864784	TX_ANT	ff	332:0:9:23:199
1864784	PKT	0:219:189495:332:355651:0:0
[VISION][STATUS] FPS=32 | mavi=— kirmizi=— | tespit=BEKLİYOR | kuyruk=0
1865784	TX_ANT	ff	327:0:10:27:417
1865784	PKT	0:218:188751:327:349167:0:0
1866785	TX_ANT	ff	327:0:10:29:337
1866785	PKT	0:218:188170:327:348586:0:0
1867784	TX_ANT	ff	327:0:10:32:1647
1867784	PKT	0:218:189233:327:349649:0:0
1868784	TX_ANT	ff	326:0:10:34:883
1868784	PKT	0:217:188349:326:348737:0:0
1869784	TX_ANT	ff	331:0:10:29:1048
1869784	PKT	0:218:186919:331:353047:0:0
[VISION][STATUS] FPS=32 | mavi=— kirmizi=— | tespit=BEKLİYOR | kuyruk=0
1870784	TX_ANT	ff	327:0:10:24:259
1870784	PKT	0:218:185731:327:346147:0:0
1871784	TX_ANT	ff	327:0:10:19:146
1871784	PKT	0:218:186739:327:347155:0:0
1872786	TX_ANT	ff	326:0:10:20:246
1872786	PKT	0:217:185937:326:346325:0:0
1873787	TX_ANT	ff	331:0:10:22:782
1873787	PKT	0:218:188704:331:354832:0:0
1874784	TX_ANT	ff	326:0:10:20:233
1874784	PKT	0:217:187373:326:347761:0:0
[VISION][STATUS] FPS=32 | mavi=— kirmizi=— | tespit=BEKLİYOR | kuyruk=0
1875784	TX_ANT	ff	328:0:10:20:206
1875784	PKT	0:219:188644:328:349088:0:0
1876784	TX_ANT	ff	326:0:10:20:174
1876784	PKT	0:217:187329:326:347717:0:0
1877784	TX_ANT	ff	326:0:9:23:205
1877784	PKT	0:217:185817:326:346205:0:0
1878788	TX_ANT	ff	326:0:10:29:1343
1878788	PKT	0:217:185549:326:345937:0:0
1879784	TX_ANT	ff	330:0:10:25:204
1879784	PKT	0:217:185038:330:351138:0:0
[VISION][STATUS] FPS=32 | mavi=— kirmizi=— | tespit=BEKLİYOR | kuyruk=0
1880784	TX_ANT	ff	327:0:10:20:224
1880784	PKT	0:218:188070:327:348486:0:0
1881784	TX_ANT	ff	327:0:10:27:934
1881784	PKT	0:218:194955:327:355371:0:0
1882784	TX_ANT	ff	337:0:10:29:1221
1882784	PKT	0:224:208744:337:375040:0:0
1883784	TX_ANT	ff	346:0:10:32:1548
1883784	PKT	0:229:208549:346:380697:0:0
1884784	TX_ANT	ff	306:0:10:23:235
1884784	PKT	0:205:180952:306:329580:0:0
[VISION][STATUS] FPS=32 | mavi=— kirmizi=— | tespit=BEKLİYOR | kuyruk=0
1885784	TX_ANT	ff	331:0:10:23:1199
1885784	PKT	0:218:197775:331:363903:0:0
1886785	TX_ANT	ff	325:0:10:24:494
1886785	PKT	0:216:195696:325:356056:0:0
1887784	TX_ANT	ff	340:0:10:26:235
1887784	PKT	0:227:214322:340:380702:0:0
1888784	TX_ANT	ff	361:0:10:21:177
1888784	PKT	0:240:222908:361:401076:0:0
1889784	TX_ANT	ff	365:0:10:22:150
1889784	PKT	0:244:237460:365:415740:0:0
[VISION][STATUS] FPS=32 | mavi=— kirmizi=— | tespit=BEKLİYOR | kuyruk=0
1890785	TX_ANT	ff	344:0:10:21:196
1890785	PKT	0:227:213706:344:385798:0:0
1891784	TX_ANT	ff	305:0:10:23:472
1891784	PKT	0:204:174660:305:323260:0:0
1892785	TX_ANT	ff	373:0:10:27:348
1892785	PKT	0:248:241271:373:425375:0:0
1893784	TX_ANT	ff	332:0:10:26:1144
1893784	PKT	0:219:201692:332:367848:0:0
1894784	TX_ANT	ff	384:0:10:30:350
1894784	PKT	0:255:248270:384:438282:0:0
[VISION][STATUS] FPS=32 | mavi=— kirmizi=— | tespit=BEKLİYOR | kuyruk=0
1895784	TX_ANT	ff	363:0:10:31:1022
1895784	PKT	0:242:230213:363:408437:0:0
1896785	TX_ANT	ff	338:0:10:25:191
1896785	PKT	0:225:212469:338:378793:0:0
1897784	TX_ANT	ff	300:0:10:28:841
1897784	PKT	0:199:174728:300:323188:0:0
1898785	TX_ANT	ff	341:0:10:31:1511
1898785	PKT	0:228:205862:341:372270:0:0
1899784	TX_ANT	ff	416:0:10:19:203
1899784	PKT	0:275:277400:416:485108:0:0
[VISION][STATUS] FPS=32 | mavi=— kirmizi=— | tespit=BEKLİYOR | kuyruk=0
1900784	TX_ANT	ff	372:0:10:25:628
1900784	PKT	0:247:237568:372:421644:0:0
1901784	TX_ANT	ff	367:0:10:38:657
1901784	PKT	0:246:232794:367:411130:0:0
1902784	TX_ANT	ff	374:0:10:24:1080
1902784	PKT	0:249:232307:374:416439:0:0
1903784	TX_ANT	ff	379:0:10:19:197
1903784	PKT	0:250:232520:379:422392:0:0
1904784	TX_ANT	ff	307:0:10:21:106
1904784	PKT	0:206:177917:307:326573:0:0
[VISION][STATUS] FPS=32 | mavi=— kirmizi=— | tespit=BEKLİYOR | kuyruk=0
1905784	TX_ANT	ff	321:0:10:23:245
1905784	PKT	0:212:187190:321:347438:0:0
1906785	TX_ANT	ff	316:0:9:21:199
1906785	PKT	0:211:188454:316:342962:0:0
1907784	TX_ANT	ff	357:0:10:19:272
1907784	PKT	0:236:221491:357:399547:0:0
1908784	TX_ANT	ff	315:0:9:25:793
1908784	PKT	0:210:184252:315:338732:0:0
1909785	TX_ANT	ff	302:0:10:21:169
1909785	PKT	0:201:169783:302:318299:0:0
[VISION][STATUS] FPS=32 | mavi=— kirmizi=— | tespit=BEKLİYOR | kuyruk=0
1910784	TX_ANT	ff	309:0:9:24:193
1910784	PKT	0:204:179827:309:334139:0:0
1911784	TX_ANT	ff	329:0:10:21:195
1911784	PKT	0:220:200736:329:361208:0:0
1912784	TX_ANT	ff	393:0:10:25:374
1912784	PKT	0:260:256201:393:452065:0:0
1913785	TX_ANT	ff	294:0:10:30:1332
1913785	PKT	0:197:171426:294:314118:0:0
1914785	TX_ANT	ff	309:0:10:26:475
1914785	PKT	0:204:177742:309:332054:0:0
[VISION][STATUS] FPS=32 | mavi=— kirmizi=— | tespit=BEKLİYOR | kuyruk=0
1915785	TX_ANT	ff	222:0:10:26:202
1915785	PKT	0:149:104011:222:211087:0:0
1916784	TX_ANT	ff	238:0:10:26:218
1916784	PKT	0:157:115670:238:234394:0:0
1917784	TX_ANT	ff	193:0:10:28:180
1917784	PKT	0:128:68779:193:163843:0:0
1918784	TX_ANT	ff	214:0:10:29:289
1918784	PKT	0:141:86733:214:193585:0:0
1919784	TX_ANT	ff	278:0:10:28:191
1919784	PKT	0:185:155261:278:291905:0:0
[VISION][STATUS] FPS=32 | mavi=(306,454) kirmizi=— | tespit=BEKLİYOR | kuyruk=0
1920784	TX_ANT	ff	506:0:10:27:680
1920784	PKT	0:337:360265:506:609693:0:0
1921784	TX_ANT	ff	458:0:10:26:881
1921784	PKT	0:305:318427:458:544111:0:0
1922784	TX_ANT	ff	206:0:10:24:424
1922784	PKT	0:137:81045:206:182073:0:0
1923784	TX_ANT	ff	373:0:10:33:604
1923784	PKT	0:248:238682:373:422786:0:0
1924784	TX_ANT	ff	386:0:10:34:1946
1924784	PKT	0:257:250401:386:440469:0:0
[VISION][STATUS] FPS=32 | mavi=— kirmizi=— | tespit=BEKLİYOR | kuyruk=0
1925786	TX_ANT	ff	418:0:10:26:772
1925786	PKT	0:277:281929:418:489693:0:0
1926785	TX_ANT	ff	411:0:10:24:587
1926785	PKT	0:274:278541:411:480509:0:0
1927785	TX_ANT	ff	422:0:10:28:738
1927785	PKT	0:281:288836:422:496712:0:0
1928784	TX_ANT	ff	331:0:10:29:863
1928784	PKT	0:218:194934:331:361062:0:0
1929784	TX_ANT	ff	423:0:10:24:288
1929784	PKT	0:282:285083:423:492987:0:0
[VISION][STATUS] FPS=32 | mavi=— kirmizi=— | tespit=BEKLİYOR | kuyruk=0
1930784	TX_ANT	ff	385:0:10:26:421
1930784	PKT	0:256:249028:385:439068:0:0
1931784	TX_ANT	ff	337:0:10:25:487
1931784	PKT	0:224:205104:337:371400:0:0
1932784	TX_ANT	ff	336:0:10:24:474
1932784	PKT	0:223:204989:336:371257:0:0
1933784	TX_ANT	ff	331:0:10:20:233
1933784	PKT	0:222:203211:331:363739:0:0
1934784	TX_ANT	ff	348:0:10:21:384
1934784	PKT	0:231:213455:348:385659:0:0
[VISION][STATUS] FPS=32 | mavi=— kirmizi=— | tespit=BEKLİYOR | kuyruk=0
1935785	TX_ANT	ff	361:0:10:20:185
1935785	PKT	0:240:225294:361:403462:0:0
1936784	TX_ANT	ff	410:0:10:24:365
1936784	PKT	0:273:272947:410:474887:0:0
1937784	TX_ANT	ff	373:0:10:28:269
1937784	PKT	0:248:235028:373:419132:0:0
1938785	TX_ANT	ff	331:0:10:27:1362
1938785	PKT	0:218:196414:331:362542:0:0
1939784	TX_ANT	ff	342:0:10:30:1291
1939784	PKT	0:229:211186:342:377622:0:0
[VISION][STATUS] FPS=32 | mavi=— kirmizi=— | tespit=BEKLİYOR | kuyruk=0
1940784	TX_ANT	ff	312:0:10:24:205
1940784	PKT	0:207:176338:312:330734:0:0
1941784	TX_ANT	ff	303:0:10:24:362
1941784	PKT	0:202:174253:303:322797:0:0
1942784	TX_ANT	ff	298:0:10:26:284
1942784	PKT	0:197:167991:298:316395:0:0
1943784	TX_ANT	ff	340:0:10:22:880
1943784	PKT	0:227:213007:340:379387:0:0
1944784	TX_ANT	ff	349:0:9:31:331
1944784	PKT	0:232:214874:349:387106:0:0
[VISION][STATUS] FPS=32 | mavi=— kirmizi=— | tespit=BEKLİYOR | kuyruk=0
1945784	TX_ANT	ff	403:0:10:24:440
1945784	PKT	0:266:265711:403:467455:0:0
1946784	TX_ANT	ff	391:0:10:20:255
1946784	PKT	0:262:256587:391:446795:0:0
1947784	TX_ANT	ff	368:0:10:25:207
1947784	PKT	0:243:235020:368:418984:0:0
1948784	TX_ANT	ff	459:0:10:25:313
1948784	PKT	0:306:323851:459:549563:0:0
1949784	TX_ANT	ff	397:0:10:22:209
1949784	PKT	0:264:259243:397:455219:0:0
[VISION][STATUS] FPS=32 | mavi=— kirmizi=— | tespit=BEKLİYOR | kuyruk=0
1950785	TX_ANT	ff	348:0:10:19:145
1950785	PKT	0:231:217421:348:389625:0:0
1951785	TX_ANT	ff	334:0:10:24:223
1951785	PKT	0:221:199925:334:366137:0:0
1952784	TX_ANT	ff	289:0:10:24:224
1952784	PKT	0:192:158106:289:300658:0:0
1953784	TX_ANT	ff	265:0:10:25:199
1953784	PKT	0:176:138083:265:268763:0:0
1954784	TX_ANT	ff	268:0:10:23:162
1954784	PKT	0:179:140884:268:271648:0:0
[VISION][STATUS] FPS=32 | mavi=— kirmizi=— | tespit=BEKLİYOR | kuyruk=0
1955784	TX_ANT	ff	257:0:10:22:250
1955784	PKT	0:172:129933:257:254789:0:0
1956784	TX_ANT	ff	252:0:10:22:188
1956784	PKT	0:167:129126:252:253842:0:0
1957784	TX_ANT	ff	263:0:10:21:370
1957784	PKT	0:174:135832:263:266456:0:0
1958784	TX_ANT	ff	254:0:10:22:170
1958784	PKT	0:169:127174:254:251946:0:0
1959784	TX_ANT	ff	262:0:10:30:299
1959784	PKT	0:173:131956:262:262552:0:0
[VISION][STATUS] FPS=32 | mavi=— kirmizi=— | tespit=BEKLİYOR | kuyruk=0
1960784	TX_ANT	ff	252:0:10:25:222
1960784	PKT	0:167:125743:252:250459:0:0
1961784	TX_ANT	ff	257:0:10:21:146
1961784	PKT	0:172:129531:257:254387:0:0
1962784	TX_ANT	ff	251:0:10:23:161
1962784	PKT	0:166:127288:251:251976:0:0
1963784	TX_ANT	ff	244:0:10:26:362
1963784	PKT	0:163:121548:244:240440:0:0
1964784	TX_ANT	ff	263:0:10:25:867
1964784	PKT	0:174:135318:263:265942:0:0
[VISION][STATUS] FPS=32 | mavi=— kirmizi=— | tespit=BEKLİYOR | kuyruk=0
1965785	TX_ANT	ff	253:0:10:22:184
1965785	PKT	0:168:127237:253:251981:0:0
1966784	TX_ANT	ff	250:0:9:26:581
1966784	PKT	0:165:123293:250:247953:0:0
1967784	TX_ANT	ff	258:0:10:26:433
1967784	PKT	0:173:132981:258:257865:0:0
1968784	TX_ANT	ff	252:0:10:29:861
1968784	PKT	0:167:124710:252:249426:0:0
1969784	TX_ANT	ff	254:0:10:22:198
1969784	PKT	0:169:131567:254:256339:0:0
[VISION][STATUS] FPS=32 | mavi=— kirmizi=— | tespit=BEKLİYOR | kuyruk=0
1970784	TX_ANT	ff	259:0:9:22:183
1970784	PKT	0:170:130605:259:261117:0:0
1971784	TX_ANT	ff	254:0:10:22:183
1971784	PKT	0:169:129219:254:253991:0:0
1972785	TX_ANT	ff	265:0:10:25:252
1972785	PKT	0:176:139787:265:270467:0:0
1973784	TX_ANT	ff	246:0:10:26:871
1973784	PKT	0:165:121543:246:240491:0:0
1974784	TX_ANT	ff	261:0:10:33:826
1974784	PKT	0:172:132284:261:262852:0:0
[VISION][STATUS] FPS=32 | mavi=— kirmizi=— | tespit=BEKLİYOR | kuyruk=0
1975784	TX_ANT	ff	258:0:10:25:321
1975784	PKT	0:173:134763:258:259647:0:0
1976784	TX_ANT	ff	252:0:10:21:181
1976784	PKT	0:167:126261:252:250977:0:0
1977785	TX_ANT	ff	253:0:10:22:145
1977785	PKT	0:168:129428:253:254172:0:0
1978784	TX_ANT	ff	247:0:10:25:284
1978784	PKT	0:162:119385:247:243961:0:0
1979784	TX_ANT	ff	258:0:10:22:154
1979784	PKT	0:173:130448:258:255332:0:0
[VISION][STATUS] FPS=32 | mavi=— kirmizi=— | tespit=BEKLİYOR | kuyruk=0
1980788	TX_ANT	ff	251:0:10:24:188
1980788	PKT	0:166:125551:251:250239:0:0
1981785	TX_ANT	ff	255:0:10:22:216
1981785	PKT	0:170:128201:255:253001:0:0
1982784	TX_ANT	ff	255:0:9:26:349
1982784	PKT	0:170:126761:255:251561:0:0
1983784	TX_ANT	ff	246:0:10:23:181
1983784	PKT	0:161:121970:246:246518:0:0
1984785	TX_ANT	ff	254:0:10:23:233
1984785	PKT	0:169:130107:254:254879:0:0
[VISION][STATUS] FPS=32 | mavi=— kirmizi=— | tespit=BEKLİYOR | kuyruk=0
1985784	TX_ANT	ff	252:0:10:26:234
1985784	PKT	0:167:128762:252:253478:0:0
1986784	TX_ANT	ff	257:0:10:33:1395
1986784	PKT	0:172:131224:257:256080:0:0
1987784	TX_ANT	ff	253:0:10:22:182
1987784	PKT	0:168:129425:253:254169:0:0
1988788	TX_ANT	ff	251:0:10:23:164
1988788	PKT	0:166:124406:251:249094:0:0
1989785	TX_ANT	ff	255:0:10:23:211
1989785	PKT	0:170:133934:255:258734:0:0
[VISION][STATUS] FPS=32 | mavi=— kirmizi=— | tespit=BEKLİYOR | kuyruk=0
1990784	TX_ANT	ff	253:0:10:27:202
1990784	PKT	0:168:129352:253:254096:0:0
1991784	TX_ANT	ff	240:0:10:35:1570
1991784	PKT	0:159:118064:240:236844:0:0
1992784	TX_ANT	ff	267:0:10:22:188
1992784	PKT	0:178:141540:267:272276:0:0
1993784	TX_ANT	ff	248:0:10:19:126
1993784	PKT	0:163:123549:248:248153:0:0
1994784	TX_ANT	ff	248:0:10:21:135
1994784	PKT	0:167:129390:248:248394:0:0
[VISION][STATUS] FPS=32 | mavi=— kirmizi=— | tespit=BEKLİYOR | kuyruk=0
1995785	TX_ANT	ff	253:0:10:23:208
1995785	PKT	0:168:128992:253:253736:0:0
1996784	TX_ANT	ff	238:0:10:21:148
1996784	PKT	0:157:119274:238:237998:0:0
1997784	TX_ANT	ff	289:0:9:29:858
1997784	PKT	0:192:160770:289:303322:0:0
1998784	TX_ANT	ff	287:0:10:44:3414
1998784	PKT	0:190:161605:287:304101:0:0
1999784	TX_ANT	ff	290:0:10:24:1144
1999784	PKT	0:193:163247:290:305827:0:0
[VISION][STATUS] FPS=32 | mavi=— kirmizi=— | tespit=BEKLİYOR | kuyruk=0
2000784	TX_ANT	ff	255:0:10:32:836
2000784	PKT	0:170:127735:255:252535:0:0
2001784	TX_ANT	ff	260:0:10:25:224
2001784	PKT	0:171:130258:260:260798:0:0
2002784	TX_ANT	ff	256:0:10:29:269
2002784	PKT	0:171:133411:256:258239:0:0
2003784	TX_ANT	ff	251:0:9:42:1075
2003784	PKT	0:166:124173:251:248861:0:0
2004784	TX_ANT	ff	264:0:9:23:190
2004784	PKT	0:175:132583:264:263235:0:0
[VISION][STATUS] FPS=32 | mavi=— kirmizi=— | tespit=BEKLİYOR | kuyruk=0
2005784	TX_ANT	ff	248:0:10:24:181
2005784	PKT	0:167:125774:248:244778:0:0
2006784	TX_ANT	ff	261:0:10:22:184
2006784	PKT	0:172:130734:261:261302:0:0
2007784	TX_ANT	ff	266:0:9:33:889
2007784	PKT	0:177:134517:266:265225:0:0
2008786	TX_ANT	ff	255:0:10:23:196
2008786	PKT	0:170:129880:255:254680:0:0
2009785	TX_ANT	ff	261:0:10:20:138
2009785	PKT	0:172:131674:261:262242:0:0
[VISION][STATUS] FPS=32 | mavi=— kirmizi=— | tespit=BEKLİYOR | kuyruk=0
2010784	TX_ANT	ff	255:0:10:25:890
2010784	PKT	0:170:125615:255:250415:0:0
2011784	TX_ANT	ff	255:0:10:29:1021
2011784	PKT	0:170:131773:255:256573:0:0
2012784	TX_ANT	ff	264:0:10:30:959
2012784	PKT	0:175:132756:264:263408:0:0
2013784	TX_ANT	ff	239:0:10:26:191
2013784	PKT	0:158:116348:239:235100:0:0
2014784	TX_ANT	ff	256:0:10:25:472
2014784	PKT	0:171:131026:256:255854:0:0
[VISION][STATUS] FPS=32 | mavi=— kirmizi=— | tespit=BEKLİYOR | kuyruk=0
2015784	TX_ANT	ff	252:0:10:25:207
2015784	PKT	0:167:127860:252:252576:0:0
2016784	TX_ANT	ff	253:0:10:24:201
2016784	PKT	0:168:125488:253:250232:0:0
2017784	TX_ANT	ff	267:0:10:31:1040
2017784	PKT	0:178:138374:267:269110:0:0
2018785	TX_ANT	ff	262:0:10:27:194
2018785	PKT	0:173:127780:262:258376:0:0
2019784	TX_ANT	ff	243:0:10:22:153
2019784	PKT	0:162:121951:243:240815:0:0
[VISION][STATUS] FPS=32 | mavi=— kirmizi=— | tespit=BEKLİYOR | kuyruk=0
2020784	TX_ANT	ff	263:0:9:25:222
2020784	PKT	0:174:135533:263:266157:0:0
2021785	TX_ANT	ff	254:0:10:26:798
2021785	PKT	0:169:128372:254:253144:0:0
2022785	TX_ANT	ff	263:0:10:21:157
2022785	PKT	0:174:134654:263:265278:0:0
2023784	TX_ANT	ff	262:0:10:25:301
2023784	PKT	0:173:133936:262:264532:0:0
2024784	TX_ANT	ff	243:0:10:26:303
2024784	PKT	0:162:123054:243:241918:0:0
[VISION][STATUS] FPS=32 | mavi=— kirmizi=— | tespit=BEKLİYOR | kuyruk=0
2025784	TX_ANT	ff	264:0:10:23:269
2025784	PKT	0:175:134919:264:265571:0:0
2026784	TX_ANT	ff	245:0:10:23:174
2026784	PKT	0:164:125819:245:244739:0:0
2027784	TX_ANT	ff	253:0:10:25:271
2027784	PKT	0:168:127602:253:252346:0:0
2028784	TX_ANT	ff	263:0:10:32:1157
2028784	PKT	0:174:132363:263:262987:0:0
2029784	TX_ANT	ff	299:0:10:36:1721
2029784	PKT	0:198:170980:299:319412:0:0
[VISION][STATUS] FPS=32 | mavi=— kirmizi=— | tespit=BEKLİYOR | kuyruk=0
2030784	TX_ANT	ff	328:0:10:30:412
2030784	PKT	0:219:199516:328:359960:0:0
2031785	TX_ANT	ff	374:0:10:29:464
2031785	PKT	0:249:240362:374:424494:0:0
2032784	TX_ANT	ff	346:0:10:23:206
2032784	PKT	0:229:214315:346:386463:0:0
2033784	TX_ANT	ff	390:0:10:22:219
2033784	PKT	0:261:257417:390:447597:0:0
2034785	TX_ANT	ff	391:0:9:21:198
2034785	PKT	0:258:253615:391:449423:0:0
[VISION][STATUS] FPS=32 | mavi=— kirmizi=— | tespit=BEKLİYOR | kuyruk=0
2035785	TX_ANT	ff	324:0:10:31:1108
2035785	PKT	0:215:191963:324:352295:0:0
2036785	TX_ANT	ff	294:0:10:41:4041
2036785	PKT	0:197:164595:294:307287:0:0
2037785	TX_ANT	ff	286:0:10:20:161
2037785	PKT	0:189:154934:286:297402:0:0
2038784	TX_ANT	ff	267:0:10:22:402
2038784	PKT	0:178:147035:267:277771:0:0
2039784	TX_ANT	ff	279:0:10:21:139
2039784	PKT	0:186:152556:279:289228:0:0
[VISION][STATUS] FPS=32 | mavi=— kirmizi=— | tespit=BEKLİYOR | kuyruk=0
2040785	TX_ANT	ff	284:0:10:24:250
2040785	PKT	0:187:154632:284:297044:0:0
2041784	TX_ANT	ff	278:0:10:25:190
2041784	PKT	0:185:153615:278:290259:0:0
2042784	TX_ANT	ff	288:0:10:31:310
2042784	PKT	0:191:161033:288:303557:0:0
2043785	TX_ANT	ff	276:0:10:29:783
2043785	PKT	0:183:149984:276:286572:0:0
2044785	TX_ANT	ff	268:0:10:26:274
2044785	PKT	0:179:149310:268:280074:0:0
[VISION][STATUS] FPS=32 | mavi=(424,420) kirmizi=— | tespit=BEKLİYOR | kuyruk=0
2045784	TX_ANT	ff	275:0:10:32:1144
2045784	PKT	0:182:149531:275:286091:0:0
2046784	TX_ANT	ff	288:0:10:28:625
2046784	PKT	0:191:158235:288:300759:0:0
2047784	TX_ANT	ff	354:0:10:30:338
2047784	PKT	0:237:221989:354:394361:0:0
2048785	TX_ANT	ff	310:0:10:24:984
2048785	PKT	0:205:179664:310:334004:0:0
2049785	TX_ANT	ff	325:0:10:24:314
2049785	PKT	0:216:194677:325:355037:0:0
[VISION][STATUS] FPS=32 | mavi=— kirmizi=— | tespit=BEKLİYOR | kuyruk=0
2050784	TX_ANT	ff	303:0:10:27:320
2050784	PKT	0:202:169427:303:317971:0:0
2051784	TX_ANT	ff	278:0:10:35:1141
2051784	PKT	0:185:149357:278:286001:0:0
2052784	TX_ANT	ff	309:0:10:23:290
2052784	PKT	0:204:176081:309:330393:0:0
2053785	TX_ANT	ff	461:0:10:22:553
2053785	PKT	0:308:325297:461:551065:0:0
2054785	TX_ANT	ff	471:0:10:30:884
2054785	PKT	0:314:329333:471:560981:0:0
[VISION][STATUS] FPS=33 | mavi=— kirmizi=— | tespit=BEKLİYOR | kuyruk=0
2055784	TX_ANT	ff	454:0:10:30:484
2055784	PKT	0:301:314530:454:540102:0:0
2056784	TX_ANT	ff	446:0:10:20:169
2056784	PKT	0:297:306793:446:526541:0:0
2057784	TX_ANT	ff	440:0:10:33:2384
2057784	PKT	0:291:304029:440:523609:0:0
2058784	TX_ANT	ff	428:0:10:29:1522
2058784	PKT	0:287:296440:428:504484:0:0
2059784	TX_ANT	ff	428:0:10:28:1164
2059784	PKT	0:283:287884:428:501528:0:0
2060784	TX_ANT	ff	448:0:10:23:1024
2060784	PKT	0:299:308529:448:528333:0:0
[VISION][STATUS] FPS=32 | mavi=— kirmizi=— | tespit=BEKLİYOR | kuyruk=0
2061785	TX_ANT	ff	443:0:10:27:548
2061785	PKT	0:294:302945:443:522609:0:0
2062785	TX_ANT	ff	445:0:10:20:281
2062785	PKT	0:296:306783:445:526503:0:0
2063784	TX_ANT	ff	445:0:10:21:199
2063784	PKT	0:296:305834:445:525554:0:0
2064784	TX_ANT	ff	442:0:10:30:1454
2064784	PKT	0:293:300506:442:520142:0:0
2065784	TX_ANT	ff	447:0:10:26:1000
2065784	PKT	0:298:311548:447:531324:0:0
[VISION][STATUS] FPS=32 | mavi=— kirmizi=— | tespit=BEKLİYOR | kuyruk=0
2066784	TX_ANT	ff	431:0:10:25:384
2066784	PKT	0:286:295174:431:508902:0:0
2067784	TX_ANT	ff	411:0:9:34:1314
2067784	PKT	0:275:279689:411:481597:0:0
2068784	TX_ANT	ff	467:0:10:23:288
2068784	PKT	0:310:325541:467:557077:0:0
2069784	TX_ANT	ff	447:0:10:34:4164
2069784	PKT	0:298:310708:447:530484:0:0
2070784	TX_ANT	ff	443:0:10:25:1266
2070784	PKT	0:294:300973:443:520637:0:0
[VISION][STATUS] FPS=32 | mavi=— kirmizi=— | tespit=BEKLİYOR | kuyruk=0
2071784	TX_ANT	ff	446:0:10:23:1873
2071784	PKT	0:297:302402:446:522150:0:0
2072784	TX_ANT	ff	431:0:10:20:893
2072784	PKT	0:286:289421:431:503149:0:0
2073785	TX_ANT	ff	423:0:10:20:209
2073785	PKT	0:282:282813:423:490717:0:0
2074784	TX_ANT	ff	432:0:10:26:1226
2074784	PKT	0:287:294576:432:508332:0:0
2075784	TX_ANT	ff	480:0:10:30:716
2075784	PKT	0:319:339194:480:576694:0:0
[VISION][STATUS] FPS=32 | mavi=— kirmizi=— | tespit=BEKLİYOR | kuyruk=0
2076784	TX_ANT	ff	475:0:10:24:189
2076784	PKT	0:318:336305:475:568065:0:0
2077784	TX_ANT	ff	475:0:10:17:181
2077784	PKT	0:314:331598:475:568958:0:0
2078784	TX_ANT	ff	470:0:10:26:2913
2078784	PKT	0:313:330225:470:561845:0:0
2079784	TX_ANT	ff	482:0:10:35:1492
2079784	PKT	0:321:341555:482:579111:0:0
2080785	TX_ANT	ff	450:0:10:25:369
2080785	PKT	0:301:309433:450:529293:0:0
[VISION][STATUS] FPS=32 | mavi=— kirmizi=— | tespit=BEKLİYOR | kuyruk=0
2081785	TX_ANT	ff	465:0:10:21:199
2081785	PKT	0:308:324028:465:555508:0:0
2082785	TX_ANT	ff	435:0:9:31:1447
2082785	PKT	0:290:294548:435:508388:0:0
2083784	TX_ANT	ff	441:0:10:34:3073
2083784	PKT	0:292:302943:441:522551:0:0
2084784	TX_ANT	ff	460:0:10:23:1296
2084784	PKT	0:307:322993:460:548733:0:0
2085784	TX_ANT	ff	448:0:10:29:637
2085784	PKT	0:299:313365:448:533169:0:0
[VISION][STATUS] FPS=32 | mavi=— kirmizi=— | tespit=BEKLİYOR | kuyruk=0
2086784	TX_ANT	ff	438:0:10:26:345
2086784	PKT	0:289:296154:438:515678:0:0
2087785	TX_ANT	ff	385:0:10:32:1962
2087785	PKT	0:256:251398:385:441438:0:0
2088785	TX_ANT	ff	343:0:10:30:1184
2088785	PKT	0:230:213426:343:379890:0:0
2089784	TX_ANT	ff	419:0:10:27:499
2089784	PKT	0:278:278347:419:486139:0:0
2090784	TX_ANT	ff	266:0:10:30:724
2090784	PKT	0:177:141310:266:272018:0:0
[VISION][STATUS] FPS=32 | mavi=— kirmizi=— | tespit=BEKLİYOR | kuyruk=0
2091784	TX_ANT	ff	193:0:10:27:188
2091784	PKT	0:128:63218:193:158282:0:0
2092784	TX_ANT	ff	192:0:10:35:1084
2092784	PKT	0:127:57913:192:152949:0:0
2093784	TX_ANT	ff	400:0:10:23:187
2093784	PKT	0:267:265747:400:461807:0:0
2094784	TX_ANT	ff	384:0:10:28:1161
2094784	PKT	0:255:249450:384:439462:0:0
2095784	TX_ANT	ff	215:0:10:37:1220
2095784	PKT	0:142:90863:215:197743:0:0
[VISION][STATUS] FPS=32 | mavi=— kirmizi=— | tespit=BEKLİYOR | kuyruk=0
2096788	TX_ANT	ff	193:0:10:31:819
2096788	PKT	0:128:70048:193:165112:0:0
2097784	TX_ANT	ff	213:0:10:28:193
2097784	PKT	0:140:88282:213:195106:0:0
2098784	TX_ANT	ff	200:0:9:32:1064
2098784	PKT	0:135:82746:200:178006:0:0
2099784	TX_ANT	ff	260:0:9:21:161
2099784	PKT	0:171:132435:260:262975:0:0
2100784	TX_ANT	ff	402:0:10:22:245
2100784	PKT	0:269:270923:402:467039:0:0
[VISION][STATUS] FPS=32 | mavi=— kirmizi=— | tespit=BEKLİYOR | kuyruk=0
2101784	TX_ANT	ff	368:0:9:21:217
2101784	PKT	0:243:232171:368:416135:0:0
2102784	TX_ANT	ff	431:0:10:25:417
2102784	PKT	0:286:289010:431:502738:0:0
2103784	TX_ANT	ff	488:0:10:23:939
2103784	PKT	0:327:351858:488:589582:0:0
2104784	TX_ANT	ff	372:0:10:22:205
2104784	PKT	0:247:238799:372:422875:0:0
2105784	TX_ANT	ff	418:0:10:31:603
2105784	PKT	0:277:280979:418:488743:0:0
[VISION][STATUS] FPS=32 | mavi=— kirmizi=— | tespit=BEKLİYOR | kuyruk=0
2106784	TX_ANT	ff	454:0:10:25:953
2106784	PKT	0:301:314640:454:540212:0:0
2107784	TX_ANT	ff	462:0:10:27:489
2107784	PKT	0:309:322950:462:548746:0:0
2108786	TX_ANT	ff	411:0:10:21:326
2108786	PKT	0:274:276039:411:478007:0:0
2109784	TX_ANT	ff	490:0:9:17:224
2109784	PKT	0:325:342061:490:585441:0:0
2110784	TX_ANT	ff	480:0:10:25:983
2110784	PKT	0:319:336767:480:574267:0:0
[VISION][STATUS] FPS=32 | mavi=— kirmizi=— | tespit=BEKLİYOR | kuyruk=0
2111785	TX_ANT	ff	400:0:10:26:612
2111785	PKT	0:267:266583:400:462643:0:0
2112784	TX_ANT	ff	396:0:10:23:305
2112784	PKT	0:263:256002:396:451950:0:0
2113784	TX_ANT	ff	416:0:10:32:3117
2113784	PKT	0:275:272469:416:480177:0:0
2114784	TX_ANT	ff	363:0:10:36:1271
2114784	PKT	0:242:231964:363:410188:0:0
2115784	TX_ANT	ff	359:0:10:20:189
2115784	PKT	0:238:226646:359:404758:0:0
[VISION][STATUS] FPS=32 | mavi=— kirmizi=— | tespit=BEKLİYOR | kuyruk=0
2116784	TX_ANT	ff	341:0:10:19:156
2116784	PKT	0:228:211929:341:378337:0:0
2117784	TX_ANT	ff	340:0:10:23:202
2117784	PKT	0:227:211343:340:377723:0:0
2118784	TX_ANT	ff	346:0:10:29:299
2118784	PKT	0:229:213058:346:385206:0:0
2119784	TX_ANT	ff	345:0:10:29:565
2119784	PKT	0:228:213193:345:385313:0:0
2120784	TX_ANT	ff	363:0:10:30:894
2120784	PKT	0:242:232489:363:410713:0:0
[VISION][STATUS] FPS=32 | mavi=— kirmizi=— | tespit=BEKLİYOR | kuyruk=0
2121784	TX_ANT	ff	422:0:10:27:497
2121784	PKT	0:281:285122:422:492998:0:0
2122784	TX_ANT	ff	408:0:10:27:945
2122784	PKT	0:271:268539:408:470423:0:0
2123784	TX_ANT	ff	397:0:10:22:321
2123784	PKT	0:264:263831:397:459807:0:0
2124785	TX_ANT	ff	384:0:10:28:1026
2124785	PKT	0:255:253421:384:443433:0:0
2125784	TX_ANT	ff	390:0:10:22:1257
2125784	PKT	0:261:255893:390:446073:0:0
[VISION][STATUS] FPS=32 | mavi=— kirmizi=— | tespit=BEKLİYOR | kuyruk=0
2126784	TX_ANT	ff	454:0:10:34:1730
2126784	PKT	0:301:311588:454:537160:0:0
2127785	TX_ANT	ff	457:0:10:25:341
2127785	PKT	0:304:316808:457:542464:0:0
2128786	TX_ANT	ff	432:0:10:26:625
2128786	PKT	0:287:296044:432:509800:0:0
2129784	TX_ANT	ff	420:0:10:24:918
2129784	PKT	0:279:282331:420:490151:0:0
2130784	TX_ANT	ff	400:0:10:34:1101
2130784	PKT	0:267:269797:400:465857:0:0
[VISION][STATUS] FPS=32 | mavi=— kirmizi=— | tespit=BEKLİYOR | kuyruk=0
2131784	TX_ANT	ff	393:0:10:29:319
2131784	PKT	0:260:255221:393:451085:0:0
2132784	TX_ANT	ff	379:0:10:21:194
2132784	PKT	0:254:249288:379:433560:0:0
2133785	TX_ANT	ff	382:0:10:21:355
2133785	PKT	0:253:246801:382:436757:0:0
2134784	TX_ANT	ff	377:0:10:20:309
2134784	PKT	0:252:245560:377:429776:0:0
2135784	TX_ANT	ff	394:0:9:28:1592
2135784	PKT	0:261:253893:394:449785:0:0
[VISION][STATUS] FPS=32 | mavi=— kirmizi=— | tespit=BEKLİYOR | kuyruk=0
2136784	TX_ANT	ff	397:0:9:28:664
2136784	PKT	0:264:261510:397:457486:0:0
2137784	TX_ANT	ff	385:0:10:20:170
2137784	PKT	0:256:250170:385:440210:0:0
2138784	TX_ANT	ff	382:0:10:25:595
2138784	PKT	0:253:246793:382:436749:0:0
2139784	TX_ANT	ff	384:0:10:31:402
2139784	PKT	0:255:248690:384:438702:0:0
2140784	TX_ANT	ff	368:0:10:21:206
2140784	PKT	0:247:239931:368:418295:0:0
[VISION][STATUS] FPS=32 | mavi=— kirmizi=— | tespit=BEKLİYOR | kuyruk=0
2141785	TX_ANT	ff	392:0:10:34:889
2141785	PKT	0:259:255213:392:451049:0:0
2142784	TX_ANT	ff	385:0:10:35:3991
2142784	PKT	0:256:251231:385:441271:0:0
2143784	TX_ANT	ff	401:0:10:23:236
2143784	PKT	0:268:264683:401:460771:0:0
2144784	TX_ANT	ff	491:0:10:29:1376
2144784	PKT	0:326:350120:491:593528:0:0
2145784	TX_ANT	ff	481:0:10:28:795
2145784	PKT	0:320:338767:481:576295:0:0
[VISION][STATUS] FPS=32 | mavi=— kirmizi=— | tespit=BEKLİYOR | kuyruk=0
2146784	TX_ANT	ff	478:0:10:26:568
2146784	PKT	0:317:334527:478:571971:0:0
2147785	TX_ANT	ff	486:0:9:42:1516
2147785	PKT	0:325:343199:486:580867:0:0
2148784	TX_ANT	ff	480:0:10:23:365
2148784	PKT	0:319:340348:480:577848:0:0
2149784	TX_ANT	ff	470:0:9:25:338
2149784	PKT	0:313:334821:470:566441:0:0
2150784	TX_ANT	ff	490:0:9:35:1273
2150784	PKT	0:325:344940:490:588320:0:0
[VISION][STATUS] FPS=32 | mavi=— kirmizi=— | tespit=BEKLİYOR | kuyruk=0
2151785	TX_ANT	ff	473:0:10:22:906
2151785	PKT	0:316:335986:473:567690:0:0
2152784	TX_ANT	ff	486:0:10:27:675
2152784	PKT	0:321:339913:486:583181:0:0
2153785	TX_ANT	ff	471:0:10:29:407
2153785	PKT	0:314:330512:471:562160:0:0
2154784	TX_ANT	ff	481:0:10:23:237
2154784	PKT	0:320:339607:481:577135:0:0
2155784	TX_ANT	ff	474:0:10:30:753
2155784	PKT	0:317:339153:474:570885:0:0
[VISION][STATUS] FPS=32 | mavi=— kirmizi=— | tespit=BEKLİYOR | kuyruk=0
2156784	TX_ANT	ff	475:0:10:31:1833
2156784	PKT	0:314:329576:475:566936:0:0
2157784	TX_ANT	ff	473:0:10:32:666
2157784	PKT	0:316:335065:473:566769:0:0
2158784	TX_ANT	ff	452:0:10:31:1527
2158784	PKT	0:299:314260:452:539776:0:0
2159784	TX_ANT	ff	469:0:10:24:324
2159784	PKT	0:312:327992:469:559584:0:0
2160785	TX_ANT	ff	447:0:10:23:734
2160785	PKT	0:298:315182:447:534958:0:0
[VISION][STATUS] FPS=32 | mavi=— kirmizi=— | tespit=BEKLİYOR | kuyruk=0
2161784	TX_ANT	ff	467:0:10:31:417
2161784	PKT	0:310:325255:467:556791:0:0
2162784	TX_ANT	ff	481:0:10:31:1222
2162784	PKT	0:320:334538:481:572066:0:0
2163784	TX_ANT	ff	471:0:10:19:725
2163784	PKT	0:314:329131:471:560779:0:0
2164784	TX_ANT	ff	456:0:9:24:703
2164784	PKT	0:303:318395:456:544023:0:0
2165784	TX_ANT	ff	450:0:10:29:1979
2165784	PKT	0:301:315843:450:535703:0:0
[VISION][STATUS] FPS=32 | mavi=— kirmizi=— | tespit=BEKLİYOR | kuyruk=0
2166784	TX_ANT	ff	470:0:10:30:907
2166784	PKT	0:313:328306:470:559926:0:0
2167784	TX_ANT	ff	478:0:10:26:851
2167784	PKT	0:317:333364:478:570808:0:0
2168784	TX_ANT	ff	468:0:9:27:665
2168784	PKT	0:311:321928:468:553492:0:0
2169784	TX_ANT	ff	471:0:10:29:1223
2169784	PKT	0:314:332669:471:564317:0:0
2170784	TX_ANT	ff	470:0:10:23:286
2170784	PKT	0:313:326214:470:557834:0:0
[VISION][STATUS] FPS=32 | mavi=— kirmizi=— | tespit=BEKLİYOR | kuyruk=0
2171784	TX_ANT	ff	457:0:9:21:230
2171784	PKT	0:304:317081:457:542737:0:0
2172784	TX_ANT	ff	455:0:10:21:205
2172784	PKT	0:302:317636:455:543236:0:0
2173785	TX_ANT	ff	469:0:10:19:185
2173785	PKT	0:312:325601:469:557193:0:0
2174786	TX_ANT	ff	456:0:10:26:920
2174786	PKT	0:303:318336:456:543964:0:0
2175785	TX_ANT	ff	431:0:10:22:1021
2175785	PKT	0:286:291818:431:505546:0:0
[VISION][STATUS] FPS=32 | mavi=— kirmizi=— | tespit=BEKLİYOR | kuyruk=0
2176784	TX_ANT	ff	470:0:10:19:185
2176784	PKT	0:313:329858:470:561478:0:0
2177784	TX_ANT	ff	483:0:10:25:1495
2177784	PKT	0:322:339516:483:577100:0:0
2178784	TX_ANT	ff	434:0:10:28:867
2178784	PKT	0:289:294462:434:508274:0:0
2179784	TX_ANT	ff	494:0:10:35:2003
2179784	PKT	0:329:352007:494:595499:0:0
2180785	TX_ANT	ff	382:0:9:27:1121
2180785	PKT	0:253:248474:382:438430:0:0
[VISION][STATUS] FPS=32 | mavi=— kirmizi=— | tespit=BEKLİYOR | kuyruk=0
2181785	TX_ANT	ff	205:0:9:25:123
2181785	PKT	0:136:81584:205:182584:0:0
2182784	TX_ANT	ff	193:0:10:26:303
2182784	PKT	0:128:61275:193:156339:0:0
2183784	TX_ANT	ff	193:0:10:24:138
2183784	PKT	0:128:61002:193:156066:0:0
2184785	TX_ANT	ff	193:0:10:38:912
2184785	PKT	0:128:60688:193:155752:0:0
2185784	TX_ANT	ff	193:0:10:37:485
2185784	PKT	0:128:60982:193:156046:0:0
[VISION][STATUS] FPS=32 | mavi=— kirmizi=— | tespit=BEKLİYOR | kuyruk=0
2186785	TX_ANT	ff	193:0:10:38:341
2186785	PKT	0:128:61047:193:156111:0:0
2187784	TX_ANT	ff	193:0:10:25:178
2187784	PKT	0:128:61256:193:156320:0:0
2188784	TX_ANT	ff	193:0:9:25:151
2188784	PKT	0:128:61305:193:156369:0:0
2189784	TX_ANT	ff	193:0:10:23:134
2189784	PKT	0:128:60758:193:155822:0:0
2190784	TX_ANT	ff	193:0:9:25:199
2190784	PKT	0:128:60511:193:155575:0:0
[VISION][STATUS] FPS=32 | mavi=— kirmizi=— | tespit=BEKLİYOR | kuyruk=0
2191785	TX_ANT	ff	193:0:10:25:182
2191785	PKT	0:128:60441:193:155505:0:0
2192785	TX_ANT	ff	193:0:10:21:93
2192785	PKT	0:128:60902:193:155966:0:0
2193784	TX_ANT	ff	193:0:10:24:170
2193784	PKT	0:128:60715:193:155779:0:0
2194784	TX_ANT	ff	193:0:10:24:168
2194784	PKT	0:128:60991:193:156055:0:0
2195785	TX_ANT	ff	193:0:10:23:201
2195785	PKT	0:128:60503:193:155567:0:0
[VISION][STATUS] FPS=32 | mavi=— kirmizi=— | tespit=BEKLİYOR | kuyruk=0
2196784	TX_ANT	ff	193:0:10:26:177
2196784	PKT	0:128:60403:193:155467:0:0
2197784	TX_ANT	ff	193:0:10:25:218
2197784	PKT	0:128:60374:193:155438:0:0
2198785	TX_ANT	ff	193:0:10:26:310
2198785	PKT	0:128:60839:193:155903:0:0
2199784	TX_ANT	ff	193:0:10:26:315
2199784	PKT	0:128:60695:193:155759:0:0
2200784	TX_ANT	ff	193:0:9:30:951
2200784	PKT	0:128:60108:193:155172:0:0
[VISION][STATUS] FPS=33 | mavi=— kirmizi=— | tespit=BEKLİYOR | kuyruk=0
2201784	TX_ANT	ff	193:0:9:23:274
2201784	PKT	0:128:60524:193:155588:0:0
2202784	TX_ANT	ff	193:0:9:24:171
2202784	PKT	0:128:60355:193:155419:0:0
2203784	TX_ANT	ff	193:0:10:28:176
2203784	PKT	0:128:60352:193:155416:0:0
2204784	TX_ANT	ff	193:0:10:31:416
2204784	PKT	0:128:61057:193:156121:0:0
2205787	TX_ANT	ff	193:0:9:31:292
2205787	PKT	0:128:60575:193:155639:0:0
[VISION][STATUS] FPS=32 | mavi=— kirmizi=— | tespit=BEKLİYOR | kuyruk=0
2206788	TX_ANT	ff	193:0:10:29:519
2206788	PKT	0:128:60820:193:155884:0:0
2207784	TX_ANT	ff	193:0:10:27:459
2207784	PKT	0:128:60615:193:155679:0:0
2208785	TX_ANT	ff	193:0:10:25:209
2208785	PKT	0:128:60792:193:155856:0:0
2209784	TX_ANT	ff	193:0:9:23:122
2209784	PKT	0:128:59832:193:154896:0:0
2210784	TX_ANT	ff	193:0:9:23:177
2210784	PKT	0:128:60459:193:155523:0:0
[VISION][STATUS] FPS=32 | mavi=— kirmizi=— | tespit=BEKLİYOR | kuyruk=0
2211785	TX_ANT	ff	193:0:10:25:235
2211785	PKT	0:128:60162:193:155226:0:0
2212787	TX_ANT	ff	193:0:10:23:132
2212787	PKT	0:128:61334:193:156398:0:0
2213784	TX_ANT	ff	193:0:10:38:1357
2213784	PKT	0:128:61628:193:156692:0:0
2214784	TX_ANT	ff	193:0:10:26:186
2214784	PKT	0:128:61176:193:156240:0:0
2215784	TX_ANT	ff	193:0:10:27:280
2215784	PKT	0:128:60371:193:155435:0:0
[VISION][STATUS] FPS=32 | mavi=— kirmizi=— | tespit=BEKLİYOR | kuyruk=0
2216786	TX_ANT	ff	193:0:10:24:173
2216786	PKT	0:128:60346:193:155410:0:0
2217784	TX_ANT	ff	193:0:9:24:153
2217784	PKT	0:128:60843:193:155907:0:0
2218784	TX_ANT	ff	193:0:11:29:455
2218784	PKT	0:128:60262:193:155326:0:0
2219784	TX_ANT	ff	193:0:11:48:1327
2219784	PKT	0:128:60571:193:155635:0:0
2220784	TX_ANT	ff	193:0:10:34:1220
2220784	PKT	0:128:60067:193:155131:0:0
[VISION][STATUS] FPS=32 | mavi=— kirmizi=— | tespit=BEKLİYOR | kuyruk=0
2221784	TX_ANT	ff	193:0:10:30:832
2221784	PKT	0:128:60969:193:156033:0:0
2222785	TX_ANT	ff	193:0:10:26:167
2222785	PKT	0:128:60281:193:155345:0:0
2223784	TX_ANT	ff	193:0:10:24:142
2223784	PKT	0:128:60313:193:155377:0:0
2224784	TX_ANT	ff	193:0:9:27:202
2224784	PKT	0:128:60833:193:155897:0:0
2225784	TX_ANT	ff	193:0:10:26:210
2225784	PKT	0:128:61073:193:156137:0:0
[VISION][STATUS] FPS=32 | mavi=— kirmizi=— | tespit=BEKLİYOR | kuyruk=0
2226784	TX_ANT	ff	193:0:9:37:1015
2226784	PKT	0:128:61074:193:156138:0:0
2227784	TX_ANT	ff	193:0:10:25:158
2227784	PKT	0:128:60169:193:155233:0:0
2228784	TX_ANT	ff	193:0:10:24:155
2228784	PKT	0:128:60495:193:155559:0:0
2229784	TX_ANT	ff	193:0:10:25:155
2229784	PKT	0:128:61161:193:156225:0:0
2230785	TX_ANT	ff	193:0:10:28:182
2230785	PKT	0:128:60632:193:155696:0:0
[VISION][STATUS] FPS=33 | mavi=— kirmizi=— | tespit=BEKLİYOR | kuyruk=0
2231785	TX_ANT	ff	193:0:10:31:244
2231785	PKT	0:128:60287:193:155351:0:0
2232784	TX_ANT	ff	193:0:10:28:292
2232784	PKT	0:128:60396:193:155460:0:0
2233784	TX_ANT	ff	193:0:9:25:297
2233784	PKT	0:128:61437:193:156501:0:0
2234784	TX_ANT	ff	193:0:9:21:179
2234784	PKT	0:128:61330:193:156394:0:0
2235784	TX_ANT	ff	193:0:10:27:294
2235784	PKT	0:128:60164:193:155228:0:0
[VISION][STATUS] FPS=32 | mavi=— kirmizi=— | tespit=BEKLİYOR | kuyruk=0
2236784	TX_ANT	ff	193:0:10:30:337
2236784	PKT	0:128:59702:193:154766:0:0
2237784	TX_ANT	ff	193:0:9:26:197
2237784	PKT	0:128:60840:193:155904:0:0
2238788	TX_ANT	ff	193:0:10:27:208
2238788	PKT	0:128:61203:193:156267:0:0
2239784	TX_ANT	ff	193:0:10:24:184
2239784	PKT	0:128:60637:193:155701:0:0
2240784	TX_ANT	ff	193:0:10:24:179
2240784	PKT	0:128:61301:193:156365:0:0
[VISION][STATUS] FPS=32 | mavi=— kirmizi=— | tespit=BEKLİYOR | kuyruk=0
2241784	TX_ANT	ff	193:0:10:53:4814
2241784	PKT	0:128:60162:193:155226:0:0
2242784	TX_ANT	ff	193:0:9:24:243
2242784	PKT	0:128:61610:193:156674:0:0
2243784	TX_ANT	ff	193:0:10:27:262
2243784	PKT	0:128:60388:193:155452:0:0
2244785	TX_ANT	ff	193:0:11:29:146
2244785	PKT	0:128:60305:193:155369:0:0
2245788	TX_ANT	ff	192:0:10:26:332
2245788	PKT	0:127:60681:192:155717:0:0
[VISION][STATUS] FPS=33 | mavi=— kirmizi=— | tespit=BEKLİYOR | kuyruk=0
2246784	TX_ANT	ff	193:0:10:24:183
2246784	PKT	0:128:60734:193:155798:0:0
2247785	TX_ANT	ff	193:0:10:24:186
2247785	PKT	0:128:60714:193:155778:0:0
2248784	TX_ANT	ff	193:0:10:31:334
2248784	PKT	0:128:61162:193:156226:0:0
2249784	TX_ANT	ff	193:0:10:32:547
2249784	PKT	0:128:60629:193:155693:0:0
2250785	TX_ANT	ff	193:0:10:27:746
2250785	PKT	0:128:60922:193:155986:0:0
[VISION][STATUS] FPS=32 | mavi=— kirmizi=— | tespit=BEKLİYOR | kuyruk=0
2251784	TX_ANT	ff	193:0:10:25:172
2251784	PKT	0:128:60496:193:155560:0:0
2252785	TX_ANT	ff	193:0:10:25:152
2252785	PKT	0:128:60638:193:155702:0:0
2253785	TX_ANT	ff	193:0:10:25:143
2253785	PKT	0:128:61828:193:156892:0:0
2254784	TX_ANT	ff	193:0:10:30:652
2254784	PKT	0:128:61727:193:156791:0:0
2255785	TX_ANT	ff	193:0:10:25:145
2255785	PKT	0:128:60356:193:155420:0:0
[VISION][STATUS] FPS=32 | mavi=— kirmizi=— | tespit=BEKLİYOR | kuyruk=0
2256784	TX_ANT	ff	193:0:10:35:667
2256784	PKT	0:128:61401:193:156465:0:0
2257784	TX_ANT	ff	193:0:10:31:463
2257784	PKT	0:128:60794:193:155858:0:0
2258784	TX_ANT	ff	193:0:10:30:247
2258784	PKT	0:128:60976:193:156040:0:0
2259784	TX_ANT	ff	193:0:10:24:166
2259784	PKT	0:128:61890:193:156954:0:0
2260784	TX_ANT	ff	193:0:10:24:131
2260784	PKT	0:128:61080:193:156144:0:0
[VISION][STATUS] FPS=32 | mavi=— kirmizi=— | tespit=BEKLİYOR | kuyruk=0
2261784	TX_ANT	ff	193:0:10:23:109
2261784	PKT	0:128:60828:193:155892:0:0
2262784	TX_ANT	ff	193:0:10:23:146
2262784	PKT	0:128:61697:193:156761:0:0
2263785	TX_ANT	ff	193:0:10:22:133
2263785	PKT	0:128:60874:193:155938:0:0
2264784	TX_ANT	ff	193:0:10:23:134
2264784	PKT	0:128:60758:193:155822:0:0
2265784	TX_ANT	ff	193:0:10:27:428
2265784	PKT	0:128:61195:193:156259:0:0
[VISION][STATUS] FPS=32 | mavi=— kirmizi=— | tespit=BEKLİYOR | kuyruk=0
2266784	TX_ANT	ff	193:0:9:25:164
2266784	PKT	0:128:61238:193:156302:0:0
2267784	TX_ANT	ff	193:0:10:23:125
2267784	PKT	0:128:61588:193:156652:0:0
2268784	TX_ANT	ff	193:0:10:25:154
2268784	PKT	0:128:60783:193:155847:0:0
2269785	TX_ANT	ff	193:0:9:26:179
2269785	PKT	0:128:61960:193:157024:0:0
2270784	TX_ANT	ff	193:0:9:26:277
2270784	PKT	0:128:60964:193:156028:0:0
[VISION][STATUS] FPS=32 | mavi=— kirmizi=— | tespit=BEKLİYOR | kuyruk=0
2271785	TX_ANT	ff	193:0:9:26:229
2271785	PKT	0:128:61303:193:156367:0:0
2272784	TX_ANT	ff	193:0:10:24:235
2272784	PKT	0:128:61461:193:156525:0:0
2273784	TX_ANT	ff	193:0:10:25:176
2273784	PKT	0:128:60558:193:155622:0:0
2274784	TX_ANT	ff	193:0:10:23:168
2274784	PKT	0:128:60629:193:155693:0:0
2275784	TX_ANT	ff	193:0:10:27:176
2275784	PKT	0:128:61438:193:156502:0:0
[VISION][STATUS] FPS=33 | mavi=— kirmizi=— | tespit=BEKLİYOR | kuyruk=0
2276786	TX_ANT	ff	193:0:10:44:3826
2276786	PKT	0:128:60947:193:156011:0:0
2277784	TX_ANT	ff	193:0:10:25:230
2277784	PKT	0:128:61297:193:156361:0:0
2278785	TX_ANT	ff	193:0:10:26:143
2278785	PKT	0:128:61286:193:156350:0:0
2279784	TX_ANT	ff	193:0:10:24:154
2279784	PKT	0:128:61812:193:156876:0:0
2280784	TX_ANT	ff	193:0:10:25:154
2280784	PKT	0:128:60814:193:155878:0:0
2281784	TX_ANT	ff	193:0:10:25:597
2281784	PKT	0:128:61232:193:156296:0:0
[VISION][STATUS] FPS=33 | mavi=— kirmizi=— | tespit=BEKLİYOR | kuyruk=0
2282784	TX_ANT	ff	193:0:10:24:171
2282784	PKT	0:128:61683:193:156747:0:0
2283785	TX_ANT	ff	193:0:10:24:189
2283785	PKT	0:128:61359:193:156423:0:0
2284786	TX_ANT	ff	193:0:10:25:155
2284786	PKT	0:128:61024:193:156088:0:0
2285784	TX_ANT	ff	193:0:10:28:240
2285784	PKT	0:128:60869:193:155933:0:0
2286785	TX_ANT	ff	193:0:10:39:1336
2286785	PKT	0:128:60881:193:155945:0:0
[VISION][STATUS] FPS=32 | mavi=— kirmizi=— | tespit=BEKLİYOR | kuyruk=0
2287784	TX_ANT	ff	193:0:10:24:169
2287784	PKT	0:128:60918:193:155982:0:0
2288785	TX_ANT	ff	193:0:10:31:1392
2288785	PKT	0:128:60732:193:155796:0:0
2289784	TX_ANT	ff	193:0:10:30:236
2289784	PKT	0:128:60754:193:155818:0:0
2290784	TX_ANT	ff	193:0:9:26:255
2290784	PKT	0:128:61363:193:156427:0:0
2291785	TX_ANT	ff	193:0:10:41:1968
2291785	PKT	0:128:61157:193:156221:0:0
[VISION][STATUS] FPS=32 | mavi=— kirmizi=— | tespit=BEKLİYOR | kuyruk=0
2292784	TX_ANT	ff	193:0:10:24:129
2292784	PKT	0:128:61488:193:156552:0:0
2293784	TX_ANT	ff	193:0:10:35:1195
2293784	PKT	0:128:61535:193:156599:0:0
2294784	TX_ANT	ff	193:0:10:22:133
2294784	PKT	0:128:61107:193:156171:0:0
2295784	TX_ANT	ff	193:0:9:27:220
2295784	PKT	0:128:60738:193:155802:0:0
2296784	TX_ANT	ff	193:0:10:30:291
2296784	PKT	0:128:61633:193:156697:0:0
[VISION][STATUS] FPS=32 | mavi=— kirmizi=— | tespit=BEKLİYOR | kuyruk=0
2297785	TX_ANT	ff	193:0:10:30:312
2297785	PKT	0:128:61182:193:156246:0:0
2298784	TX_ANT	ff	193:0:10:27:244
2298784	PKT	0:128:60977:193:156041:0:0
2299784	TX_ANT	ff	193:0:10:28:453
2299784	PKT	0:128:61369:193:156433:0:0
2300784	TX_ANT	ff	193:0:9:25:156
2300784	PKT	0:128:60723:193:155787:0:0
2301784	TX_ANT	ff	193:0:10:22:147
2301784	PKT	0:128:60509:193:155573:0:0
[VISION][STATUS] FPS=33 | mavi=— kirmizi=— | tespit=BEKLİYOR | kuyruk=0
2302787	TX_ANT	ff	193:0:10:24:180
2302787	PKT	0:128:61744:193:156808:0:0
2303784	TX_ANT	ff	193:0:10:27:188
2303784	PKT	0:128:61013:193:156077:0:0
2304784	TX_ANT	ff	193:0:10:34:1198
2304784	PKT	0:128:61408:193:156472:0:0
2305784	TX_ANT	ff	193:0:10:25:173
2305784	PKT	0:128:60572:193:155636:0:0
2306784	TX_ANT	ff	193:0:10:24:162
2306784	PKT	0:128:60794:193:155858:0:0
[VISION][STATUS] FPS=32 | mavi=— kirmizi=— | tespit=BEKLİYOR | kuyruk=0
2307784	TX_ANT	ff	193:0:10:24:138
2307784	PKT	0:128:60911:193:155975:0:0
2308784	TX_ANT	ff	193:0:10:29:867
2308784	PKT	0:128:60748:193:155812:0:0
2309784	TX_ANT	ff	193:0:10:26:220
2309784	PKT	0:128:60598:193:155662:0:0
2310784	TX_ANT	ff	193:0:10:26:186
2310784	PKT	0:128:61049:193:156113:0:0
2311785	TX_ANT	ff	193:0:9:25:198
2311785	PKT	0:128:60430:193:155494:0:0
[VISION][STATUS] FPS=32 | mavi=— kirmizi=— | tespit=BEKLİYOR | kuyruk=0
2312784	TX_ANT	ff	193:0:10:23:102
2312784	PKT	0:128:61864:193:156928:0:0
2313784	TX_ANT	ff	193:0:10:24:193
2313784	PKT	0:128:61188:193:156252:0:0
2314784	TX_ANT	ff	193:0:10:25:185
2314784	PKT	0:128:61337:193:156401:0:0
2315784	TX_ANT	ff	193:0:9:30:269
2315784	PKT	0:128:61210:193:156274:0:0
2316784	TX_ANT	ff	193:0:11:28:194
2316784	PKT	0:128:61250:193:156314:0:0
[VISION][STATUS] FPS=32 | mavi=— kirmizi=— | tespit=BEKLİYOR | kuyruk=0
2317784	TX_ANT	ff	193:0:10:29:270
2317784	PKT	0:128:60147:193:155211:0:0
2318784	TX_ANT	ff	193:0:10:26:235
2318784	PKT	0:128:61086:193:156150:0:0
2319784	TX_ANT	ff	193:0:10:27:174
2319784	PKT	0:128:61305:193:156369:0:0
2320784	TX_ANT	ff	193:0:10:38:1126
2320784	PKT	0:128:60368:193:155432:0:0
2321784	TX_ANT	ff	193:0:9:23:173
2321784	PKT	0:128:61448:193:156512:0:0
[VISION][STATUS] FPS=32 | mavi=— kirmizi=— | tespit=BEKLİYOR | kuyruk=0
2322784	TX_ANT	ff	193:0:10:25:192
2322784	PKT	0:128:61751:193:156815:0:0
2323784	TX_ANT	ff	193:0:10:29:769
2323784	PKT	0:128:61619:193:156683:0:0
2324784	TX_ANT	ff	193:0:10:25:231
2324784	PKT	0:128:60374:193:155438:0:0
2325784	TX_ANT	ff	193:0:10:28:221
2325784	PKT	0:128:61259:193:156323:0:0
2326784	TX_ANT	ff	193:0:10:25:107
2326784	PKT	0:128:60943:193:156007:0:0
[VISION][STATUS] FPS=32 | mavi=— kirmizi=— | tespit=BEKLİYOR | kuyruk=0
2327786	TX_ANT	ff	193:0:10:25:191
2327786	PKT	0:128:60900:193:155964:0:0
2328785	TX_ANT	ff	193:0:10:22:106
2328785	PKT	0:128:61388:193:156452:0:0
2329784	TX_ANT	ff	193:0:10:23:163
2329784	PKT	0:128:61154:193:156218:0:0
2330784	TX_ANT	ff	193:0:10:27:175
2330784	PKT	0:128:61058:193:156122:0:0
2331784	TX_ANT	ff	193:0:10:26:198
2331784	PKT	0:128:61506:193:156570:0:0
[VISION][STATUS] FPS=32 | mavi=— kirmizi=— | tespit=BEKLİYOR | kuyruk=0
2332785	TX_ANT	ff	193:0:10:30:335
2332785	PKT	0:128:60819:193:155883:0:0
2333784	TX_ANT	ff	193:0:10:26:115
2333784	PKT	0:128:60967:193:156031:0:0
2334784	TX_ANT	ff	193:0:10:24:187
2334784	PKT	0:128:61258:193:156322:0:0
2335785	TX_ANT	ff	193:0:10:26:461
2335785	PKT	0:128:60117:193:155181:0:0
2336784	TX_ANT	ff	193:0:10:28:194
2336784	PKT	0:128:60802:193:155866:0:0
[VISION][STATUS] FPS=32 | mavi=— kirmizi=— | tespit=BEKLİYOR | kuyruk=0
2337784	TX_ANT	ff	193:0:10:27:171
2337784	PKT	0:128:61609:193:156673:0:0
2338784	TX_ANT	ff	192:0:10:26:174
2338784	PKT	0:127:60644:192:155680:0:0
2339784	TX_ANT	ff	193:0:10:31:537
2339784	PKT	0:128:61157:193:156221:0:0
2340784	TX_ANT	ff	193:0:10:32:616
2340784	PKT	0:128:60617:193:155681:0:0
2341785	TX_ANT	ff	193:0:10:29:201
2341785	PKT	0:128:60798:193:155862:0:0
[VISION][STATUS] FPS=32 | mavi=— kirmizi=— | tespit=BEKLİYOR | kuyruk=0
2342785	TX_ANT	ff	193:0:10:24:174
2342785	PKT	0:128:60937:193:156001:0:0
2343784	TX_ANT	ff	193:0:10:30:416
2343784	PKT	0:128:61020:193:156084:0:0
2344784	TX_ANT	ff	193:0:10:26:174
2344784	PKT	0:128:60772:193:155836:0:0
2345785	TX_ANT	ff	193:0:9:23:126
2345785	PKT	0:128:60465:193:155529:0:0
2346784	TX_ANT	ff	193:0:10:34:1620
2346784	PKT	0:128:61517:193:156581:0:0
[VISION][STATUS] FPS=32 | mavi=— kirmizi=— | tespit=BEKLİYOR | kuyruk=0
2347784	TX_ANT	ff	193:0:10:25:191
2347784	PKT	0:128:61311:193:156375:0:0
2348784	TX_ANT	ff	193:0:10:25:179
2348784	PKT	0:128:60577:193:155641:0:0
2349784	TX_ANT	ff	193:0:10:27:225
2349784	PKT	0:128:60514:193:155578:0:0
2350784	TX_ANT	ff	193:0:10:29:773
2350784	PKT	0:128:60944:193:156008:0:0
2351784	TX_ANT	ff	193:0:10:24:258
2351784	PKT	0:128:61216:193:156280:0:0
[VISION][STATUS] FPS=32 | mavi=— kirmizi=— | tespit=BEKLİYOR | kuyruk=0
2352784	TX_ANT	ff	193:0:10:25:178
2352784	PKT	0:128:61479:193:156543:0:0
2353784	TX_ANT	ff	193:0:10:28:587
2353784	PKT	0:128:60281:193:155345:0:0
2354785	TX_ANT	ff	193:0:10:25:187
2354785	PKT	0:128:61307:193:156371:0:0
2355784	TX_ANT	ff	193:0:10:26:180
2355784	PKT	0:128:61273:193:156337:0:0
2356785	TX_ANT	ff	193:0:10:26:172
2356785	PKT	0:128:60321:193:155385:0:0
[VISION][STATUS] FPS=32 | mavi=— kirmizi=— | tespit=BEKLİYOR | kuyruk=0
2357784	TX_ANT	ff	193:0:10:28:182
2357784	PKT	0:128:60557:193:155621:0:0
2358785	TX_ANT	ff	193:0:10:27:174
2358785	PKT	0:128:61518:193:156582:0:0
2359784	TX_ANT	ff	193:0:10:26:191
2359784	PKT	0:128:61653:193:156717:0:0
2360784	TX_ANT	ff	193:0:10:26:131
2360784	PKT	0:128:61173:193:156237:0:0
2361784	TX_ANT	ff	193:0:10:48:2198
2361784	PKT	0:128:61361:193:156425:0:0
[VISION][STATUS] FPS=32 | mavi=— kirmizi=— | tespit=BEKLİYOR | kuyruk=0
2362784	TX_ANT	ff	193:0:10:25:258
2362784	PKT	0:128:60866:193:155930:0:0
2363785	TX_ANT	ff	193:0:10:32:513
2363785	PKT	0:128:61235:193:156299:0:0
2364784	TX_ANT	ff	193:0:10:29:250
2364784	PKT	0:128:60801:193:155865:0:0
2365784	TX_ANT	ff	193:0:10:33:1397
2365784	PKT	0:128:60264:193:155328:0:0
2366785	TX_ANT	ff	193:0:10:25:166
2366785	PKT	0:128:61300:193:156364:0:0
[VISION][STATUS] FPS=32 | mavi=— kirmizi=— | tespit=BEKLİYOR | kuyruk=0
2367785	TX_ANT	ff	193:0:9:24:210
2367785	PKT	0:128:61182:193:156246:0:0
2368785	TX_ANT	ff	193:0:10:42:2052
2368785	PKT	0:128:60748:193:155812:0:0
2369787	TX_ANT	ff	193:0:10:28:292
2369787	PKT	0:128:61512:193:156576:0:0
2370784	TX_ANT	ff	193:0:10:28:186
2370784	PKT	0:128:61235:193:156299:0:0
2371784	TX_ANT	ff	193:0:10:24:172
2371784	PKT	0:128:60986:193:156050:0:0
[VISION][STATUS] FPS=33 | mavi=— kirmizi=— | tespit=BEKLİYOR | kuyruk=0
2372784	TX_ANT	ff	193:0:10:58:2721
2372784	PKT	0:128:60691:193:155755:0:0
2373784	TX_ANT	ff	193:0:10:25:159
2373784	PKT	0:128:60989:193:156053:0:0
2374784	TX_ANT	ff	193:0:10:29:501
2374784	PKT	0:128:60951:193:156015:0:0
2375784	TX_ANT	ff	193:0:10:24:151
2375784	PKT	0:128:61506:193:156570:0:0
2376785	TX_ANT	ff	192:0:10:39:1571
2376785	PKT	0:127:61072:192:156052:0:0
[VISION][STATUS] FPS=32 | mavi=— kirmizi=— | tespit=BEKLİYOR | kuyruk=0
2377784	TX_ANT	ff	193:0:10:27:125
2377784	PKT	0:128:60732:193:155796:0:0
2378784	TX_ANT	ff	193:0:10:25:114
2378784	PKT	0:128:61789:193:156853:0:0
2379785	TX_ANT	ff	193:0:10:31:954
2379785	PKT	0:128:61096:193:156160:0:0
2380784	TX_ANT	ff	193:0:9:34:1141
2380784	PKT	0:128:60325:193:155389:0:0
2381784	TX_ANT	ff	193:0:9:26:459
2381784	PKT	0:128:61484:193:156548:0:0
[VISION][STATUS] FPS=32 | mavi=— kirmizi=— | tespit=BEKLİYOR | kuyruk=0
2382784	TX_ANT	ff	193:0:10:27:164
2382784	PKT	0:128:60899:193:155963:0:0
2383784	TX_ANT	ff	188:0:10:28:446
2383784	PKT	0:127:61055:188:150379:0:0
2384784	TX_ANT	ff	193:0:10:27:149
2384784	PKT	0:128:61698:193:156762:0:0
2385784	TX_ANT	ff	193:0:10:26:91
2385784	PKT	0:128:62130:193:157194:0:0
2386785	TX_ANT	ff	193:0:10:27:249
2386785	PKT	0:128:60831:193:155895:0:0
[VISION][STATUS] FPS=32 | mavi=— kirmizi=— | tespit=BEKLİYOR | kuyruk=0
2387785	TX_ANT	ff	193:0:10:24:187
2387785	PKT	0:128:60480:193:155544:0:0
2388784	TX_ANT	ff	193:0:10:29:857
2388784	PKT	0:128:60529:193:155593:0:0
2389784	TX_ANT	ff	193:0:10:25:143
2389784	PKT	0:128:61238:193:156302:0:0
2390784	TX_ANT	ff	193:0:10:27:164
2390784	PKT	0:128:61413:193:156477:0:0
2391784	TX_ANT	ff	193:0:10:33:1863
2391784	PKT	0:128:61403:193:156467:0:0
[VISION][STATUS] FPS=32 | mavi=— kirmizi=— | tespit=BEKLİYOR | kuyruk=0
2392784	TX_ANT	ff	193:0:10:23:103
2392784	PKT	0:128:61452:193:156516:0:0
2393784	TX_ANT	ff	193:0:10:26:220
2393784	PKT	0:128:60554:193:155618:0:0
2394784	TX_ANT	ff	193:0:10:29:235
2394784	PKT	0:128:62003:193:157067:0:0
2395785	TX_ANT	ff	193:0:10:33:230
2395785	PKT	0:128:60995:193:156059:0:0
2396784	TX_ANT	ff	193:0:10:26:129
2396784	PKT	0:128:61509:193:156573:0:0
[VISION][STATUS] FPS=32 | mavi=— kirmizi=— | tespit=BEKLİYOR | kuyruk=0
2397785	TX_ANT	ff	193:0:10:28:193
2397785	PKT	0:128:61044:193:156108:0:0
2398784	TX_ANT	ff	193:0:10:36:1896
2398784	PKT	0:128:61708:193:156772:0:0
2399784	TX_ANT	ff	192:0:10:24:189
2399784	PKT	0:128:61131:192:156107:0:0
2400785	TX_ANT	ff	193:0:10:25:161
2400785	PKT	0:128:60726:193:155790:0:0
2401784	TX_ANT	ff	192:0:10:27:185
2401784	PKT	0:127:60299:192:155335:0:0
[VISION][STATUS] FPS=32 | mavi=— kirmizi=— | tespit=BEKLİYOR | kuyruk=0
2402784	TX_ANT	ff	193:0:10:25:185
2402784	PKT	0:128:61159:193:156223:0:0
2403784	TX_ANT	ff	193:0:10:31:282
2403784	PKT	0:128:60847:193:155911:0:0
2404784	TX_ANT	ff	193:0:10:34:757
2404784	PKT	0:128:60746:193:155810:0:0
2405784	TX_ANT	ff	193:0:10:36:1286
2405784	PKT	0:128:60631:193:155695:0:0
2406784	TX_ANT	ff	193:0:10:25:173
2406784	PKT	0:128:60734:193:155798:0:0
[VISION][STATUS] FPS=32 | mavi=— kirmizi=— | tespit=BEKLİYOR | kuyruk=0
2407784	TX_ANT	ff	192:0:10:26:183
2407784	PKT	0:127:59937:192:154973:0:0
2408784	TX_ANT	ff	193:0:10:26:176
2408784	PKT	0:128:61218:193:156282:0:0
2409784	TX_ANT	ff	193:0:10:31:1258
2409784	PKT	0:128:61198:193:156262:0:0
2410784	TX_ANT	ff	193:0:10:25:148
2410784	PKT	0:128:60265:193:155329:0:0
2411784	TX_ANT	ff	193:0:10:27:223
2411784	PKT	0:128:60515:193:155579:0:0
[VISION][STATUS] FPS=32 | mavi=— kirmizi=— | tespit=BEKLİYOR | kuyruk=0
2412784	TX_ANT	ff	193:0:9:23:124
2412784	PKT	0:128:60451:193:155515:0:0
2413784	TX_ANT	ff	193:0:10:23:196
2413784	PKT	0:128:60566:193:155630:0:0
2414784	TX_ANT	ff	193:0:10:25:169
2414784	PKT	0:128:60916:193:155980:0:0
2415785	TX_ANT	ff	193:0:10:26:185
2415785	PKT	0:128:60481:193:155545:0:0
2416784	TX_ANT	ff	193:0:10:26:153
2416784	PKT	0:128:61689:193:156753:0:0
[VISION][STATUS] FPS=32 | mavi=— kirmizi=— | tespit=BEKLİYOR | kuyruk=0
2417784	TX_ANT	ff	193:0:10:26:142
2417784	PKT	0:128:60736:193:155800:0:0
2418785	TX_ANT	ff	193:0:10:25:308
2418785	PKT	0:128:60786:193:155850:0:0
2419784	TX_ANT	ff	193:0:10:27:368
2419784	PKT	0:128:60660:193:155724:0:0
2420785	TX_ANT	ff	193:0:10:35:1402
2420785	PKT	0:128:60572:193:155636:0:0
2421784	TX_ANT	ff	193:0:10:29:229
2421784	PKT	0:128:60613:193:155677:0:0
[VISION][STATUS] FPS=32 | mavi=— kirmizi=— | tespit=BEKLİYOR | kuyruk=0
2422784	TX_ANT	ff	193:0:10:27:205
2422784	PKT	0:128:60748:193:155812:0:0
2423784	TX_ANT	ff	193:0:10:44:3354
2423784	PKT	0:128:60787:193:155851:0:0
2424784	TX_ANT	ff	193:0:10:35:1029
2424784	PKT	0:128:61114:193:156178:0:0
2425784	TX_ANT	ff	193:0:10:25:127
2425784	PKT	0:128:60594:193:155658:0:0
2426784	TX_ANT	ff	193:0:10:34:711
2426784	PKT	0:128:60909:193:155973:0:0
[VISION][STATUS] FPS=32 | mavi=— kirmizi=— | tespit=BEKLİYOR | kuyruk=0
2427785	TX_ANT	ff	193:0:10:28:262
2427785	PKT	0:128:60352:193:155416:0:0
2428784	TX_ANT	ff	193:0:10:26:223
2428784	PKT	0:128:61364:193:156428:0:0
2429784	TX_ANT	ff	193:0:10:26:196
2429784	PKT	0:128:60702:193:155766:0:0
2430784	TX_ANT	ff	193:0:10:30:1053
2430784	PKT	0:128:60799:193:155863:0:0
2431784	TX_ANT	ff	193:0:10:34:403
2431784	PKT	0:128:60564:193:155628:0:0
[VISION][STATUS] FPS=32 | mavi=— kirmizi=— | tespit=BEKLİYOR | kuyruk=0
2432784	TX_ANT	ff	193:0:10:30:560
2432784	PKT	0:128:61713:193:156777:0:0
2433784	TX_ANT	ff	193:0:10:25:167
2433784	PKT	0:128:60900:193:155964:0:0
2434784	TX_ANT	ff	193:0:10:34:1424
2434784	PKT	0:128:60247:193:155311:0:0
2435784	TX_ANT	ff	193:0:10:26:185
2435784	PKT	0:128:60674:193:155738:0:0
2436784	TX_ANT	ff	193:0:10:22:109
2436784	PKT	0:128:60855:193:155919:0:0
[VISION][STATUS] FPS=33 | mavi=— kirmizi=— | tespit=BEKLİYOR | kuyruk=0
2437784	TX_ANT	ff	193:0:10:26:132
2437784	PKT	0:128:60791:193:155855:0:0
2438786	TX_ANT	ff	193:0:10:35:1879
2438786	PKT	0:128:60278:193:155342:0:0
2439784	TX_ANT	ff	193:0:10:26:183
2439784	PKT	0:128:60600:193:155664:0:0
2440784	TX_ANT	ff	193:0:10:25:157
2440784	PKT	0:128:61616:193:156680:0:0
2441784	TX_ANT	ff	193:0:10:26:168
2441784	PKT	0:128:61107:193:156171:0:0
[VISION][STATUS] FPS=32 | mavi=— kirmizi=— | tespit=BEKLİYOR | kuyruk=0
2442784	TX_ANT	ff	193:0:10:24:174
2442784	PKT	0:128:60929:193:155993:0:0
2443784	TX_ANT	ff	193:0:10:29:196
2443784	PKT	0:128:61206:193:156270:0:0
2444784	TX_ANT	ff	193:0:10:32:471
2444784	PKT	0:128:60574:193:155638:0:0
2445784	TX_ANT	ff	193:0:10:24:184
2445784	PKT	0:128:61325:193:156389:0:0
2446784	TX_ANT	ff	193:0:10:23:164
2446784	PKT	0:128:61050:193:156114:0:0
[VISION][STATUS] FPS=32 | mavi=— kirmizi=— | tespit=BEKLİYOR | kuyruk=0
2447784	TX_ANT	ff	193:0:10:30:681
2447784	PKT	0:128:60302:193:155366:0:0
2448784	TX_ANT	ff	193:0:10:26:194
2448784	PKT	0:128:60654:193:155718:0:0
2449784	TX_ANT	ff	193:0:10:24:150
2449784	PKT	0:128:61273:193:156337:0:0
2450784	TX_ANT	ff	193:0:10:24:181
2450784	PKT	0:128:60763:193:155827:0:0
2451784	TX_ANT	ff	193:0:10:27:312
2451784	PKT	0:128:60744:193:155808:0:0
[VISION][STATUS] FPS=33 | mavi=— kirmizi=— | tespit=BEKLİYOR | kuyruk=0
2452785	TX_ANT	ff	193:0:10:28:474
2452785	PKT	0:128:60509:193:155573:0:0
2453784	TX_ANT	ff	193:0:10:38:2554
2453784	PKT	0:128:60131:193:155195:0:0
2454785	TX_ANT	ff	193:0:10:35:946
2454785	PKT	0:128:61126:193:156190:0:0
2455784	TX_ANT	ff	193:0:10:25:187
2455784	PKT	0:128:61035:193:156099:0:0
2456784	TX_ANT	ff	193:0:10:22:158
2456784	PKT	0:128:61213:193:156277:0:0
[VISION][STATUS] FPS=32 | mavi=— kirmizi=— | tespit=BEKLİYOR | kuyruk=0
2457784	TX_ANT	ff	192:0:10:25:417
2457784	PKT	0:127:60579:192:155615:0:0
2458784	TX_ANT	ff	193:0:10:24:155
2458784	PKT	0:128:60714:193:155778:0:0
2459786	TX_ANT	ff	193:0:10:39:2939
2459786	PKT	0:128:61456:193:156520:0:0
2460784	TX_ANT	ff	193:0:10:26:155
2460784	PKT	0:128:60479:193:155543:0:0
2461784	TX_ANT	ff	193:0:10:25:152
2461784	PKT	0:128:60905:193:155969:0:0
[VISION][STATUS] FPS=32 | mavi=— kirmizi=— | tespit=BEKLİYOR | kuyruk=0
2462784	TX_ANT	ff	193:0:10:25:137
2462784	PKT	0:128:60698:193:155762:0:0
2463784	TX_ANT	ff	193:0:10:37:1458
2463784	PKT	0:128:61048:193:156112:0:0
2464784	TX_ANT	ff	193:0:10:25:155
2464784	PKT	0:128:60976:193:156040:0:0
2465784	TX_ANT	ff	193:0:10:25:161
2465784	PKT	0:128:61381:193:156445:0:0
2466784	TX_ANT	ff	193:0:10:25:199
2466784	PKT	0:128:60929:193:155993:0:0
[VISION][STATUS] FPS=32 | mavi=— kirmizi=— | tespit=BEKLİYOR | kuyruk=0
2467784	TX_ANT	ff	193:0:10:26:176
2467784	PKT	0:128:61473:193:156537:0:0
2468784	TX_ANT	ff	193:0:10:28:212
2468784	PKT	0:128:61482:193:156546:0:0
2469784	TX_ANT	ff	193:0:10:33:1518
2469784	PKT	0:128:60477:193:155541:0:0
2470784	TX_ANT	ff	193:0:10:31:949
2470784	PKT	0:128:61154:193:156218:0:0
2471784	TX_ANT	ff	193:0:9:25:174
2471784	PKT	0:128:60919:193:155983:0:0
[VISION][STATUS] FPS=32 | mavi=— kirmizi=— | tespit=BEKLİYOR | kuyruk=0
2472784	TX_ANT	ff	193:0:10:26:270
2472784	PKT	0:128:60485:193:155549:0:0
2473785	TX_ANT	ff	193:0:10:26:221
2473785	PKT	0:128:61389:193:156453:0:0
2474784	TX_ANT	ff	193:0:10:44:3652
2474784	PKT	0:128:60757:193:155821:0:0
2475784	TX_ANT	ff	193:0:10:35:1433
2475784	PKT	0:128:60750:193:155814:0:0
2476784	TX_ANT	ff	193:0:10:28:177
2476784	PKT	0:128:61204:193:156268:0:0
[VISION][STATUS] FPS=32 | mavi=— kirmizi=— | tespit=BEKLİYOR | kuyruk=0
2477784	TX_ANT	ff	193:0:10:25:199
2477784	PKT	0:128:60161:193:155225:0:0
2478784	TX_ANT	ff	193:0:10:26:178
2478784	PKT	0:128:61287:193:156351:0:0
2479784	TX_ANT	ff	193:0:10:33:1263
2479784	PKT	0:128:60770:193:155834:0:0
2480788	TX_ANT	ff	193:0:10:23:167
2480788	PKT	0:128:60357:193:155421:0:0
2481784	TX_ANT	ff	193:0:9:24:211
2481784	PKT	0:128:61043:193:156107:0:0
[VISION][STATUS] FPS=33 | mavi=— kirmizi=— | tespit=BEKLİYOR | kuyruk=0
2482784	TX_ANT	ff	193:0:10:26:185
2482784	PKT	0:128:61125:193:156189:0:0
2483784	TX_ANT	ff	193:0:10:27:290
2483784	PKT	0:128:61238:193:156302:0:0
2484784	TX_ANT	ff	193:0:10:23:159
2484784	PKT	0:128:60972:193:156036:0:0
2485784	TX_ANT	ff	193:0:10:26:172
2485784	PKT	0:128:61471:193:156535:0:0
2486784	TX_ANT	ff	193:0:10:27:179
2486784	PKT	0:128:60495:193:155559:0:0
[VISION][STATUS] FPS=32 | mavi=— kirmizi=— | tespit=BEKLİYOR | kuyruk=0
2487784	TX_ANT	ff	193:0:10:24:170
2487784	PKT	0:128:61930:193:156994:0:0
2488784	TX_ANT	ff	193:0:10:41:1246
2488784	PKT	0:128:60812:193:155876:0:0
2489784	TX_ANT	ff	193:0:10:25:189
2489784	PKT	0:128:61730:193:156794:0:0
2490784	TX_ANT	ff	193:0:9:25:188
2490784	PKT	0:128:61160:193:156224:0:0
2491784	TX_ANT	ff	193:0:10:25:179
2491784	PKT	0:128:61297:193:156361:0:0
[VISION][STATUS] FPS=32 | mavi=— kirmizi=— | tespit=BEKLİYOR | kuyruk=0
2492784	TX_ANT	ff	193:0:10:25:190
2492784	PKT	0:128:60296:193:155360:0:0
2493784	TX_ANT	ff	193:0:10:31:427
2493784	PKT	0:128:60931:193:155995:0:0
2494786	TX_ANT	ff	193:0:10:29:285
2494786	PKT	0:128:60834:193:155898:0:0
2495784	TX_ANT	ff	193:0:10:25:184
2495784	PKT	0:128:60860:193:155924:0:0
2496785	TX_ANT	ff	193:0:10:24:178
2496785	PKT	0:128:61113:193:156177:0:0
[VISION][STATUS] FPS=32 | mavi=— kirmizi=— | tespit=BEKLİYOR | kuyruk=0
2497784	TX_ANT	ff	193:0:10:26:162
2497784	PKT	0:128:61270:193:156334:0:0
2498785	TX_ANT	ff	193:0:10:28:217
2498785	PKT	0:128:60333:193:155397:0:0
2499784	TX_ANT	ff	193:0:10:31:603
2499784	PKT	0:128:60901:193:155965:0:0
2500784	TX_ANT	ff	193:0:10:23:126
2500784	PKT	0:128:61130:193:156194:0:0
2501787	TX_ANT	ff	193:0:10:25:187
2501787	PKT	0:128:60813:193:155877:0:0
2502784	TX_ANT	ff	193:0:10:29:281
2502784	PKT	0:128:60819:193:155883:0:0
[VISION][STATUS] FPS=32 | mavi=— kirmizi=— | tespit=BEKLİYOR | kuyruk=0
2503784	TX_ANT	ff	193:0:10:26:275
2503784	PKT	0:128:60650:193:155714:0:0
2504784	TX_ANT	ff	193:0:10:28:525
2504784	PKT	0:128:61130:193:156194:0:0
2505784	TX_ANT	ff	193:0:10:26:922
2505784	PKT	0:128:61040:193:156104:0:0
2506785	TX_ANT	ff	193:0:10:34:540
2506785	PKT	0:128:61433:193:156497:0:0
2507785	TX_ANT	ff	193:0:10:25:164
2507785	PKT	0:128:61317:193:156381:0:0
[VISION][STATUS] FPS=32 | mavi=— kirmizi=— | tespit=BEKLİYOR | kuyruk=0
2508784	TX_ANT	ff	193:0:10:25:150
2508784	PKT	0:128:61566:193:156630:0:0
2509784	TX_ANT	ff	193:0:10:24:142
2509784	PKT	0:128:60640:193:155704:0:0
2510784	TX_ANT	ff	193:0:10:34:1308
2510784	PKT	0:128:60946:193:156010:0:0
2511784	TX_ANT	ff	193:0:10:40:1936
2511784	PKT	0:128:61456:193:156520:0:0
2512784	TX_ANT	ff	193:0:10:27:437
2512784	PKT	0:128:61762:193:156826:0:0
[VISION][STATUS] FPS=32 | mavi=— kirmizi=— | tespit=BEKLİYOR | kuyruk=0
2513786	TX_ANT	ff	193:0:10:24:129
2513786	PKT	0:128:60683:193:155747:0:0
2514784	TX_ANT	ff	193:0:10:31:510
2514784	PKT	0:128:60430:193:155494:0:0
2515784	TX_ANT	ff	193:0:10:27:192
2515784	PKT	0:128:61239:193:156303:0:0
2516784	TX_ANT	ff	193:0:10:23:126
2516784	PKT	0:128:60159:193:155223:0:0
2517784	TX_ANT	ff	193:0:10:25:187
2517784	PKT	0:128:61326:193:156390:0:0
[VISION][STATUS] FPS=32 | mavi=— kirmizi=— | tespit=BEKLİYOR | kuyruk=0
2518784	TX_ANT	ff	193:0:10:32:524
2518784	PKT	0:128:60769:193:155833:0:0
2519784	TX_ANT	ff	193:0:10:27:156
2519784	PKT	0:128:60673:193:155737:0:0
2520784	TX_ANT	ff	193:0:10:31:325
2520784	PKT	0:128:61475:193:156539:0:0
2521785	TX_ANT	ff	193:0:10:25:258
2521785	PKT	0:128:61746:193:156810:0:0
2522784	TX_ANT	ff	193:0:10:36:1109
2522784	PKT	0:128:60963:193:156027:0:0
[VISION][STATUS] FPS=32 | mavi=— kirmizi=— | tespit=BEKLİYOR | kuyruk=0
2523784	TX_ANT	ff	193:0:10:25:235
2523784	PKT	0:128:61215:193:156279:0:0
2524785	TX_ANT	ff	193:0:10:30:274
2524785	PKT	0:128:60619:193:155683:0:0
2525787	TX_ANT	ff	193:0:10:38:1005
2525787	PKT	0:128:61083:193:156147:0:0
2526784	TX_ANT	ff	193:0:10:29:253
2526784	PKT	0:128:61415:193:156479:0:0
2527784	TX_ANT	ff	193:0:10:37:666
2527784	PKT	0:128:61170:193:156234:0:0
[VISION][STATUS] FPS=32 | mavi=— kirmizi=— | tespit=BEKLİYOR | kuyruk=0
2528784	TX_ANT	ff	193:0:10:27:460
2528784	PKT	0:128:60541:193:155605:0:0
2529784	TX_ANT	ff	193:0:10:38:2407
2529784	PKT	0:128:61036:193:156100:0:0
2530784	TX_ANT	ff	193:0:10:25:181
2530784	PKT	0:128:60959:193:156023:0:0
2531784	TX_ANT	ff	193:0:10:27:198
2531784	PKT	0:128:61597:193:156661:0:0
2532784	TX_ANT	ff	193:0:10:25:188
2532784	PKT	0:128:61080:193:156144:0:0
[VISION][STATUS] FPS=32 | mavi=— kirmizi=— | tespit=BEKLİYOR | kuyruk=0
2533784	TX_ANT	ff	193:0:10:25:190
2533784	PKT	0:128:60880:193:155944:0:0
2534784	TX_ANT	ff	193:0:10:25:209
2534784	PKT	0:128:60317:193:155381:0:0
2535784	TX_ANT	ff	193:0:10:25:177
2535784	PKT	0:128:61299:193:156363:0:0
2536784	TX_ANT	ff	193:0:10:26:183
2536784	PKT	0:128:59946:193:155010:0:0
2537785	TX_ANT	ff	193:0:10:24:113
2537785	PKT	0:128:60575:193:155639:0:0
[VISION][STATUS] FPS=32 | mavi=— kirmizi=— | tespit=BEKLİYOR | kuyruk=0
2538784	TX_ANT	ff	193:0:10:26:248
2538784	PKT	0:128:61201:193:156265:0:0
2539785	TX_ANT	ff	193:0:10:33:295
2539785	PKT	0:128:61146:193:156210:0:0
2540784	TX_ANT	ff	193:0:10:26:185
2540784	PKT	0:128:61190:193:156254:0:0
2541784	TX_ANT	ff	193:0:10:30:659
2541784	PKT	0:128:60730:193:155794:0:0
2542784	TX_ANT	ff	193:0:10:25:151
2542784	PKT	0:128:60505:193:155569:0:0
[VISION][STATUS] FPS=32 | mavi=— kirmizi=— | tespit=BEKLİYOR | kuyruk=0
2543784	TX_ANT	ff	193:0:10:26:151
2543784	PKT	0:128:60902:193:155966:0:0
2544784	TX_ANT	ff	193:0:10:29:309
2544784	PKT	0:128:61025:193:156089:0:0
2545784	TX_ANT	ff	193:0:10:29:463
2545784	PKT	0:128:60830:193:155894:0:0
2546784	TX_ANT	ff	193:0:10:26:159
2546784	PKT	0:128:60634:193:155698:0:0
2547784	TX_ANT	ff	193:0:10:31:936
2547784	PKT	0:128:60961:193:156025:0:0
[VISION][STATUS] FPS=32 | mavi=— kirmizi=— | tespit=BEKLİYOR | kuyruk=0
2548784	TX_ANT	ff	193:0:10:27:171
2548784	PKT	0:128:61004:193:156068:0:0
2549784	TX_ANT	ff	193:0:10:24:127
2549784	PKT	0:128:61305:193:156369:0:0
2550785	TX_ANT	ff	193:0:10:25:115
2550785	PKT	0:128:60602:193:155666:0:0
2551784	TX_ANT	ff	193:0:10:29:302
2551784	PKT	0:128:61088:193:156152:0:0
2552785	TX_ANT	ff	193:0:9:25:180
2552785	PKT	0:128:61916:193:156980:0:0
[VISION][STATUS] FPS=32 | mavi=— kirmizi=— | tespit=BEKLİYOR | kuyruk=0
2553784	TX_ANT	ff	193:0:10:30:233
2553784	PKT	0:128:61444:193:156508:0:0
2554784	TX_ANT	ff	193:0:10:33:665
2554784	PKT	0:128:61459:193:156523:0:0
2555788	TX_ANT	ff	193:0:11:30:292
2555788	PKT	0:128:61301:193:156365:0:0
2556784	TX_ANT	ff	193:0:10:36:692
2556784	PKT	0:128:61392:193:156456:0:0
2557784	TX_ANT	ff	193:0:10:46:2446
2557784	PKT	0:128:60703:193:155767:0:0
[VISION][STATUS] FPS=32 | mavi=— kirmizi=— | tespit=BEKLİYOR | kuyruk=0
2558787	TX_ANT	ff	193:0:10:25:216
2558787	PKT	0:128:61044:193:156108:0:0
2559784	TX_ANT	ff	193:0:10:34:1186
2559784	PKT	0:128:61349:193:156413:0:0
2560784	TX_ANT	ff	193:0:10:34:675
2560784	PKT	0:128:60309:193:155373:0:0
2561784	TX_ANT	ff	193:0:10:25:169
2561784	PKT	0:128:61042:193:156106:0:0
2562784	TX_ANT	ff	193:0:9:26:227
2562784	PKT	0:128:61028:193:156092:0:0
[VISION][STATUS] FPS=32 | mavi=— kirmizi=— | tespit=BEKLİYOR | kuyruk=0
2563784	TX_ANT	ff	193:0:10:25:258
2563784	PKT	0:128:60925:193:155989:0:0
2564784	TX_ANT	ff	193:0:10:25:146
2564784	PKT	0:128:60948:193:156012:0:0
2565785	TX_ANT	ff	193:0:10:26:191
2565785	PKT	0:128:60631:193:155695:0:0
2566784	TX_ANT	ff	193:0:10:26:212
2566784	PKT	0:128:60800:193:155864:0:0
2567784	TX_ANT	ff	193:0:10:31:1331
2567784	PKT	0:128:61276:193:156340:0:0
[VISION][STATUS] FPS=32 | mavi=— kirmizi=— | tespit=BEKLİYOR | kuyruk=0
2568785	TX_ANT	ff	193:0:10:37:2401
2568785	PKT	0:128:61309:193:156373:0:0
2569784	TX_ANT	ff	193:0:10:28:185
2569784	PKT	0:128:60070:193:155134:0:0
2570784	TX_ANT	ff	193:0:10:26:186
2570784	PKT	0:128:61109:193:156173:0:0
2571784	TX_ANT	ff	193:0:10:24:173
2571784	PKT	0:128:61570:193:156634:0:0
2572784	TX_ANT	ff	193:0:10:23:128
2572784	PKT	0:128:60660:193:155724:0:0
[VISION][STATUS] FPS=32 | mavi=— kirmizi=— | tespit=BEKLİYOR | kuyruk=0
2573784	TX_ANT	ff	193:0:10:26:141
2573784	PKT	0:128:61620:193:156684:0:0
2574784	TX_ANT	ff	193:0:11:29:266
2574784	PKT	0:128:61069:193:156133:0:0
2575784	TX_ANT	ff	193:0:10:27:281
2575784	PKT	0:128:60273:193:155337:0:0
2576784	TX_ANT	ff	193:0:10:28:220
2576784	PKT	0:128:61782:193:156846:0:0
2577784	TX_ANT	ff	193:0:10:29:319
2577784	PKT	0:128:60575:193:155639:0:0
[VISION][STATUS] FPS=32 | mavi=— kirmizi=— | tespit=BEKLİYOR | kuyruk=0
2578785	TX_ANT	ff	193:0:10:25:182
2578785	PKT	0:128:60316:193:155380:0:0
2579784	TX_ANT	ff	193:0:10:27:298
2579784	PKT	0:128:61673:193:156737:0:0
2580784	TX_ANT	ff	193:0:10:24:219
2580784	PKT	0:128:60664:193:155728:0:0
2581784	TX_ANT	ff	193:0:10:26:175
2581784	PKT	0:128:60910:193:155974:0:0
2582784	TX_ANT	ff	193:0:10:24:133
2582784	PKT	0:128:60952:193:156016:0:0
[VISION][STATUS] FPS=32 | mavi=— kirmizi=— | tespit=BEKLİYOR | kuyruk=0
2583785	TX_ANT	ff	193:0:10:37:1837
2583785	PKT	0:128:61068:193:156132:0:0
2584784	TX_ANT	ff	193:0:10:24:182
2584784	PKT	0:128:60648:193:155712:0:0
2585785	TX_ANT	ff	193:0:10:28:170
2585785	PKT	0:128:61266:193:156330:0:0
2586784	TX_ANT	ff	193:0:10:25:217
2586784	PKT	0:128:60855:193:155919:0:0
2587784	TX_ANT	ff	193:0:10:26:169
2587784	PKT	0:128:61365:193:156429:0:0
[VISION][STATUS] FPS=32 | mavi=— kirmizi=— | tespit=BEKLİYOR | kuyruk=0
2588784	TX_ANT	ff	193:0:9:29:488
2588784	PKT	0:128:61435:193:156499:0:0
2589784	TX_ANT	ff	193:0:10:28:251
2589784	PKT	0:128:60548:193:155612:0:0
2590785	TX_ANT	ff	193:0:10:29:265
2590785	PKT	0:128:61151:193:156215:0:0
2591784	TX_ANT	ff	193:0:10:25:164
2591784	PKT	0:128:61313:193:156377:0:0
2592784	TX_ANT	ff	193:0:10:26:217
2592784	PKT	0:128:61107:193:156171:0:0
[VISION][STATUS] FPS=33 | mavi=— kirmizi=— | tespit=BEKLİYOR | kuyruk=0
2593784	TX_ANT	ff	193:0:10:23:130
2593784	PKT	0:128:60873:193:155937:0:0
2594784	TX_ANT	ff	193:0:10:25:172
2594784	PKT	0:128:61080:193:156144:0:0
2595784	TX_ANT	ff	193:0:10:24:134
2595784	PKT	0:128:61739:193:156803:0:0
2596784	TX_ANT	ff	193:0:10:28:180
2596784	PKT	0:128:61333:193:156397:0:0
2597788	TX_ANT	ff	193:0:10:30:303
2597788	PKT	0:128:61728:193:156792:0:0
[VISION][STATUS] FPS=32 | mavi=— kirmizi=— | tespit=BEKLİYOR | kuyruk=0
2598784	TX_ANT	ff	193:0:10:27:157
2598784	PKT	0:128:61640:193:156704:0:0
2599784	TX_ANT	ff	193:0:10:28:320
2599784	PKT	0:128:62146:193:157210:0:0
2600785	TX_ANT	ff	193:0:10:27:190
2600785	PKT	0:128:60798:193:155862:0:0
2601784	TX_ANT	ff	193:0:10:26:322
2601784	PKT	0:128:60199:193:155263:0:0
2602784	TX_ANT	ff	193:0:10:28:184
2602784	PKT	0:128:61494:193:156558:0:0
[VISION][STATUS] FPS=32 | mavi=— kirmizi=— | tespit=BEKLİYOR | kuyruk=0
2603784	TX_ANT	ff	193:0:10:26:144
2603784	PKT	0:128:61406:193:156470:0:0
2604786	TX_ANT	ff	193:0:10:31:533
2604786	PKT	0:128:61149:193:156213:0:0
2605784	TX_ANT	ff	193:0:10:27:257
2605784	PKT	0:128:61036:193:156100:0:0
2606784	TX_ANT	ff	193:0:10:27:227
2606784	PKT	0:128:60780:193:155844:0:0
2607784	TX_ANT	ff	193:0:10:26:268
2607784	PKT	0:128:60452:193:155516:0:0
[VISION][STATUS] FPS=33 | mavi=— kirmizi=— | tespit=BEKLİYOR | kuyruk=0
2608784	TX_ANT	ff	193:0:10:27:249
2608784	PKT	0:128:61588:193:156652:0:0
2609784	TX_ANT	ff	193:0:10:26:184
2609784	PKT	0:128:61070:193:156134:0:0
2610784	TX_ANT	ff	193:0:10:35:1254
2610784	PKT	0:128:60722:193:155786:0:0
2611785	TX_ANT	ff	193:0:10:26:459
2611785	PKT	0:128:61243:193:156307:0:0
2612785	TX_ANT	ff	193:0:10:29:517
2612785	PKT	0:128:60623:193:155687:0:0
[VISION][STATUS] FPS=32 | mavi=— kirmizi=— | tespit=BEKLİYOR | kuyruk=0
2613784	TX_ANT	ff	193:0:10:26:139
2613784	PKT	0:128:61120:193:156184:0:0
2614784	TX_ANT	ff	193:0:10:23:110
2614784	PKT	0:128:60708:193:155772:0:0
2615785	TX_ANT	ff	193:0:10:24:189
2615785	PKT	0:128:60545:193:155609:0:0
2616787	TX_ANT	ff	193:0:10:27:189
2616787	PKT	0:128:60481:193:155545:0:0
2617784	TX_ANT	ff	193:0:10:25:178
2617784	PKT	0:128:60872:193:155936:0:0
[VISION][STATUS] FPS=32 | mavi=— kirmizi=— | tespit=BEKLİYOR | kuyruk=0
2618784	TX_ANT	ff	193:0:10:25:196
2618784	PKT	0:128:61059:193:156123:0:0
2619784	TX_ANT	ff	193:0:10:34:937
2619784	PKT	0:128:61617:193:156681:0:0
2620785	TX_ANT	ff	193:0:10:28:228
2620785	PKT	0:128:60975:193:156039:0:0
2621784	TX_ANT	ff	193:0:10:26:240
2621784	PKT	0:128:61050:193:156114:0:0
2622784	TX_ANT	ff	193:0:10:25:309
2622784	PKT	0:128:60798:193:155862:0:0
[VISION][STATUS] FPS=32 | mavi=— kirmizi=— | tespit=BEKLİYOR | kuyruk=0
2623784	TX_ANT	ff	193:0:10:42:2347
2623784	PKT	0:128:61258:193:156322:0:0
2624785	TX_ANT	ff	193:0:10:28:172
2624785	PKT	0:128:61332:193:156396:0:0
2625784	TX_ANT	ff	193:0:10:29:395
2625784	PKT	0:128:61631:193:156695:0:0
2626785	TX_ANT	ff	193:0:10:26:290
2626785	PKT	0:128:60805:193:155869:0:0
2627784	TX_ANT	ff	193:0:10:24:199
2627784	PKT	0:128:61371:193:156435:0:0
[VISION][STATUS] FPS=33 | mavi=— kirmizi=— | tespit=BEKLİYOR | kuyruk=0
2628784	TX_ANT	ff	193:0:10:24:149
2628784	PKT	0:128:60736:193:155800:0:0
2629785	TX_ANT	ff	193:0:10:29:736
2629785	PKT	0:128:60989:193:156053:0:0
2630784	TX_ANT	ff	193:0:10:27:189
2630784	PKT	0:128:61596:193:156660:0:0
2631784	TX_ANT	ff	193:0:10:25:174
2631784	PKT	0:128:61378:193:156442:0:0
2632784	TX_ANT	ff	193:0:10:26:212
2632784	PKT	0:128:60710:193:155774:0:0
[VISION][STATUS] FPS=32 | mavi=— kirmizi=— | tespit=BEKLİYOR | kuyruk=0
2633784	TX_ANT	ff	193:0:10:25:141
2633784	PKT	0:128:60770:193:155834:0:0
2634784	TX_ANT	ff	193:0:10:23:183
2634784	PKT	0:128:61085:193:156149:0:0
2635785	TX_ANT	ff	193:0:10:25:154
2635785	PKT	0:128:61391:193:156455:0:0
2636786	TX_ANT	ff	193:0:10:25:203
2636786	PKT	0:128:61277:193:156341:0:0
2637784	TX_ANT	ff	193:0:10:25:233
2637784	PKT	0:128:61614:193:156678:0:0
[VISION][STATUS] FPS=32 | mavi=— kirmizi=— | tespit=BEKLİYOR | kuyruk=0
2638784	TX_ANT	ff	193:0:10:31:663
2638784	PKT	0:128:61994:193:157058:0:0
2639784	TX_ANT	ff	193:0:10:24:176
2639784	PKT	0:128:60708:193:155772:0:0
2640784	TX_ANT	ff	193:0:10:28:342
2640784	PKT	0:128:61324:193:156388:0:0
2641784	TX_ANT	ff	193:0:10:26:187
2641784	PKT	0:128:61760:193:156824:0:0
2642784	TX_ANT	ff	193:0:10:33:476
2642784	PKT	0:128:61329:193:156393:0:0
[VISION][STATUS] FPS=32 | mavi=— kirmizi=— | tespit=BEKLİYOR | kuyruk=0
2643784	TX_ANT	ff	193:0:10:26:197
2643784	PKT	0:128:61108:193:156172:0:0
2644784	TX_ANT	ff	193:0:10:27:145
2644784	PKT	0:128:60290:193:155354:0:0
2645785	TX_ANT	ff	193:0:10:31:675
2645785	PKT	0:128:61475:193:156539:0:0
2646784	TX_ANT	ff	193:0:11:31:433
2646784	PKT	0:128:61291:193:156355:0:0
2647785	TX_ANT	ff	193:0:10:26:295
2647785	PKT	0:128:60422:193:155486:0:0
[VISION][STATUS] FPS=32 | mavi=— kirmizi=— | tespit=BEKLİYOR | kuyruk=0
2648784	TX_ANT	ff	193:0:10:27:225
2648784	PKT	0:128:60821:193:155885:0:0
2649784	TX_ANT	ff	193:0:10:23:142
2649784	PKT	0:128:60347:193:155411:0:0
2650785	TX_ANT	ff	193:0:10:25:184
2650785	PKT	0:128:61259:193:156323:0:0
2651788	TX_ANT	ff	192:0:10:26:169
2651788	PKT	0:127:61398:192:156434:0:0
2652784	TX_ANT	ff	193:0:10:26:179
2652784	PKT	0:128:61151:193:156215:0:0
[VISION][STATUS] FPS=32 | mavi=— kirmizi=— | tespit=BEKLİYOR | kuyruk=0
2653785	TX_ANT	ff	193:0:10:37:1368
2653785	PKT	0:128:61184:193:156248:0:0
2654785	TX_ANT	ff	193:0:10:26:193
2654785	PKT	0:128:61861:193:156925:0:0
2655784	TX_ANT	ff	193:0:10:39:679
2655784	PKT	0:128:61229:193:156293:0:0
2656784	TX_ANT	ff	193:0:10:24:191
2656784	PKT	0:128:60792:193:155856:0:0
2657784	TX_ANT	ff	193:0:10:39:1205
2657784	PKT	0:128:61476:193:156540:0:0
[VISION][STATUS] FPS=32 | mavi=— kirmizi=— | tespit=BEKLİYOR | kuyruk=0
2658784	TX_ANT	ff	192:0:10:33:818
2658784	PKT	0:127:60396:192:155432:0:0
2659784	TX_ANT	ff	193:0:10:31:612
2659784	PKT	0:128:61384:193:156448:0:0
2660785	TX_ANT	ff	193:0:10:24:122
2660785	PKT	0:128:61823:193:156887:0:0
2661784	TX_ANT	ff	193:0:10:25:154
2661784	PKT	0:128:60883:193:155947:0:0
2662784	TX_ANT	ff	193:0:10:26:172
2662784	PKT	0:128:60859:193:155923:0:0
[VISION][STATUS] FPS=32 | mavi=— kirmizi=— | tespit=BEKLİYOR | kuyruk=0
2663784	TX_ANT	ff	193:0:10:29:315
2663784	PKT	0:128:61509:193:156573:0:0
2664784	TX_ANT	ff	193:0:10:26:156
2664784	PKT	0:128:61314:193:156378:0:0
2665784	TX_ANT	ff	193:0:10:24:171
2665784	PKT	0:128:60942:193:156006:0:0
2666784	TX_ANT	ff	193:0:10:24:135
2666784	PKT	0:128:61441:193:156505:0:0
2667784	TX_ANT	ff	193:0:10:25:231
2667784	PKT	0:128:60714:193:155778:0:0
[VISION][STATUS] FPS=32 | mavi=— kirmizi=— | tespit=BEKLİYOR | kuyruk=0
2668784	TX_ANT	ff	193:0:10:30:738
2668784	PKT	0:128:61476:193:156540:0:0
2669785	TX_ANT	ff	193:0:10:24:171
2669785	PKT	0:128:61087:193:156151:0:0
2670784	TX_ANT	ff	193:0:10:26:129
2670784	PKT	0:128:61598:193:156662:0:0
2671784	TX_ANT	ff	193:0:9:30:1042
2671784	PKT	0:128:60970:193:156034:0:0
2672784	TX_ANT	ff	193:0:10:42:3069
2672784	PKT	0:128:61291:193:156355:0:0
[VISION][STATUS] FPS=32 | mavi=— kirmizi=— | tespit=BEKLİYOR | kuyruk=0
2673784	TX_ANT	ff	193:0:10:26:280
2673784	PKT	0:128:61116:193:156180:0:0
2674785	TX_ANT	ff	193:0:10:34:914
2674785	PKT	0:128:60138:193:155202:0:0
2675784	TX_ANT	ff	193:0:10:32:214
2675784	PKT	0:128:60543:193:155607:0:0
2676784	TX_ANT	ff	193:0:10:22:154
2676784	PKT	0:128:61400:193:156464:0:0
2677785	TX_ANT	ff	193:0:10:28:293
2677785	PKT	0:128:61455:193:156519:0:0
[VISION][STATUS] FPS=32 | mavi=— kirmizi=— | tespit=BEKLİYOR | kuyruk=0
2678784	TX_ANT	ff	193:0:10:27:271
2678784	PKT	0:128:60637:193:155701:0:0
2679784	TX_ANT	ff	193:0:10:24:173
2679784	PKT	0:128:61442:193:156506:0:0
2680784	TX_ANT	ff	193:0:9:25:726
2680784	PKT	0:128:60215:193:155279:0:0
2681784	TX_ANT	ff	193:0:10:25:174
2681784	PKT	0:128:61003:193:156067:0:0
2682784	TX_ANT	ff	193:0:10:26:238
2682784	PKT	0:128:60592:193:155656:0:0
[VISION][STATUS] FPS=33 | mavi=— kirmizi=— | tespit=BEKLİYOR | kuyruk=0
2683784	TX_ANT	ff	193:0:10:29:894
2683784	PKT	0:128:61478:193:156542:0:0
2684784	TX_ANT	ff	193:0:10:24:160
2684784	PKT	0:128:61563:193:156627:0:0
2685784	TX_ANT	ff	193:0:9:25:194
2685784	PKT	0:128:61017:193:156081:0:0
2686785	TX_ANT	ff	193:0:10:24:152
2686785	PKT	0:128:61959:193:157023:0:0
2687785	TX_ANT	ff	193:0:10:27:192
2687785	PKT	0:128:61581:193:156645:0:0
[VISION][STATUS] FPS=32 | mavi=— kirmizi=— | tespit=BEKLİYOR | kuyruk=0
2688788	TX_ANT	ff	193:0:10:25:326
2688788	PKT	0:128:60796:193:155860:0:0
2689784	TX_ANT	ff	193:0:10:25:183
2689784	PKT	0:128:61179:193:156243:0:0
2690784	TX_ANT	ff	193:0:10:23:101
2690784	PKT	0:128:60783:193:155847:0:0
2691784	TX_ANT	ff	193:0:10:26:276
2691784	PKT	0:128:60797:193:155861:0:0
2692784	TX_ANT	ff	193:0:10:35:917
2692784	PKT	0:128:61460:193:156524:0:0
[VISION][STATUS] FPS=32 | mavi=— kirmizi=— | tespit=BEKLİYOR | kuyruk=0
2693784	TX_ANT	ff	193:0:10:27:253
2693784	PKT	0:128:61387:193:156451:0:0
2694784	TX_ANT	ff	193:0:10:28:215
2694784	PKT	0:128:60001:193:155065:0:0
2695784	TX_ANT	ff	193:0:10:31:466
2695784	PKT	0:128:61450:193:156514:0:0
2696785	TX_ANT	ff	193:0:10:25:136
2696785	PKT	0:128:61458:193:156522:0:0
2697784	TX_ANT	ff	193:0:10:25:251
2697784	PKT	0:128:61726:193:156790:0:0
[VISION][STATUS] FPS=32 | mavi=— kirmizi=— | tespit=BEKLİYOR | kuyruk=0
2698784	TX_ANT	ff	193:0:10:26:198
2698784	PKT	0:128:61145:193:156209:0:0
2699784	TX_ANT	ff	193:0:10:36:1997
2699784	PKT	0:128:60420:193:155484:0:0
2700785	TX_ANT	ff	193:0:10:27:762
2700785	PKT	0:128:61164:193:156228:0:0
2701784	TX_ANT	ff	193:0:10:29:430
2701784	PKT	0:128:60832:193:155896:0:0
2702784	TX_ANT	ff	193:0:10:25:179
2702784	PKT	0:128:61615:193:156679:0:0
[VISION][STATUS] FPS=32 | mavi=— kirmizi=— | tespit=BEKLİYOR | kuyruk=0
2703784	TX_ANT	ff	193:0:10:24:200
2703784	PKT	0:128:61598:193:156662:0:0
2704784	TX_ANT	ff	193:0:9:27:257
2704784	PKT	0:128:60928:193:155992:0:0
2705784	TX_ANT	ff	193:0:10:29:238
2705784	PKT	0:128:60606:193:155670:0:0
2706784	TX_ANT	ff	193:0:10:44:1593
2706784	PKT	0:128:61413:193:156477:0:0
2707784	TX_ANT	ff	193:0:10:28:189
2707784	PKT	0:128:61193:193:156257:0:0
2708785	TX_ANT	ff	193:0:10:25:138
2708785	PKT	0:128:60304:193:155368:0:0
[VISION][STATUS] FPS=32 | mavi=— kirmizi=— | tespit=BEKLİYOR | kuyruk=0
2709785	TX_ANT	ff	193:0:10:23:118
2709785	PKT	0:128:60960:193:156024:0:0
2710784	TX_ANT	ff	193:0:10:24:202
2710784	PKT	0:128:61456:193:156520:0:0
2711784	TX_ANT	ff	193:0:10:28:719
2711784	PKT	0:128:61259:193:156323:0:0
2712784	TX_ANT	ff	193:0:10:26:171
2712784	PKT	0:128:61312:193:156376:0:0
2713785	TX_ANT	ff	193:0:10:28:1026
2713785	PKT	0:128:61535:193:156599:0:0
[VISION][STATUS] FPS=33 | mavi=— kirmizi=— | tespit=BEKLİYOR | kuyruk=0
2714784	TX_ANT	ff	193:0:10:25:219
2714784	PKT	0:128:60947:193:156011:0:0
2715784	TX_ANT	ff	193:0:10:24:100
2715784	PKT	0:128:61590:193:156654:0:0
2716784	TX_ANT	ff	193:0:10:28:307
2716784	PKT	0:128:62383:193:157447:0:0
2717784	TX_ANT	ff	193:0:10:26:283
2717784	PKT	0:128:61081:193:156145:0:0
2718784	TX_ANT	ff	193:0:10:25:179
2718784	PKT	0:128:61163:193:156227:0:0
[VISION][STATUS] FPS=33 | mavi=— kirmizi=— | tespit=BEKLİYOR | kuyruk=0
2719784	TX_ANT	ff	193:0:10:60:2776
2719784	PKT	0:128:61962:193:157026:0:0
2720785	TX_ANT	ff	193:0:10:29:178
2720785	PKT	0:128:61041:193:156105:0:0
2721784	TX_ANT	ff	193:0:10:32:288
2721784	PKT	0:128:61461:193:156525:0:0
2722784	TX_ANT	ff	193:0:10:26:191
2722784	PKT	0:128:61175:193:156239:0:0
2723784	TX_ANT	ff	193:0:10:32:368
2723784	PKT	0:128:61702:193:156766:0:0
[VISION][STATUS] FPS=33 | mavi=— kirmizi=— | tespit=BEKLİYOR | kuyruk=0
2724784	TX_ANT	ff	193:0:10:36:1785
2724784	PKT	0:128:61805:193:156869:0:0
2725784	TX_ANT	ff	193:0:10:26:173
2725784	PKT	0:128:61819:193:156883:0:0
2726785	TX_ANT	ff	193:0:10:27:242
2726785	PKT	0:128:61466:193:156530:0:0
2727784	TX_ANT	ff	193:0:10:27:261
2727784	PKT	0:128:61454:193:156518:0:0
2728784	TX_ANT	ff	192:0:10:26:280
2728784	PKT	0:127:60786:192:155822:0:0
[VISION][STATUS] FPS=32 | mavi=— kirmizi=— | tespit=BEKLİYOR | kuyruk=0
2729784	TX_ANT	ff	193:0:10:28:248
2729784	PKT	0:128:60916:193:155980:0:0
2730785	TX_ANT	ff	193:0:10:24:132
2730785	PKT	0:128:61249:193:156313:0:0
2731784	TX_ANT	ff	193:0:10:26:209
2731784	PKT	0:128:60902:193:155966:0:0
2732784	TX_ANT	ff	193:0:10:25:137
2732784	PKT	0:128:60846:193:155910:0:0
2733785	TX_ANT	ff	193:0:9:24:120
2733785	PKT	0:128:61137:193:156201:0:0
[VISION][STATUS] FPS=32 | mavi=— kirmizi=— | tespit=BEKLİYOR | kuyruk=0
2734784	TX_ANT	ff	193:0:10:29:973
2734784	PKT	0:128:60467:193:155531:0:0
2735784	TX_ANT	ff	193:0:10:30:1154
2735784	PKT	0:128:61668:193:156732:0:0
2736784	TX_ANT	ff	193:0:10:25:182
2736784	PKT	0:128:60374:193:155438:0:0
2737785	TX_ANT	ff	193:0:10:32:1571
2737785	PKT	0:128:60659:193:155723:0:0
2738785	TX_ANT	ff	193:0:9:32:357
2738785	PKT	0:128:61389:193:156453:0:0
[VISION][STATUS] FPS=32 | mavi=— kirmizi=— | tespit=BEKLİYOR | kuyruk=0
2739784	TX_ANT	ff	193:0:10:28:183
2739784	PKT	0:128:60631:193:155695:0:0
2740785	TX_ANT	ff	193:0:10:26:202
2740785	PKT	0:128:61762:193:156826:0:0
2741784	TX_ANT	ff	193:0:10:23:97
2741784	PKT	0:128:61072:193:156136:0:0
2742784	TX_ANT	ff	193:0:10:31:357
2742784	PKT	0:128:61456:193:156520:0:0
2743784	TX_ANT	ff	193:0:10:27:351
2743784	PKT	0:128:61563:193:156627:0:0
[VISION][STATUS] FPS=32 | mavi=— kirmizi=— | tespit=BEKLİYOR | kuyruk=0
2744784	TX_ANT	ff	193:0:10:24:201
2744784	PKT	0:128:60783:193:155847:0:0
2745784	TX_ANT	ff	193:0:11:32:547
2745784	PKT	0:128:60584:193:155648:0:0
2746784	TX_ANT	ff	193:0:10:25:189
2746784	PKT	0:128:61078:193:156142:0:0
2747784	TX_ANT	ff	193:0:10:31:309
2747784	PKT	0:128:60737:193:155801:0:0
2748784	TX_ANT	ff	193:0:11:40:1212
2748784	PKT	0:128:61256:193:156320:0:0
[VISION][STATUS] FPS=32 | mavi=— kirmizi=— | tespit=BEKLİYOR | kuyruk=0
2749785	TX_ANT	ff	193:0:10:28:185
2749785	PKT	0:128:61578:193:156642:0:0
2750784	TX_ANT	ff	193:0:10:25:179
2750784	PKT	0:128:61509:193:156573:0:0
2751784	TX_ANT	ff	193:0:10:24:196
2751784	PKT	0:128:61190:193:156254:0:0
2752784	TX_ANT	ff	193:0:10:24:130
2752784	PKT	0:128:61031:193:156095:0:0
2753784	TX_ANT	ff	193:0:10:24:135
2753784	PKT	0:128:60795:193:155859:0:0
[VISION][STATUS] FPS=32 | mavi=— kirmizi=— | tespit=BEKLİYOR | kuyruk=0
2754784	TX_ANT	ff	192:0:10:25:184
2754784	PKT	0:127:60482:192:155518:0:0
2755784	TX_ANT	ff	193:0:10:32:1071
2755784	PKT	0:128:61019:193:156083:0:0
2756784	TX_ANT	ff	193:0:10:34:1829
2756784	PKT	0:128:61610:193:156674:0:0
2757784	TX_ANT	ff	193:0:10:27:304
2757784	PKT	0:128:61163:193:156227:0:0
2758784	TX_ANT	ff	193:0:10:25:134
2758784	PKT	0:128:62016:193:157080:0:0
[VISION][STATUS] FPS=32 | mavi=— kirmizi=— | tespit=BEKLİYOR | kuyruk=0
2759785	TX_ANT	ff	193:0:10:25:195
2759785	PKT	0:128:61127:193:156191:0:0
2760784	TX_ANT	ff	193:0:10:28:259
2760784	PKT	0:128:61025:193:156089:0:0
2761784	TX_ANT	ff	193:0:10:29:811
2761784	PKT	0:128:61722:193:156786:0:0
2762784	TX_ANT	ff	193:0:10:28:239
2762784	PKT	0:128:63282:193:158346:0:0
2763784	TX_ANT	ff	289:0:10:23:183
2763784	PKT	0:192:158649:289:301201:0:0
[VISION][STATUS] FPS=32 | mavi=— kirmizi=— | tespit=BEKLİYOR | kuyruk=0
2764784	TX_ANT	ff	392:0:10:23:1138
2764784	PKT	0:263:261356:392:451592:0:0
2765784	TX_ANT	ff	382:0:10:22:346
2765784	PKT	0:253:246361:382:436317:0:0
2766784	TX_ANT	ff	412:0:10:23:317
2766784	PKT	0:275:278908:412:480904:0:0
2767785	TX_ANT	ff	402:0:10:22:268
2767785	PKT	0:265:268058:402:469774:0:0
2768784	TX_ANT	ff	410:0:10:32:1359
2768784	PKT	0:273:272941:410:474881:0:0
[VISION][STATUS] FPS=32 | mavi=— kirmizi=— | tespit=BEKLİYOR | kuyruk=0
2769784	TX_ANT	ff	389:0:10:21:250
2769784	PKT	0:260:254534:389:444686:0:0
2770784	TX_ANT	ff	380:0:10:19:147
2770784	PKT	0:251:240848:380:430748:0:0
2771785	TX_ANT	ff	392:0:10:21:610
2771785	PKT	0:263:259118:392:449354:0:0
2772785	TX_ANT	ff	409:0:10:22:379
2772785	PKT	0:272:271207:409:473119:0:0
2773784	TX_ANT	ff	379:0:10:20:199
2773784	PKT	0:250:241041:379:430913:0:0
[VISION][STATUS] FPS=32 | mavi=— kirmizi=— | tespit=BEKLİYOR | kuyruk=0
2774785	TX_ANT	ff	293:0:10:27:215
2774785	PKT	0:196:167804:293:310468:0:0
2775785	TX_ANT	ff	272:0:10:22:122
2775785	PKT	0:179:139081:272:275557:0:0
2776784	TX_ANT	ff	317:0:10:20:184
2776784	PKT	0:212:190004:317:344540:0:0
2777785	TX_ANT	ff	231:0:10:27:242
2777785	PKT	0:154:108748:231:221676:0:0
2778785	TX_ANT	ff	193:0:9:29:289
2778785	PKT	0:128:65565:193:160629:0:0
[VISION][STATUS] FPS=32 | mavi=— kirmizi=— | tespit=BEKLİYOR | kuyruk=0
2779784	TX_ANT	ff	193:0:10:31:315
2779784	PKT	0:128:63136:193:158200:0:0
2780784	TX_ANT	ff	193:0:10:30:285
2780784	PKT	0:128:63394:193:158458:0:0
2781784	TX_ANT	ff	225:0:10:23:215
2781784	PKT	0:148:90701:225:203461:0:0
2782784	TX_ANT	ff	196:0:10:25:175
2782784	PKT	0:131:75925:196:171073:0:0
2783784	TX_ANT	ff	193:0:10:28:168
2783784	PKT	0:128:63103:193:158167:0:0
[VISION][STATUS] FPS=32 | mavi=— kirmizi=— | tespit=BEKLİYOR | kuyruk=0
2784784	TX_ANT	ff	192:0:10:28:176
2784784	PKT	0:128:61719:192:156695:0:0
2785785	TX_ANT	ff	193:0:10:26:196
2785785	PKT	0:128:61319:193:156383:0:0
2786784	TX_ANT	ff	193:0:10:27:218
2786784	PKT	0:128:61198:193:156262:0:0
2787786	TX_ANT	ff	193:0:10:26:186
2787786	PKT	0:128:60845:193:155909:0:0
2788784	TX_ANT	ff	193:0:9:26:163
2788784	PKT	0:128:60836:193:155900:0:0
[VISION][STATUS] FPS=32 | mavi=— kirmizi=— | tespit=BEKLİYOR | kuyruk=0
2789784	TX_ANT	ff	193:0:10:29:458
2789784	PKT	0:128:60397:193:155461:0:0
2790784	TX_ANT	ff	193:0:10:29:202
2790784	PKT	0:128:59997:193:155061:0:0
2791784	TX_ANT	ff	193:0:10:28:347
2791784	PKT	0:128:60638:193:155702:0:0
2792784	TX_ANT	ff	193:0:10:22:118
2792784	PKT	0:128:62414:193:157478:0:0
2793784	TX_ANT	ff	193:0:10:27:175
2793784	PKT	0:128:61702:193:156766:0:0
[VISION][STATUS] FPS=32 | mavi=— kirmizi=— | tespit=BEKLİYOR | kuyruk=0
2794784	TX_ANT	ff	193:0:10:25:193
2794784	PKT	0:128:61376:193:156440:0:0
2795784	TX_ANT	ff	193:0:10:31:983
2795784	PKT	0:128:61682:193:156746:0:0
2796784	TX_ANT	ff	193:0:10:27:188
2796784	PKT	0:128:61364:193:156428:0:0
2797784	TX_ANT	ff	193:0:10:25:378
2797784	PKT	0:128:61500:193:156564:0:0
2798784	TX_ANT	ff	193:0:10:24:189
2798784	PKT	0:128:61205:193:156269:0:0
[VISION][STATUS] FPS=32 | mavi=— kirmizi=— | tespit=BEKLİYOR | kuyruk=0
2799784	TX_ANT	ff	193:0:10:25:268
2799784	PKT	0:128:61607:193:156671:0:0
2800784	TX_ANT	ff	193:0:10:32:1111
2800784	PKT	0:128:61839:193:156903:0:0
2801784	TX_ANT	ff	193:0:10:23:104
2801784	PKT	0:128:62224:193:157288:0:0
2802784	TX_ANT	ff	193:0:10:25:174
2802784	PKT	0:128:61673:193:156737:0:0
2803784	TX_ANT	ff	193:0:10:27:499
2803784	PKT	0:128:60939:193:156003:0:0
[VISION][STATUS] FPS=32 | mavi=— kirmizi=— | tespit=BEKLİYOR | kuyruk=0
2804784	TX_ANT	ff	193:0:10:25:143
2804784	PKT	0:128:61807:193:156871:0:0
2805786	TX_ANT	ff	193:0:10:23:152
2805786	PKT	0:128:61645:193:156709:0:0
2806784	TX_ANT	ff	193:0:10:33:1519
2806784	PKT	0:128:60854:193:155918:0:0
2807784	TX_ANT	ff	193:0:10:24:136
2807784	PKT	0:128:61317:193:156381:0:0
2808784	TX_ANT	ff	193:0:10:22:130
2808784	PKT	0:128:61628:193:156692:0:0
[VISION][STATUS] FPS=32 | mavi=— kirmizi=— | tespit=BEKLİYOR | kuyruk=0
2809785	TX_ANT	ff	193:0:9:28:351
2809785	PKT	0:128:60885:193:155949:0:0
2810784	TX_ANT	ff	193:0:10:26:189
2810784	PKT	0:128:60875:193:155939:0:0
2811784	TX_ANT	ff	192:0:10:32:1014
2811784	PKT	0:127:60222:192:155258:0:0
2812784	TX_ANT	ff	193:0:10:28:185
2812784	PKT	0:128:61514:193:156578:0:0
2813784	TX_ANT	ff	193:0:10:25:198
2813784	PKT	0:128:61382:193:156446:0:0
[VISION][STATUS] FPS=32 | mavi=— kirmizi=— | tespit=BEKLİYOR | kuyruk=0
2814784	TX_ANT	ff	193:0:10:24:143
2814784	PKT	0:128:61635:193:156699:0:0
2815784	TX_ANT	ff	193:0:10:23:137
2815784	PKT	0:128:61216:193:156280:0:0
2816784	TX_ANT	ff	193:0:10:25:201
2816784	PKT	0:128:61530:193:156594:0:0
2817784	TX_ANT	ff	193:0:10:33:336
2817784	PKT	0:128:62104:193:157168:0:0
2818784	TX_ANT	ff	193:0:10:23:190
2818784	PKT	0:128:62167:193:157231:0:0
[VISION][STATUS] FPS=32 | mavi=— kirmizi=— | tespit=BEKLİYOR | kuyruk=0
2819784	TX_ANT	ff	193:0:10:27:161
2819784	PKT	0:128:60453:193:155517:0:0
2820784	TX_ANT	ff	193:0:10:24:170
2820784	PKT	0:128:61802:193:156866:0:0
2821784	TX_ANT	ff	193:0:10:27:238
2821784	PKT	0:128:61640:193:156704:0:0
2822784	TX_ANT	ff	193:0:10:31:715
2822784	PKT	0:128:61800:193:156864:0:0
2823784	TX_ANT	ff	192:0:10:25:215
2823784	PKT	0:127:60898:192:155934:0:0
[VISION][STATUS] FPS=33 | mavi=— kirmizi=— | tespit=BEKLİYOR | kuyruk=0
2824785	TX_ANT	ff	193:0:10:28:200
2824785	PKT	0:128:60687:193:155751:0:0
2825785	TX_ANT	ff	193:0:10:26:231
2825785	PKT	0:128:61719:193:156783:0:0
2826785	TX_ANT	ff	193:0:10:23:216
2826785	PKT	0:128:60753:193:155817:0:0
2827784	TX_ANT	ff	192:0:10:27:352
2827784	PKT	0:127:61877:192:156913:0:0
2828784	TX_ANT	ff	193:0:10:24:213
2828784	PKT	0:128:62667:193:157731:0:0
[VISION][STATUS] FPS=32 | mavi=— kirmizi=— | tespit=BEKLİYOR | kuyruk=0
2829784	TX_ANT	ff	193:0:10:26:242
2829784	PKT	0:128:62182:193:157246:0:0
2830784	TX_ANT	ff	193:0:10:29:274
2830784	PKT	0:128:61416:193:156480:0:0
2831784	TX_ANT	ff	193:0:10:29:278
2831784	PKT	0:128:62244:193:157308:0:0
2832784	TX_ANT	ff	193:0:10:27:251
2832784	PKT	0:128:62447:193:157511:0:0
2833784	TX_ANT	ff	192:0:10:24:117
2833784	PKT	0:127:60904:192:155940:0:0
[VISION][STATUS] FPS=32 | mavi=— kirmizi=— | tespit=BEKLİYOR | kuyruk=0
2834784	TX_ANT	ff	193:0:10:26:184
2834784	PKT	0:128:62498:193:157562:0:0
2835785	TX_ANT	ff	193:0:10:24:121
2835785	PKT	0:128:61877:193:156941:0:0
2836784	TX_ANT	ff	193:0:10:25:197
2836784	PKT	0:128:61994:193:157058:0:0
2837785	TX_ANT	ff	193:0:10:30:313
2837785	PKT	0:128:62516:193:157580:0:0
2838784	TX_ANT	ff	193:0:10:29:299
2838784	PKT	0:128:62287:193:157351:0:0
[VISION][STATUS] FPS=32 | mavi=— kirmizi=— | tespit=BEKLİYOR | kuyruk=0
2839784	TX_ANT	ff	193:0:9:33:1018
2839784	PKT	0:128:62400:193:157464:0:0
2840787	TX_ANT	ff	193:0:10:37:1289
2840787	PKT	0:128:62038:193:157102:0:0
2841784	TX_ANT	ff	193:0:10:29:202
2841784	PKT	0:128:61986:193:157050:0:0
2842784	TX_ANT	ff	193:0:10:27:174
2842784	PKT	0:128:62556:193:157620:0:0
2843784	TX_ANT	ff	193:0:10:25:187
2843784	PKT	0:128:63325:193:158389:0:0
[VISION][STATUS] FPS=32 | mavi=— kirmizi=— | tespit=BEKLİYOR | kuyruk=0
2844784	TX_ANT	ff	193:0:10:29:689
2844784	PKT	0:128:63132:193:158196:0:0
2845784	TX_ANT	ff	193:0:10:27:218
2845784	PKT	0:128:62891:193:157955:0:0
2846784	TX_ANT	ff	193:0:10:24:166
2846784	PKT	0:128:63165:193:158229:0:0
2847784	TX_ANT	ff	193:0:10:27:271
2847784	PKT	0:128:63318:193:158382:0:0
2848784	TX_ANT	ff	193:0:10:29:753
2848784	PKT	0:128:62325:193:157389:0:0
[VISION][STATUS] FPS=32 | mavi=— kirmizi=— | tespit=BEKLİYOR | kuyruk=0
2849785	TX_ANT	ff	193:0:10:26:188
2849785	PKT	0:128:62750:193:157814:0:0
2850784	TX_ANT	ff	193:0:10:55:2111
2850784	PKT	0:128:62728:193:157792:0:0
2851784	TX_ANT	ff	193:0:10:25:178
2851784	PKT	0:128:62560:193:157624:0:0
2852784	TX_ANT	ff	193:0:10:31:523
2852784	PKT	0:128:63013:193:158077:0:0
2853784	TX_ANT	ff	193:0:10:29:271
2853784	PKT	0:128:63507:193:158571:0:0
[VISION][STATUS] FPS=32 | mavi=— kirmizi=— | tespit=BEKLİYOR | kuyruk=0
2854785	TX_ANT	ff	193:0:10:30:303
2854785	PKT	0:128:62434:193:157498:0:0
2855784	TX_ANT	ff	193:0:11:31:215
2855784	PKT	0:128:62276:193:157340:0:0
2856784	TX_ANT	ff	193:0:10:37:1280
2856784	PKT	0:128:62657:193:157721:0:0
2857784	TX_ANT	ff	193:0:10:24:182
2857784	PKT	0:128:63585:193:158649:0:0
2858784	TX_ANT	ff	193:0:10:24:167
2858784	PKT	0:128:62493:193:157557:0:0
[VISION][STATUS] FPS=32 | mavi=— kirmizi=— | tespit=BEKLİYOR | kuyruk=0
2859784	TX_ANT	ff	193:0:10:33:1244
2859784	PKT	0:128:62731:193:157795:0:0
2860784	TX_ANT	ff	193:0:10:28:184
2860784	PKT	0:128:62312:193:157376:0:0
2861784	TX_ANT	ff	193:0:10:31:1280
2861784	PKT	0:128:62577:193:157641:0:0
2862784	TX_ANT	ff	193:0:10:28:299
2862784	PKT	0:128:63166:193:158230:0:0
2863785	TX_ANT	ff	193:0:10:26:254
2863785	PKT	0:128:62372:193:157436:0:0
[VISION][STATUS] FPS=32 | mavi=— kirmizi=— | tespit=BEKLİYOR | kuyruk=0
2864784	TX_ANT	ff	193:0:10:24:181
2864784	PKT	0:128:62248:193:157312:0:0
2865785	TX_ANT	ff	193:0:10:27:275
2865785	PKT	0:128:62517:193:157581:0:0
2866785	TX_ANT	ff	193:0:10:23:103
2866785	PKT	0:128:62062:193:157126:0:0
2867784	TX_ANT	ff	193:0:10:26:202
2867784	PKT	0:128:62282:193:157346:0:0
2868784	TX_ANT	ff	193:0:10:28:575
2868784	PKT	0:128:62546:193:157610:0:0
[VISION][STATUS] FPS=32 | mavi=— kirmizi=— | tespit=BEKLİYOR | kuyruk=0
2869784	TX_ANT	ff	193:0:9:27:770
2869784	PKT	0:128:62763:193:157827:0:0
2870785	TX_ANT	ff	193:0:10:29:460
2870785	PKT	0:128:63199:193:158263:0:0
2871784	TX_ANT	ff	193:0:10:25:169
2871784	PKT	0:128:63163:193:158227:0:0
2872784	TX_ANT	ff	193:0:10:29:264
2872784	PKT	0:128:62977:193:158041:0:0
2873784	TX_ANT	ff	193:0:10:28:373
2873784	PKT	0:128:62616:193:157680:0:0
[VISION][STATUS] FPS=32 | mavi=— kirmizi=— | tespit=BEKLİYOR | kuyruk=0
2874784	TX_ANT	ff	193:0:10:23:151
2874784	PKT	0:128:62678:193:157742:0:0
2875784	TX_ANT	ff	193:0:10:26:187
2875784	PKT	0:128:62549:193:157613:0:0
2876784	TX_ANT	ff	193:0:10:29:228
2876784	PKT	0:128:62257:193:157321:0:0
2877785	TX_ANT	ff	193:0:10:32:285
2877785	PKT	0:128:63091:193:158155:0:0
2878785	TX_ANT	ff	193:0:10:31:739
2878785	PKT	0:128:62616:193:157680:0:0
[VISION][STATUS] FPS=32 | mavi=— kirmizi=— | tespit=BEKLİYOR | kuyruk=0
2879784	TX_ANT	ff	193:0:10:31:459
2879784	PKT	0:128:62852:193:157916:0:0
2880784	TX_ANT	ff	193:0:10:28:179
2880784	PKT	0:128:61995:193:157059:0:0
2881784	TX_ANT	ff	193:0:10:26:177
2881784	PKT	0:128:62384:193:157448:0:0
2882784	TX_ANT	ff	193:0:10:26:179
2882784	PKT	0:128:61867:193:156931:0:0
2883784	TX_ANT	ff	193:0:10:27:190
2883784	PKT	0:128:62148:193:157212:0:0
[VISION][STATUS] FPS=32 | mavi=— kirmizi=— | tespit=BEKLİYOR | kuyruk=0
2884784	TX_ANT	ff	193:0:10:32:1095
2884784	PKT	0:128:62429:193:157493:0:0
2885785	TX_ANT	ff	193:0:11:26:188
2885785	PKT	0:128:62364:193:157428:0:0
2886785	TX_ANT	ff	193:0:10:24:132
2886785	PKT	0:128:62893:193:157957:0:0
2887784	TX_ANT	ff	193:0:10:23:209
2887784	PKT	0:128:63133:193:158197:0:0
2888784	TX_ANT	ff	193:0:10:23:143
2888784	PKT	0:128:62991:193:158055:0:0
[VISION][STATUS] FPS=32 | mavi=— kirmizi=— | tespit=BEKLİYOR | kuyruk=0
2889784	TX_ANT	ff	193:0:10:25:187
2889784	PKT	0:128:62666:193:157730:0:0
2890784	TX_ANT	ff	193:0:10:36:1628
2890784	PKT	0:128:63279:193:158343:0:0
2891784	TX_ANT	ff	193:0:10:25:159
2891784	PKT	0:128:62533:193:157597:0:0
2892784	TX_ANT	ff	193:0:10:29:206
2892784	PKT	0:128:63417:193:158481:0:0
2893784	TX_ANT	ff	193:0:10:30:673
2893784	PKT	0:128:63070:193:158134:0:0
[VISION][STATUS] FPS=32 | mavi=— kirmizi=— | tespit=BEKLİYOR | kuyruk=0
2894784	TX_ANT	ff	193:0:10:29:184
2894784	PKT	0:128:63004:193:158068:0:0
2895784	TX_ANT	ff	193:0:10:26:152
2895784	PKT	0:128:62743:193:157807:0:0
2896784	TX_ANT	ff	193:0:10:27:199
2896784	PKT	0:128:62555:193:157619:0:0
2897784	TX_ANT	ff	193:0:10:25:206
2897784	PKT	0:128:63123:193:158187:0:0
2898784	TX_ANT	ff	193:0:10:28:181
2898784	PKT	0:128:62810:193:157874:0:0
[VISION][STATUS] FPS=32 | mavi=— kirmizi=— | tespit=BEKLİYOR | kuyruk=0
2899786	TX_ANT	ff	193:0:10:24:119
2899786	PKT	0:128:62991:193:158055:0:0
2900784	TX_ANT	ff	193:0:10:27:170
2900784	PKT	0:128:62630:193:157694:0:0
2901784	TX_ANT	ff	193:0:9:26:174
2901784	PKT	0:128:63340:193:158404:0:0
2902785	TX_ANT	ff	193:0:10:42:1393
2902785	PKT	0:128:62678:193:157742:0:0
2903784	TX_ANT	ff	193:0:10:28:261
2903784	PKT	0:128:62649:193:157713:0:0
[VISION][STATUS] FPS=32 | mavi=— kirmizi=— | tespit=BEKLİYOR | kuyruk=0
2904785	TX_ANT	ff	193:0:10:26:178
2904785	PKT	0:128:62948:193:158012:0:0
2905785	TX_ANT	ff	193:0:10:34:679
2905785	PKT	0:128:63232:193:158296:0:0
2906785	TX_ANT	ff	193:0:10:28:294
2906785	PKT	0:128:62578:193:157642:0:0
2907784	TX_ANT	ff	193:0:10:31:264
2907784	PKT	0:128:62432:193:157496:0:0
2908785	TX_ANT	ff	193:0:10:29:220
2908785	PKT	0:128:62941:193:158005:0:0
[VISION][STATUS] FPS=32 | mavi=— kirmizi=— | tespit=BEKLİYOR | kuyruk=0
2909785	TX_ANT	ff	193:0:10:25:177
2909785	PKT	0:128:62503:193:157567:0:0
2910784	TX_ANT	ff	193:0:10:25:192
2910784	PKT	0:128:62149:193:157213:0:0
2911784	TX_ANT	ff	193:0:10:24:186
2911784	PKT	0:128:62418:193:157482:0:0
2912784	TX_ANT	ff	193:0:10:25:169
2912784	PKT	0:128:63163:193:158227:0:0
2913784	TX_ANT	ff	193:0:9:24:175
2913784	PKT	0:128:62524:193:157588:0:0
2914785	TX_ANT	ff	193:0:10:30:179
2914785	PKT	0:128:63661:193:158725:0:0
[VISION][STATUS] FPS=32 | mavi=— kirmizi=— | tespit=BEKLİYOR | kuyruk=0
2915785	TX_ANT	ff	193:0:10:29:210
2915785	PKT	0:128:62508:193:157572:0:0
2916785	TX_ANT	ff	193:0:10:28:193
2916785	PKT	0:128:62951:193:158015:0:0
2917784	TX_ANT	ff	193:0:10:26:265
2917784	PKT	0:128:62337:193:157401:0:0
2918784	TX_ANT	ff	193:0:10:26:146
2918784	PKT	0:128:62288:193:157352:0:0
2919785	TX_ANT	ff	193:0:10:32:1020
2919785	PKT	0:128:63092:193:158156:0:0
[VISION][STATUS] FPS=32 | mavi=— kirmizi=— | tespit=BEKLİYOR | kuyruk=0
2920784	TX_ANT	ff	193:0:10:25:154
2920784	PKT	0:128:61958:193:157022:0:0
2921784	TX_ANT	ff	193:0:10:28:647
2921784	PKT	0:128:62523:193:157587:0:0
2922784	TX_ANT	ff	193:0:10:23:94
2922784	PKT	0:128:62766:193:157830:0:0
2923785	TX_ANT	ff	193:0:10:26:177
2923785	PKT	0:128:61936:193:157000:0:0
2924784	TX_ANT	ff	193:0:10:24:204
2924784	PKT	0:128:62562:193:157626:0:0
[VISION][STATUS] FPS=32 | mavi=— kirmizi=— | tespit=BEKLİYOR | kuyruk=0
2925784	TX_ANT	ff	193:0:10:27:178
2925784	PKT	0:128:62391:193:157455:0:0
2926784	TX_ANT	ff	193:0:10:29:309
2926784	PKT	0:128:62510:193:157574:0:0
2927784	TX_ANT	ff	193:0:9:26:203
2927784	PKT	0:128:62415:193:157479:0:0
2928784	TX_ANT	ff	193:0:10:24:172
2928784	PKT	0:128:62049:193:157113:0:0
2929784	TX_ANT	ff	193:0:10:24:201
2929784	PKT	0:128:61621:193:156685:0:0
[VISION][STATUS] FPS=32 | mavi=— kirmizi=— | tespit=BEKLİYOR | kuyruk=0
2930784	TX_ANT	ff	193:0:10:26:268
2930784	PKT	0:128:62738:193:157802:0:0
2931785	TX_ANT	ff	193:0:10:25:195
2931785	PKT	0:128:61968:193:157032:0:0
2932784	TX_ANT	ff	193:0:10:25:174
2932784	PKT	0:128:62279:193:157343:0:0
2933784	TX_ANT	ff	193:0:10:24:133
2933784	PKT	0:128:61942:193:157006:0:0
2934785	TX_ANT	ff	193:0:10:41:2482
2934785	PKT	0:128:62355:193:157419:0:0
[VISION][STATUS] FPS=32 | mavi=— kirmizi=— | tespit=BEKLİYOR | kuyruk=0
2935785	TX_ANT	ff	193:0:9:31:901
2935785	PKT	0:128:62266:193:157330:0:0
2936784	TX_ANT	ff	193:0:10:25:213
2936784	PKT	0:128:62317:193:157381:0:0
2937784	TX_ANT	ff	193:0:10:28:291
2937784	PKT	0:128:63036:193:158100:0:0
2938784	TX_ANT	ff	193:0:10:25:192
2938784	PKT	0:128:62915:193:157979:0:0
2939784	TX_ANT	ff	193:0:10:25:165
2939784	PKT	0:128:62806:193:157870:0:0
[VISION][STATUS] FPS=32 | mavi=— kirmizi=— | tespit=BEKLİYOR | kuyruk=0
2940785	TX_ANT	ff	193:0:10:25:163
2940785	PKT	0:128:62649:193:157713:0:0
2941784	TX_ANT	ff	193:0:10:30:201
2941784	PKT	0:128:62784:193:157848:0:0
2942784	TX_ANT	ff	193:0:10:31:765
2942784	PKT	0:128:63247:193:158311:0:0
2943784	TX_ANT	ff	193:0:10:25:174
2943784	PKT	0:128:63186:193:158250:0:0
2944784	TX_ANT	ff	193:0:10:24:177
2944784	PKT	0:128:62505:193:157569:0:0
[VISION][STATUS] FPS=32 | mavi=— kirmizi=— | tespit=BEKLİYOR | kuyruk=0
2945785	TX_ANT	ff	193:0:10:25:137
2945785	PKT	0:128:62174:193:157238:0:0
2946784	TX_ANT	ff	193:0:10:38:1045
2946784	PKT	0:128:62801:193:157865:0:0
2947784	TX_ANT	ff	193:0:10:28:184
2947784	PKT	0:128:62407:193:157471:0:0
2948784	TX_ANT	ff	193:0:10:26:172
2948784	PKT	0:128:62618:193:157682:0:0
2949784	TX_ANT	ff	193:0:10:27:188
2949784	PKT	0:128:62596:193:157660:0:0
[VISION][STATUS] FPS=32 | mavi=— kirmizi=— | tespit=BEKLİYOR | kuyruk=0
2950785	TX_ANT	ff	193:0:10:27:179
2950785	PKT	0:128:62221:193:157285:0:0
2951784	TX_ANT	ff	193:0:10:24:178
2951784	PKT	0:128:61813:193:156877:0:0
2952785	TX_ANT	ff	193:0:10:28:556
2952785	PKT	0:128:62330:193:157394:0:0
2953784	TX_ANT	ff	193:0:10:29:554
2953784	PKT	0:128:62905:193:157969:0:0
2954784	TX_ANT	ff	193:0:10:46:1334
2954784	PKT	0:128:62516:193:157580:0:0
[VISION][STATUS] FPS=32 | mavi=— kirmizi=— | tespit=BEKLİYOR | kuyruk=0
2955785	TX_ANT	ff	193:0:10:28:178
2955785	PKT	0:128:62330:193:157394:0:0
2956785	TX_ANT	ff	193:0:10:31:209
2956785	PKT	0:128:62618:193:157682:0:0
2957785	TX_ANT	ff	193:0:10:27:244
2957785	PKT	0:128:62616:193:157680:0:0
2958785	TX_ANT	ff	193:0:10:26:178
2958785	PKT	0:128:62532:193:157596:0:0
2959784	TX_ANT	ff	193:0:10:25:178
2959784	PKT	0:128:62091:193:157155:0:0
[VISION][STATUS] FPS=32 | mavi=— kirmizi=— | tespit=BEKLİYOR | kuyruk=0
2960784	TX_ANT	ff	193:0:10:23:171
2960784	PKT	0:128:62275:193:157339:0:0
2961784	TX_ANT	ff	193:0:10:38:1305
2961784	PKT	0:128:62183:193:157247:0:0
2962785	TX_ANT	ff	193:0:10:24:128
2962785	PKT	0:128:61880:193:156944:0:0
2963786	TX_ANT	ff	193:0:10:38:927
2963786	PKT	0:128:62228:193:157292:0:0
2964785	TX_ANT	ff	193:0:10:26:259
2964785	PKT	0:128:62120:193:157184:0:0
[VISION][STATUS] FPS=32 | mavi=— kirmizi=— | tespit=BEKLİYOR | kuyruk=0
2965784	TX_ANT	ff	193:0:10:27:172
2965784	PKT	0:128:61509:193:156573:0:0
2966784	TX_ANT	ff	193:0:10:34:1595
2966784	PKT	0:128:62229:193:157293:0:0
2967784	TX_ANT	ff	193:0:10:29:388
2967784	PKT	0:128:62561:193:157625:0:0
2968784	TX_ANT	ff	193:0:10:28:174
2968784	PKT	0:128:62409:193:157473:0:0
2969785	TX_ANT	ff	193:0:10:33:306
2969785	PKT	0:128:62411:193:157475:0:0
[VISION][STATUS] FPS=32 | mavi=— kirmizi=— | tespit=BEKLİYOR | kuyruk=0
2970784	TX_ANT	ff	193:0:10:25:283
2970784	PKT	0:128:62469:193:157533:0:0
2971784	TX_ANT	ff	193:0:10:23:179
2971784	PKT	0:128:62232:193:157296:0:0
2972784	TX_ANT	ff	193:0:9:26:185
2972784	PKT	0:128:61657:193:156721:0:0
2973785	TX_ANT	ff	193:0:10:36:2249
2973785	PKT	0:128:61929:193:156993:0:0
2974784	TX_ANT	ff	193:0:10:26:197
2974784	PKT	0:128:62371:193:157435:0:0
[VISION][STATUS] FPS=32 | mavi=— kirmizi=— | tespit=BEKLİYOR | kuyruk=0
2975784	TX_ANT	ff	193:0:10:25:182
2975784	PKT	0:128:62994:193:158058:0:0
2976784	TX_ANT	ff	193:0:10:36:1278
2976784	PKT	0:128:62749:193:157813:0:0
2977784	TX_ANT	ff	193:0:10:29:1165
2977784	PKT	0:128:62500:193:157564:0:0
2978784	TX_ANT	ff	193:0:10:25:217
2978784	PKT	0:128:62419:193:157483:0:0
2979784	TX_ANT	ff	193:0:10:26:179
2979784	PKT	0:128:62999:193:158063:0:0
[VISION][STATUS] FPS=32 | mavi=— kirmizi=— | tespit=BEKLİYOR | kuyruk=0
2980784	TX_ANT	ff	193:0:10:34:1370
2980784	PKT	0:128:62383:193:157447:0:0
2981784	TX_ANT	ff	193:0:10:25:164
2981784	PKT	0:128:62418:193:157482:0:0
2982785	TX_ANT	ff	193:0:10:26:149
2982785	PKT	0:128:62981:193:158045:0:0
2983786	TX_ANT	ff	193:0:10:29:380
2983786	PKT	0:128:62216:193:157280:0:0
2984784	TX_ANT	ff	193:0:10:25:148
2984784	PKT	0:128:62714:193:157778:0:0
[VISION][STATUS] FPS=32 | mavi=— kirmizi=— | tespit=BEKLİYOR | kuyruk=0
2985784	TX_ANT	ff	193:0:10:47:3508
2985784	PKT	0:128:62719:193:157783:0:0
2986785	TX_ANT	ff	193:0:10:26:194
2986785	PKT	0:128:63203:193:158267:0:0
2987784	TX_ANT	ff	193:0:10:43:1333
2987784	PKT	0:128:62266:193:157330:0:0
2988784	TX_ANT	ff	193:0:10:27:186
2988784	PKT	0:128:62378:193:157442:0:0
2989784	TX_ANT	ff	193:0:9:27:206
2989784	PKT	0:128:62009:193:157073:0:0
[VISION][STATUS] FPS=32 | mavi=— kirmizi=— | tespit=BEKLİYOR | kuyruk=0
2990784	TX_ANT	ff	193:0:9:26:179
2990784	PKT	0:128:62671:193:157735:0:0
2991784	TX_ANT	ff	193:0:10:23:149
2991784	PKT	0:128:62598:193:157662:0:0
2992784	TX_ANT	ff	193:0:10:29:245
2992784	PKT	0:128:62661:193:157725:0:0
2993784	TX_ANT	ff	193:0:10:25:189
2993784	PKT	0:128:63016:193:158080:0:0
2994784	TX_ANT	ff	193:0:10:26:338
2994784	PKT	0:128:63228:193:158292:0:0
[VISION][STATUS] FPS=32 | mavi=— kirmizi=— | tespit=BEKLİYOR | kuyruk=0
2995784	TX_ANT	ff	193:0:10:25:194
2995784	PKT	0:128:63291:193:158355:0:0
2996785	TX_ANT	ff	193:0:10:30:311
2996785	PKT	0:128:62368:193:157432:0:0
2997784	TX_ANT	ff	193:0:10:28:470
2997784	PKT	0:128:62588:193:157652:0:0
2998784	TX_ANT	ff	193:0:10:24:151
2998784	PKT	0:128:61743:193:156807:0:0
2999784	TX_ANT	ff	193:0:10:23:186
2999784	PKT	0:128:61611:193:156675:0:0
[VISION][STATUS] FPS=32 | mavi=— kirmizi=— | tespit=BEKLİYOR | kuyruk=0
3000784	TX_ANT	ff	193:0:10:26:243
3000784	PKT	0:128:62269:193:157333:0:0
3001784	TX_ANT	ff	193:0:10:29:977
3001784	PKT	0:128:62705:193:157769:0:0
3002785	TX_ANT	ff	193:0:10:30:381
3002785	PKT	0:128:62488:193:157552:0:0
3003785	TX_ANT	ff	193:0:10:27:201
3003785	PKT	0:128:61967:193:157031:0:0
3004784	TX_ANT	ff	193:0:10:24:135
3004784	PKT	0:128:62960:193:158024:0:0
[VISION][STATUS] FPS=32 | mavi=— kirmizi=— | tespit=BEKLİYOR | kuyruk=0
3005784	TX_ANT	ff	193:0:10:25:160
3005784	PKT	0:128:62454:193:157518:0:0
3006784	TX_ANT	ff	193:0:10:24:143
3006784	PKT	0:128:62618:193:157682:0:0
3007784	TX_ANT	ff	193:0:10:43:1579
3007784	PKT	0:128:62574:193:157638:0:0
3008784	TX_ANT	ff	193:0:10:30:320
3008784	PKT	0:128:62398:193:157462:0:0
3009785	TX_ANT	ff	193:0:10:26:166
3009785	PKT	0:128:62766:193:157830:0:0
[VISION][STATUS] FPS=32 | mavi=— kirmizi=— | tespit=BEKLİYOR | kuyruk=0
3010787	TX_ANT	ff	193:0:10:23:179
3010787	PKT	0:128:62938:193:158002:0:0
3011784	TX_ANT	ff	193:0:10:24:136
3011784	PKT	0:128:61747:193:156811:0:0
3012784	TX_ANT	ff	193:0:10:31:372
3012784	PKT	0:128:62375:193:157439:0:0
3013784	TX_ANT	ff	193:0:10:31:395
3013784	PKT	0:128:62103:193:157167:0:0
3014788	TX_ANT	ff	193:0:10:24:186
3014788	PKT	0:128:61946:193:157010:0:0
[VISION][STATUS] FPS=32 | mavi=— kirmizi=— | tespit=BEKLİYOR | kuyruk=0
3015784	TX_ANT	ff	193:0:10:24:148
3015784	PKT	0:128:62401:193:157465:0:0
3016784	TX_ANT	ff	193:0:10:29:182
3016784	PKT	0:128:62256:193:157320:0:0
3017784	TX_ANT	ff	193:0:10:26:184
3017784	PKT	0:128:62695:193:157759:0:0
3018784	TX_ANT	ff	193:0:10:27:192
3018784	PKT	0:128:63165:193:158229:0:0
3019784	TX_ANT	ff	193:0:10:29:199
3019784	PKT	0:128:62092:193:157156:0:0
[VISION][STATUS] FPS=32 | mavi=— kirmizi=— | tespit=BEKLİYOR | kuyruk=0
3020784	TX_ANT	ff	193:0:10:26:175
3020784	PKT	0:128:62425:193:157489:0:0
3021784	TX_ANT	ff	193:0:10:34:814
3021784	PKT	0:128:63111:193:158175:0:0
3022784	TX_ANT	ff	193:0:10:25:170
3022784	PKT	0:128:63424:193:158488:0:0
3023784	TX_ANT	ff	193:0:10:25:162
3023784	PKT	0:128:62761:193:157825:0:0
3024785	TX_ANT	ff	193:0:10:25:158
3024785	PKT	0:128:62515:193:157579:0:0
[VISION][STATUS] FPS=32 | mavi=— kirmizi=— | tespit=BEKLİYOR | kuyruk=0
3025784	TX_ANT	ff	193:0:10:25:203
3025784	PKT	0:128:62817:193:157881:0:0
3026784	TX_ANT	ff	193:0:10:41:2396
3026784	PKT	0:128:62196:193:157260:0:0
3027784	TX_ANT	ff	193:0:10:32:1144
3027784	PKT	0:128:62847:193:157911:0:0
3028784	TX_ANT	ff	193:0:10:27:196
3028784	PKT	0:128:62401:193:157465:0:0
3029785	TX_ANT	ff	193:0:10:29:536
3029785	PKT	0:128:62150:193:157214:0:0
[VISION][STATUS] FPS=32 | mavi=— kirmizi=— | tespit=BEKLİYOR | kuyruk=0
3030784	TX_ANT	ff	193:0:10:24:214
3030784	PKT	0:128:62862:193:157926:0:0
3031784	TX_ANT	ff	193:0:9:25:196
3031784	PKT	0:128:62071:193:157135:0:0
3032784	TX_ANT	ff	193:0:10:26:190
3032784	PKT	0:128:62506:193:157570:0:0
3033787	TX_ANT	ff	193:0:10:26:317
3033787	PKT	0:128:62285:193:157349:0:0
3034785	TX_ANT	ff	193:0:10:26:201
3034785	PKT	0:128:62139:193:157203:0:0
[VISION][STATUS] FPS=32 | mavi=— kirmizi=— | tespit=BEKLİYOR | kuyruk=0
3035784	TX_ANT	ff	193:0:10:29:702
3035784	PKT	0:128:61982:193:157046:0:0
3036784	TX_ANT	ff	193:0:10:24:202
3036784	PKT	0:128:62760:193:157824:0:0
3037785	TX_ANT	ff	193:0:10:26:173
3037785	PKT	0:128:61791:193:156855:0:0
3038784	TX_ANT	ff	193:0:10:26:148
3038784	PKT	0:128:62429:193:157493:0:0
3039784	TX_ANT	ff	193:0:10:31:225
3039784	PKT	0:128:63084:193:158148:0:0
[VISION][STATUS] FPS=32 | mavi=— kirmizi=— | tespit=BEKLİYOR | kuyruk=0
3040784	TX_ANT	ff	193:0:10:23:208
3040784	PKT	0:128:62787:193:157851:0:0
3041784	TX_ANT	ff	193:0:10:27:308
3041784	PKT	0:128:62462:193:157526:0:0
3042784	TX_ANT	ff	193:0:10:25:199
3042784	PKT	0:128:62595:193:157659:0:0
3043784	TX_ANT	ff	193:0:10:25:172
3043784	PKT	0:128:62153:193:157217:0:0
3044784	TX_ANT	ff	193:0:10:27:200
3044784	PKT	0:128:62831:193:157895:0:0
[VISION][STATUS] FPS=32 | mavi=— kirmizi=— | tespit=BEKLİYOR | kuyruk=0
3045784	TX_ANT	ff	193:0:10:25:144
3045784	PKT	0:128:62404:193:157468:0:0
3046784	TX_ANT	ff	193:0:10:28:210
3046784	PKT	0:128:62245:193:157309:0:0
3047784	TX_ANT	ff	193:0:10:29:414
3047784	PKT	0:128:62249:193:157313:0:0
3048784	TX_ANT	ff	193:0:10:24:179
3048784	PKT	0:128:62494:193:157558:0:0
3049784	TX_ANT	ff	193:0:10:27:186
3049784	PKT	0:128:62693:193:157757:0:0
[VISION][STATUS] FPS=32 | mavi=— kirmizi=— | tespit=BEKLİYOR | kuyruk=0
3050784	TX_ANT	ff	193:0:10:31:753
3050784	PKT	0:128:62050:193:157114:0:0
3051784	TX_ANT	ff	193:0:10:27:216
3051784	PKT	0:128:61984:193:157048:0:0
3052784	TX_ANT	ff	193:0:10:26:115
3052784	PKT	0:128:61858:193:156922:0:0
3053784	TX_ANT	ff	193:0:10:29:308
3053784	PKT	0:128:62897:193:157961:0:0
3054785	TX_ANT	ff	193:0:10:26:171
3054785	PKT	0:128:62663:193:157727:0:0
[VISION][STATUS] FPS=32 | mavi=— kirmizi=— | tespit=BEKLİYOR | kuyruk=0
3055784	TX_ANT	ff	193:0:10:27:184
3055784	PKT	0:128:62123:193:157187:0:0
3056784	TX_ANT	ff	193:0:10:27:210
3056784	PKT	0:128:62164:193:157228:0:0
3057784	TX_ANT	ff	193:0:10:28:243
3057784	PKT	0:128:62552:193:157616:0:0
3058784	TX_ANT	ff	193:0:10:28:321
3058784	PKT	0:128:62012:193:157076:0:0
3059785	TX_ANT	ff	193:0:10:29:859
3059785	PKT	0:128:62076:193:157140:0:0
[VISION][STATUS] FPS=33 | mavi=— kirmizi=— | tespit=BEKLİYOR | kuyruk=0
3060784	TX_ANT	ff	193:0:10:27:321
3060784	PKT	0:128:62747:193:157811:0:0
3061785	TX_ANT	ff	193:0:10:29:216
3061785	PKT	0:128:62443:193:157507:0:0
3062785	TX_ANT	ff	193:0:10:27:269
3062785	PKT	0:128:62669:193:157733:0:0
3063785	TX_ANT	ff	193:0:10:29:277
3063785	PKT	0:128:62525:193:157589:0:0
3064784	TX_ANT	ff	193:0:10:29:302
3064784	PKT	0:128:62515:193:157579:0:0
[VISION][STATUS] FPS=33 | mavi=— kirmizi=— | tespit=BEKLİYOR | kuyruk=0
3065787	TX_ANT	ff	193:0:10:25:163
3065787	PKT	0:128:62539:193:157603:0:0
3066785	TX_ANT	ff	193:0:10:25:170
3066785	PKT	0:128:61898:193:156962:0:0
3067784	TX_ANT	ff	193:0:10:33:413
3067784	PKT	0:128:62825:193:157889:0:0
3068784	TX_ANT	ff	193:0:10:31:1253
3068784	PKT	0:128:62784:193:157848:0:0
3069784	TX_ANT	ff	193:0:10:33:970
3069784	PKT	0:128:62173:193:157237:0:0
[VISION][STATUS] FPS=33 | mavi=— kirmizi=— | tespit=BEKLİYOR | kuyruk=0
3070785	TX_ANT	ff	193:0:10:27:239
3070785	PKT	0:128:62534:193:157598:0:0
3071784	TX_ANT	ff	193:0:10:26:197
3071784	PKT	0:128:62922:193:157986:0:0
3072784	TX_ANT	ff	193:0:10:40:2001
3072784	PKT	0:128:63028:193:158092:0:0
3073785	TX_ANT	ff	193:0:10:24:151
3073785	PKT	0:128:62838:193:157902:0:0
3074784	TX_ANT	ff	193:0:10:25:177
3074784	PKT	0:128:63789:193:158853:0:0
[VISION][STATUS] FPS=32 | mavi=— kirmizi=— | tespit=BEKLİYOR | kuyruk=0
3075784	TX_ANT	ff	193:0:10:27:218
3075784	PKT	0:128:62619:193:157683:0:0
3076784	TX_ANT	ff	193:0:10:27:294
3076784	PKT	0:128:62428:193:157492:0:0
3077784	TX_ANT	ff	193:0:10:32:598
3077784	PKT	0:128:62730:193:157794:0:0
3078784	TX_ANT	ff	193:0:10:29:254
3078784	PKT	0:128:61760:193:156824:0:0
3079784	TX_ANT	ff	193:0:10:26:166
3079784	PKT	0:128:62956:193:158020:0:0
[VISION][STATUS] FPS=33 | mavi=— kirmizi=— | tespit=BEKLİYOR | kuyruk=0
3080784	TX_ANT	ff	193:0:10:26:185
3080784	PKT	0:128:62447:193:157511:0:0
3081784	TX_ANT	ff	193:0:10:24:164
3081784	PKT	0:128:62616:193:157680:0:0
3082784	TX_ANT	ff	193:0:9:25:184
3082784	PKT	0:128:62760:193:157824:0:0
3083784	TX_ANT	ff	193:0:10:23:143
3083784	PKT	0:128:63402:193:158466:0:0
3084784	TX_ANT	ff	193:0:10:25:428
3084784	PKT	0:128:62937:193:158001:0:0
[VISION][STATUS] FPS=32 | mavi=— kirmizi=— | tespit=BEKLİYOR | kuyruk=0
3085784	TX_ANT	ff	193:0:10:28:203
3085784	PKT	0:128:62293:193:157357:0:0
3086784	TX_ANT	ff	193:0:10:30:652
3086784	PKT	0:128:62845:193:157909:0:0
3087784	TX_ANT	ff	193:0:10:25:156
3087784	PKT	0:128:62263:193:157327:0:0
3088784	TX_ANT	ff	193:0:10:25:156
3088784	PKT	0:128:62300:193:157364:0:0
3089785	TX_ANT	ff	193:0:10:35:513
3089785	PKT	0:128:62709:193:157773:0:0
[VISION][STATUS] FPS=33 | mavi=— kirmizi=— | tespit=BEKLİYOR | kuyruk=0
3090785	TX_ANT	ff	193:0:10:25:156
3090785	PKT	0:128:62322:193:157386:0:0
3091784	TX_ANT	ff	193:0:10:25:176
3091784	PKT	0:128:61966:193:157030:0:0
3092785	TX_ANT	ff	193:0:10:33:237
3092785	PKT	0:128:62835:193:157899:0:0
3093784	TX_ANT	ff	193:0:10:25:168
3093784	PKT	0:128:62957:193:158021:0:0
3094784	TX_ANT	ff	193:0:10:26:255
3094784	PKT	0:128:62745:193:157809:0:0
[VISION][STATUS] FPS=32 | mavi=— kirmizi=— | tespit=BEKLİYOR | kuyruk=0
3095784	TX_ANT	ff	193:0:10:30:464
3095784	PKT	0:128:62873:193:157937:0:0
3096785	TX_ANT	ff	193:0:10:24:151
3096785	PKT	0:128:62640:193:157704:0:0
3097784	TX_ANT	ff	193:0:10:26:403
3097784	PKT	0:128:63044:193:158108:0:0
3098785	TX_ANT	ff	193:0:10:33:1327
3098785	PKT	0:128:62227:193:157291:0:0
3099784	TX_ANT	ff	193:0:10:28:181
3099784	PKT	0:128:61825:193:156889:0:0
[VISION][STATUS] FPS=33 | mavi=— kirmizi=— | tespit=BEKLİYOR | kuyruk=0
3100786	TX_ANT	ff	193:0:10:31:381
3100786	PKT	0:128:62353:193:157417:0:0
3101784	TX_ANT	ff	193:0:10:27:187
3101784	PKT	0:128:62147:193:157211:0:0
3102784	TX_ANT	ff	193:0:10:31:777
3102784	PKT	0:128:62253:193:157317:0:0
3103785	TX_ANT	ff	193:0:10:24:174
3103785	PKT	0:128:62505:193:157569:0:0
3104784	TX_ANT	ff	193:0:10:35:1662
3104784	PKT	0:128:62692:193:157756:0:0
[VISION][STATUS] FPS=33 | mavi=— kirmizi=— | tespit=BEKLİYOR | kuyruk=0
3105784	TX_ANT	ff	193:0:9:24:159
3105784	PKT	0:128:62897:193:157961:0:0
3106785	TX_ANT	ff	193:0:10:22:117
3106785	PKT	0:128:62487:193:157551:0:0
3107784	TX_ANT	ff	193:0:10:25:188
3107784	PKT	0:128:62073:193:157137:0:0
3108784	TX_ANT	ff	193:0:10:28:297
3108784	PKT	0:128:63271:193:158335:0:0
3109784	TX_ANT	ff	193:0:10:29:288
3109784	PKT	0:128:62204:193:157268:0:0
[VISION][STATUS] FPS=32 | mavi=— kirmizi=— | tespit=BEKLİYOR | kuyruk=0
3110784	TX_ANT	ff	193:0:10:26:161
3110784	PKT	0:128:62500:193:157564:0:0
3111785	TX_ANT	ff	193:0:10:37:1613
3111785	PKT	0:128:62452:193:157516:0:0
3112785	TX_ANT	ff	193:0:10:30:329
3112785	PKT	0:128:62315:193:157379:0:0
3113784	TX_ANT	ff	193:0:10:24:163
3113784	PKT	0:128:62135:193:157199:0:0
3114784	TX_ANT	ff	193:0:10:29:230
3114784	PKT	0:128:61961:193:157025:0:0
[VISION][STATUS] FPS=32 | mavi=— kirmizi=— | tespit=BEKLİYOR | kuyruk=0
3115784	TX_ANT	ff	193:0:10:25:166
3115784	PKT	0:128:61950:193:157014:0:0
3116784	TX_ANT	ff	193:0:10:27:179
3116784	PKT	0:128:62002:193:157066:0:0
3117784	TX_ANT	ff	193:0:10:23:139
3117784	PKT	0:128:62219:193:157283:0:0
3118784	TX_ANT	ff	193:0:10:25:169
3118784	PKT	0:128:62170:193:157234:0:0
3119784	TX_ANT	ff	193:0:10:22:109
3119784	PKT	0:128:62029:193:157093:0:0
[VISION][STATUS] FPS=32 | mavi=— kirmizi=— | tespit=BEKLİYOR | kuyruk=0
3120785	TX_ANT	ff	193:0:10:23:143
3120785	PKT	0:128:62205:193:157269:0:0
3121784	TX_ANT	ff	193:0:10:25:196
3121784	PKT	0:128:62888:193:157952:0:0
3122785	TX_ANT	ff	193:0:10:27:798
3122785	PKT	0:128:62607:193:157671:0:0
3123784	TX_ANT	ff	193:0:10:28:905
3123784	PKT	0:128:62822:193:157886:0:0
3124784	TX_ANT	ff	193:0:10:24:127
3124784	PKT	0:128:61801:193:156865:0:0
3125784	TX_ANT	ff	193:0:10:37:2360
3125784	PKT	0:128:62367:193:157431:0:0
[VISION][STATUS] FPS=32 | mavi=— kirmizi=— | tespit=BEKLİYOR | kuyruk=0
3126784	TX_ANT	ff	193:0:10:23:130
3126784	PKT	0:128:62448:193:157512:0:0
============================================================
TEKNOFEST 2026 - Sabit Kanat - Görev 2
  Video   : 640x480 @ 30fps
  FC      : /dev/ttyAMA3 @ 115200baud
  WFB     : MAC=6c:4c:bc:0a:62:a0  kanal=36
  Tarama  : WP 4 → 10.0m/s | loop çıkış WP=7
  Drop    : tetik=20m | USE_FC_SERVO=True
  Tespit  : WP 4'de aktif
============================================================
[SERVO] GPIO servo başlatılıyor...
[SERVO] Kırmızı yük → GPIO 18 | 50Hz PWM başladı (duty=7.5%)
[SERVO] Mavi yük    → GPIO 23 | 50Hz PWM başladı (duty=7.5%)
[SERVO] ✓ Tüm servolar nötr konumda hazır
[PIPELINE] WiFi arayüzü aranıyor (MAC=6c:4c:bc:0a:62:a0)...
[PIPELINE] 'ip link' çıktısı (661 karakter)
[PIPELINE] MAC satırı bulundu (indeks 5): link/ieee802.11/radiotap 6c:4c:bc:0a:62:a0 brd ff:ff:ff:ff:ff:ff
[PIPELINE] Önceki satır: 3: wlan0: <BROADCAST,MULTICAST,UP,LOWER_UP> mtu 1500 qdisc mq state UP mode DEFAULT group default qlen 1000 → arayüz=wlan0
[PIPELINE] ✓ Arayüz: wlan0
[PIPELINE] rfkill unblock + NetworkManager durduruluyor...
[PIPELINE] ✓  link set wlan0 down
[PIPELINE] ✓  dev wlan0 set monitor none
[PIPELINE] ✓  link set wlan0 up
[PIPELINE] ✓  dev wlan0 set channel 36
[PIPELINE] ✓  dev wlan0 set txpower fixed 2000
[PIPELINE] ✓ Monitor mode aktif: wlan0 | kanal=36

[PIPELINE] Pipeline başlatılıyor...
[PIPELINE] wfb_tx komutu: sudo wfb_tx -K /home/albatros/gs.key -i 7669206 -p 0 -u 5600 wlan0
[PIPELINE] wfb_tx başladı → PID=2694
3194329	LISTEN_UDP_CONTROL	46140
3194329	PKT	0:0:0:0:0:0:0
3195330	PKT	0:0:0:0:0:0:0
[PIPELINE] rpicam-vid komutu: rpicam-vid -t 0 --inline --codec h264 --width 640 --height 480 --framerate 30 --bitrate 2000000 --intra 30 --listen -o tcp://127.0.0.1:8888
[PIPELINE] rpicam-vid başladı → PID=2698 | TCP:8888
3196330	PKT	0:0:0:0:0:0:0
3197330	PKT	0:0:0:0:0:0:0
3198330	PKT	0:0:0:0:0:0:0
3199330	PKT	0:0:0:0:0:0:0
3200330	PKT	0:0:0:0:0:0:0
[PIPELINE] ✓ Pipeline hazır (FFmpeg + GStreamer vision thread'inde başlayacak)

[MAIN] OpenCV thread başlatılıyor...
[VISION] Thread başlatıldı — 7s bekleniyor (rpicam-vid hazırlanıyor)...[MAIN] OpenCV thread başladı (TID=547133256032)


[MAIN] MAVSDK bağlanıyor: serial:///dev/ttyAMA3:115200
3201329	PKT	0:0:0:0:0:0:0
3202330	PKT	0:0:0:0:0:0:0
3203330	PKT	0:0:0:0:0:0:0
3204330	PKT	0:0:0:0:0:0:0
3205330	PKT	0:0:0:0:0:0:0
3206330	PKT	0:0:0:0:0:0:0
3207330	PKT	0:0:0:0:0:0:0
[VISION] FFmpeg decode başlatılıyor: ffmpeg -fflags nobuffer -flags low_delay -probesize 32 -analyzeduration 0 -i tcp://127.0.0.1:8888 -f rawvideo -pix_fmt bgr24 -s 640x480 -r 30 -
[VISION] FFmpeg decode başladı → PID=2724
[VISION] FFmpeg encode başlatılıyor: ffmpeg -f rawvideo -pix_fmt bgr24 -s 640x480 -r 30 -i - -c:v h264_v4l2m2m -b:v 2000k -g 15 -flush_packets 1 -f h264 -
[VISION] FFmpeg encode başladı → PID=2725 (h264_v4l2m2m)
[VISION] GStreamer başlatılıyor: gst-launch-1.0 fdsrc ! h264parse ! rtph264pay config-interval=1 pt=96 ! udpsink host=127.0.0.1 port=5600[VISION] Frame okuma döngüsü başladı — frame_size=921600 bytes

[VISION] GStreamer başladı → PID=2728
3208330	PKT	0:0:0:0:0:0:0
Setting pipeline to PAUSED ...
Pipeline is PREROLLING ...
3209330	PKT	0:0:0:0:0:0:0
3210330	PKT	0:0:0:0:0:0:0
Redistribute latency...
Pipeline is PREROLLED ...
Setting pipeline to PLAYING ...
Redistribute latency...
New clock: GstSystemClock
3211329	TX_ANT	ff	104:0:10:27:168
3211329	PKT	0:71:29141:104:71037:0:0
3212329	TX_ANT	ff	193:0:10:27:722
3212329	PKT	0:128:63485:193:158549:0:0
3213329	TX_ANT	ff	193:0:10:29:320
3213329	PKT	0:128:63680:193:158744:0:0
[VISION][STATUS] FPS=32 | mavi=— kirmizi=— | tespit=BEKLİYOR | kuyruk=0
3214329	TX_ANT	ff	193:0:10:32:336
3214329	PKT	0:128:65060:193:160124:0:0
3215329	TX_ANT	ff	193:0:10:30:303
3215329	PKT	0:128:64849:193:159913:0:0
3216329	TX_ANT	ff	193:0:9:27:219
3216329	PKT	0:128:68867:193:163931:0:0
3217329	TX_ANT	ff	193:0:10:27:289
3217329	PKT	0:128:70777:193:165841:0:0
3218329	TX_ANT	ff	193:0:10:27:270
3218329	PKT	0:128:70087:193:165151:0:0
[VISION][STATUS] FPS=32 | mavi=— kirmizi=— | tespit=BEKLİYOR | kuyruk=0
3219329	TX_ANT	ff	193:0:10:30:253
3219329	PKT	0:128:70468:193:165532:0:0
3220329	TX_ANT	ff	193:0:10:29:348
3220329	PKT	0:128:69805:193:164869:0:0
3221329	TX_ANT	ff	193:0:10:27:283
3221329	PKT	0:128:69474:193:164538:0:0
3222329	TX_ANT	ff	193:0:10:27:146
3222329	PKT	0:128:67997:193:163061:0:0
3223329	TX_ANT	ff	193:0:10:33:433
3223329	PKT	0:128:69389:193:164453:0:0
[VISION][STATUS] FPS=32 | mavi=— kirmizi=— | tespit=BEKLİYOR | kuyruk=0
3224329	TX_ANT	ff	193:0:10:22:225
3224329	PKT	0:128:69271:193:164335:0:0
3225329	TX_ANT	ff	193:0:10:21:117
3225329	PKT	0:128:69543:193:164607:0:0
3226329	TX_ANT	ff	193:0:10:29:982
3226329	PKT	0:128:68842:193:163906:0:0
3227329	TX_ANT	ff	193:0:10:24:138
3227329	PKT	0:128:68093:193:163157:0:0
3228329	TX_ANT	ff	193:0:10:33:244
3228329	PKT	0:128:68149:193:163213:0:0
[VISION][STATUS] FPS=32 | mavi=— kirmizi=— | tespit=BEKLİYOR | kuyruk=0
3229329	TX_ANT	ff	193:0:10:36:395
3229329	PKT	0:128:68142:193:163206:0:0
3230329	TX_ANT	ff	193:0:10:25:92
3230329	PKT	0:128:67872:193:162936:0:0
3231329	TX_ANT	ff	193:0:10:32:393
3231329	PKT	0:128:67829:193:162893:0:0
3232329	TX_ANT	ff	193:0:10:45:418
3232329	PKT	0:128:67765:193:162829:0:0
3233329	TX_ANT	ff	193:0:10:38:497
3233329	PKT	0:128:67717:193:162781:0:0
[VISION][STATUS] FPS=32 | mavi=— kirmizi=— | tespit=BEKLİYOR | kuyruk=0
3234329	TX_ANT	ff	193:0:10:28:341
3234329	PKT	0:128:67377:193:162441:0:0
3235329	TX_ANT	ff	193:0:10:30:225
3235329	PKT	0:128:67491:193:162555:0:0
3236329	TX_ANT	ff	193:0:10:24:205
3236329	PKT	0:128:67536:193:162600:0:0
3237329	TX_ANT	ff	193:0:10:23:167
3237329	PKT	0:128:68023:193:163087:0:0
3238329	TX_ANT	ff	193:0:9:26:245
3238329	PKT	0:128:67255:193:162319:0:0
[VISION][STATUS] FPS=32 | mavi=— kirmizi=— | tespit=BEKLİYOR | kuyruk=0
3239329	TX_ANT	ff	193:0:10:29:302
3239329	PKT	0:128:67252:193:162316:0:0
3240329	TX_ANT	ff	193:0:10:25:194
3240329	PKT	0:128:67956:193:163020:0:0
3241329	TX_ANT	ff	193:0:10:21:122
3241329	PKT	0:128:68039:193:163103:0:0
3242329	TX_ANT	ff	193:0:10:28:311
3242329	PKT	0:128:68006:193:163070:0:0
3243329	TX_ANT	ff	193:0:11:27:235
3243329	PKT	0:128:67408:193:162472:0:0
[VISION][STATUS] FPS=33 | mavi=— kirmizi=— | tespit=BEKLİYOR | kuyruk=0
3244329	TX_ANT	ff	193:0:10:34:355
3244329	PKT	0:128:68011:193:163075:0:0
3245329	TX_ANT	ff	193:0:10:25:193
3245329	PKT	0:128:67559:193:162623:0:0
3246329	TX_ANT	ff	193:0:10:24:204
3246329	PKT	0:128:67679:193:162743:0:0
3247329	TX_ANT	ff	193:0:10:23:192
3247329	PKT	0:128:66861:193:161925:0:0
3248329	TX_ANT	ff	193:0:10:24:176
3248329	PKT	0:128:66611:193:161675:0:0
[VISION][STATUS] FPS=32 | mavi=— kirmizi=— | tespit=BEKLİYOR | kuyruk=0
3249329	TX_ANT	ff	193:0:10:27:174
3249329	PKT	0:128:67545:193:162609:0:0
3250329	TX_ANT	ff	193:0:10:26:171
3250329	PKT	0:128:68062:193:163126:0:0
3251329	TX_ANT	ff	193:0:10:26:357
3251329	PKT	0:128:67254:193:162318:0:0
3252329	TX_ANT	ff	193:0:9:23:161
3252329	PKT	0:128:67295:193:162359:0:0
3253329	TX_ANT	ff	193:0:10:22:178
3253329	PKT	0:128:68202:193:163266:0:0
[VISION][STATUS] FPS=33 | mavi=— kirmizi=— | tespit=BEKLİYOR | kuyruk=0
3254329	TX_ANT	ff	193:0:10:26:229
3254329	PKT	0:128:67993:193:163057:0:0
3255329	TX_ANT	ff	193:0:10:37:588
3255329	PKT	0:128:67467:193:162531:0:0
3256330	TX_ANT	ff	193:0:9:26:246
3256330	PKT	0:128:68102:193:163166:0:0
3257329	TX_ANT	ff	193:0:9:25:166
3257329	PKT	0:128:68133:193:163197:0:0
3258329	TX_ANT	ff	193:0:10:23:169
3258329	PKT	0:128:67996:193:163060:0:0
[VISION][STATUS] FPS=32 | mavi=— kirmizi=— | tespit=BEKLİYOR | kuyruk=0
3259329	TX_ANT	ff	193:0:10:23:141
3259329	PKT	0:128:66236:193:161300:0:0
3260329	TX_ANT	ff	193:0:10:24:179
3260329	PKT	0:128:67188:193:162252:0:0
3261329	TX_ANT	ff	193:0:10:24:168
3261329	PKT	0:128:67611:193:162675:0:0
3262329	TX_ANT	ff	193:0:10:27:201
3262329	PKT	0:128:66796:193:161860:0:0
3263329	TX_ANT	ff	193:0:10:29:979
3263329	PKT	0:128:67490:193:162554:0:0
[VISION][STATUS] FPS=32 | mavi=— kirmizi=— | tespit=BEKLİYOR | kuyruk=0
3264329	TX_ANT	ff	193:0:10:39:1055
3264329	PKT	0:128:67520:193:162584:0:0
3265329	TX_ANT	ff	193:0:10:44:2752
3265329	PKT	0:128:68751:193:163815:0:0
3266329	TX_ANT	ff	210:0:10:27:204
3266329	PKT	0:137:81194:210:187934:0:0
3267329	TX_ANT	ff	330:0:10:22:252
3267329	PKT	0:221:200164:330:360664:0:0
3268329	TX_ANT	ff	290:0:10:24:285
3268329	PKT	0:193:160680:290:303260:0:0
[VISION][STATUS] FPS=32 | mavi=— kirmizi=— | tespit=BEKLİYOR | kuyruk=0
3269329	TX_ANT	ff	324:0:9:30:1172
3269329	PKT	0:215:191944:324:352276:0:0
3270329	TX_ANT	ff	237:0:10:32:343
3270329	PKT	0:156:111087:237:229783:0:0
3271329	TX_ANT	ff	209:0:10:26:184
3271329	PKT	0:140:88675:209:189787:0:0
3272329	TX_ANT	ff	203:0:9:28:315
3272329	PKT	0:134:86418:203:187362:0:0
3273329	TX_ANT	ff	197:0:10:30:479
3273329	PKT	0:132:85814:197:180990:0:0
[VISION][STATUS] FPS=32 | mavi=— kirmizi=— | tespit=BEKLİYOR | kuyruk=0
3274329	TX_ANT	ff	198:0:10:28:209
3274329	PKT	0:129:82577:198:183381:0:0
3275329	TX_ANT	ff	222:0:10:23:126
3275329	PKT	0:149:105130:222:212206:0:0
3276329	TX_ANT	ff	298:0:9:26:1230
3276329	PKT	0:197:167598:298:316002:0:0
3277329	TX_ANT	ff	265:0:10:20:117
3277329	PKT	0:176:139520:265:270200:0:0
3278329	TX_ANT	ff	241:0:10:31:1372
3278329	PKT	0:160:107131:241:225939:0:0
[VISION][STATUS] FPS=32 | mavi=— kirmizi=— | tespit=BEKLİYOR | kuyruk=0
3279329	TX_ANT	ff	233:0:10:29:399
3279329	PKT	0:156:95886:233:208870:0:0
3280329	TX_ANT	ff	237:0:10:32:755
3280329	PKT	0:156:96205:237:214901:0:0
3281329	TX_ANT	ff	233:0:10:24:355
3281329	PKT	0:156:95862:233:208846:0:0
3282330	TX_ANT	ff	237:0:10:21:216
3282330	PKT	0:156:96041:237:214737:0:0
3283329	TX_ANT	ff	233:0:10:28:213
3283329	PKT	0:156:97122:233:210106:0:0
[VISION][STATUS] FPS=32 | mavi=— kirmizi=— | tespit=BEKLİYOR | kuyruk=0
3284330	TX_ANT	ff	237:0:10:25:203
3284330	PKT	0:156:103359:237:222055:0:0
3285329	TX_ANT	ff	233:0:10:37:663
3285329	PKT	0:156:99191:233:212175:0:0
3286329	TX_ANT	ff	236:0:10:32:1196
3286329	PKT	0:155:94727:236:213395:0:0
3287329	TX_ANT	ff	233:0:9:23:183
3287329	PKT	0:156:95777:233:208761:0:0
3288330	TX_ANT	ff	237:0:10:21:162
3288330	PKT	0:156:96062:237:214758:0:0
[VISION][STATUS] FPS=32 | mavi=— kirmizi=— | tespit=BEKLİYOR | kuyruk=0
3289329	TX_ANT	ff	233:0:10:25:241
3289329	PKT	0:156:95180:233:208164:0:0
3290330	TX_ANT	ff	237:0:10:27:779
3290330	PKT	0:156:98823:237:217519:0:0
3291329	TX_ANT	ff	244:0:10:26:166
3291329	PKT	0:163:117940:244:236832:0:0
3292329	TX_ANT	ff	348:0:10:28:1195
3292329	PKT	0:231:215518:348:387722:0:0
3293329	TX_ANT	ff	468:0:10:28:1037
3293329	PKT	0:311:326807:468:558371:0:0
[VISION][STATUS] FPS=32 | mavi=— kirmizi=— | tespit=BEKLİYOR | kuyruk=0
3294329	TX_ANT	ff	510:0:10:26:1880
3294329	PKT	0:341:370959:510:620499:0:0
3295329	TX_ANT	ff	463:0:10:20:254
3295329	PKT	0:306:324547:463:555971:0:0
3296329	TX_ANT	ff	468:0:10:23:506
3296329	PKT	0:311:329322:468:560886:0:0
3297329	TX_ANT	ff	452:0:10:28:615
3297329	PKT	0:303:315924:452:535840:0:0
3298329	TX_ANT	ff	525:0:10:23:530
3298329	PKT	0:348:379313:525:640473:0:0
[VISION][STATUS] FPS=32 | mavi=— kirmizi=— | tespit=BEKLİYOR | kuyruk=0
3299329	TX_ANT	ff	418:0:10:32:1864
3299329	PKT	0:277:281732:418:489496:0:0
3300329	TX_ANT	ff	414:0:10:28:1294
3300329	PKT	0:277:279315:414:481367:0:0
3301329	TX_ANT	ff	502:0:10:23:370
3301329	PKT	0:333:358488:502:607804:0:0
3302329	TX_ANT	ff	509:0:10:35:2713
3302329	PKT	0:340:367851:509:617363:0:0
3303329	TX_ANT	ff	478:0:11:39:1222
3303329	PKT	0:317:336593:478:574037:0:0
[VISION][STATUS] FPS=32 | mavi=— kirmizi=— | tespit=BEKLİYOR | kuyruk=0
3304329	TX_ANT	ff	326:0:10:29:479
3304329	PKT	0:217:192055:326:352443:0:0
3305329	TX_ANT	ff	431:0:10:38:1535
3305329	PKT	0:286:291924:431:505652:0:0
3306329	TX_ANT	ff	384:0:11:27:250
3306329	PKT	0:255:247048:384:437060:0:0
3307330	TX_ANT	ff	444:0:10:29:963
3307330	PKT	0:295:304847:444:524539:0:0
3308329	TX_ANT	ff	470:0:10:23:711
3308329	PKT	0:313:329134:470:560754:0:0
[VISION][STATUS] FPS=32 | mavi=— kirmizi=— | tespit=BEKLİYOR | kuyruk=0
3309329	TX_ANT	ff	468:0:10:27:994
3309329	PKT	0:311:325151:468:556715:0:0
3310329	TX_ANT	ff	423:0:10:26:1356
3310329	PKT	0:282:285354:423:493258:0:0
3311329	TX_ANT	ff	443:0:10:26:1095
3311329	PKT	0:294:303289:443:522953:0:0
3312329	TX_ANT	ff	314:0:9:21:193
3312329	PKT	0:209:182546:314:336998:0:0
3313329	TX_ANT	ff	268:0:9:23:143
3313329	PKT	0:179:138947:268:269711:0:0
[VISION][STATUS] FPS=32 | mavi=— kirmizi=— | tespit=BEKLİYOR | kuyruk=0
3314329	TX_ANT	ff	325:0:10:24:256
3314329	PKT	0:216:198359:325:358719:0:0
3315329	TX_ANT	ff	429:0:10:21:277
3315329	PKT	0:284:287112:429:500784:0:0
3316331	TX_ANT	ff	353:0:10:20:193
3316331	PKT	0:236:221046:353:393390:0:0
3317329	TX_ANT	ff	375:0:10:22:273
3317329	PKT	0:250:244261:375:428421:0:0
3318330	TX_ANT	ff	429:0:10:33:1379
3318330	PKT	0:284:290134:429:503806:0:0
[VISION][STATUS] FPS=32 | mavi=(93,351) kirmizi=— | tespit=BEKLİYOR | kuyruk=0
3319329	TX_ANT	ff	386:0:10:23:751
3319329	PKT	0:257:250420:386:440488:0:0
3320329	TX_ANT	ff	457:0:10:22:776
3320329	PKT	0:304:313477:457:539133:0:0
3321329	TX_ANT	ff	437:0:10:22:260
3321329	PKT	0:292:301751:437:515647:0:0
3322331	TX_ANT	ff	428:0:10:29:489
3322331	PKT	0:283:288566:428:502210:0:0
3323329	TX_ANT	ff	372:0:10:28:1607
3323329	PKT	0:247:237476:372:421552:0:0
[VISION][STATUS] FPS=32 | mavi=— kirmizi=— | tespit=BEKLİYOR | kuyruk=0
3324329	TX_ANT	ff	472:0:10:25:825
3324329	PKT	0:315:331513:472:563189:0:0
3325329	TX_ANT	ff	373:0:9:28:542
3325329	PKT	0:248:242080:373:426184:0:0
3326329	TX_ANT	ff	506:0:10:24:432
3326329	PKT	0:337:365249:506:614677:0:0
3327329	TX_ANT	ff	537:0:10:28:1591
3327329	PKT	0:356:389843:537:656939:0:0
3328329	TX_ANT	ff	436:0:10:26:643
3328329	PKT	0:291:296518:436:510386:0:0
[VISION][STATUS] FPS=32 | mavi=— kirmizi=— | tespit=BEKLİYOR | kuyruk=0
3329329	TX_ANT	ff	436:0:10:19:260
3329329	PKT	0:291:300220:436:514088:0:0
3330329	TX_ANT	ff	480:0:10:27:1341
3330329	PKT	0:319:337547:480:575047:0:0
3331329	TX_ANT	ff	516:0:10:25:216
3331329	PKT	0:343:371006:516:626314:0:0
3332330	TX_ANT	ff	408:0:9:20:181
3332330	PKT	0:271:267677:408:469561:0:0
3333330	TX_ANT	ff	456:0:9:22:854
3333330	PKT	0:303:316794:456:542422:0:0
[VISION][STATUS] FPS=32 | mavi=— kirmizi=— | tespit=BEKLİYOR | kuyruk=0
3334329	TX_ANT	ff	467:0:10:25:1014
3334329	PKT	0:310:326166:467:557702:0:0
3335330	TX_ANT	ff	529:0:10:27:952
3335330	PKT	0:352:382115:529:643387:0:0
3336329	TX_ANT	ff	495:0:10:26:784
3336329	PKT	0:330:352039:495:595559:0:0
3337329	TX_ANT	ff	483:0:10:32:1215
3337329	PKT	0:322:340379:483:577963:0:0
3338329	TX_ANT	ff	459:0:10:30:1937
3338329	PKT	0:306:317679:459:543391:0:0
[VISION][STATUS] FPS=32 | mavi=— kirmizi=— | tespit=BEKLİYOR | kuyruk=0
3339331	TX_ANT	ff	501:0:10:33:1260
3339331	PKT	0:332:353770:501:603058:0:0
3340329	TX_ANT	ff	490:0:10:20:884
3340329	PKT	0:325:344953:490:588333:0:0
3341329	TX_ANT	ff	462:0:10:21:360
3341329	PKT	0:309:324384:462:550180:0:0
3342329	TX_ANT	ff	478:0:10:32:879
3342329	PKT	0:317:335137:478:572581:0:0
3343329	TX_ANT	ff	482:0:10:23:608
3343329	PKT	0:321:342171:482:579727:0:0
[VISION][STATUS] FPS=32 | mavi=— kirmizi=— | tespit=BEKLİYOR | kuyruk=0
3344329	TX_ANT	ff	480:0:10:26:1189
3344329	PKT	0:319:336190:480:573690:0:0
3345329	TX_ANT	ff	459:0:10:27:1593
3345329	PKT	0:306:323166:459:548878:0:0
3346329	TX_ANT	ff	448:0:10:21:191
3346329	PKT	0:299:310902:448:530706:0:0
3347329	TX_ANT	ff	454:0:10:27:675
3347329	PKT	0:301:312138:454:537710:0:0
3348330	TX_ANT	ff	381:0:10:29:330
3348330	PKT	0:252:245064:381:434992:0:0
[VISION][STATUS] FPS=32 | mavi=— kirmizi=— | tespit=BEKLİYOR | kuyruk=0
3349329	TX_ANT	ff	410:0:10:27:1025
3349329	PKT	0:273:274193:410:476133:0:0
3350329	TX_ANT	ff	415:0:10:39:1118
3350329	PKT	0:278:277981:415:480061:0:0
3351329	TX_ANT	ff	383:0:10:26:913
3351329	PKT	0:254:246074:383:436058:0:0
3352329	TX_ANT	ff	284:0:10:28:412
3352329	PKT	0:187:159076:284:301488:0:0
3353329	TX_ANT	ff	377:0:10:25:202
3353329	PKT	0:252:242330:377:426546:0:0
[VISION][STATUS] FPS=32 | mavi=— kirmizi=— | tespit=BEKLİYOR | kuyruk=0
3354329	TX_ANT	ff	444:0:10:39:1634
3354329	PKT	0:295:304636:444:524328:0:0
3355329	TX_ANT	ff	437:0:10:30:749
3355329	PKT	0:292:302627:437:516523:0:0
3356329	TX_ANT	ff	444:0:10:36:800
3356329	PKT	0:295:302533:444:522225:0:0
3357329	TX_ANT	ff	433:0:10:27:1233
3357329	PKT	0:288:292811:433:506595:0:0
3358330	TX_ANT	ff	454:0:10:22:284
3358330	PKT	0:301:316350:454:541922:0:0
[VISION][STATUS] FPS=32 | mavi=(226,204) kirmizi=— | tespit=BEKLİYOR | kuyruk=0
3359329	TX_ANT	ff	466:0:10:27:1046
3359329	PKT	0:309:327041:466:558549:0:0
3360330	TX_ANT	ff	484:0:10:26:1282
3360330	PKT	0:323:341182:484:578794:0:0
3361329	TX_ANT	ff	472:0:10:38:1232
3361329	PKT	0:315:332719:472:564395:0:0
3362329	TX_ANT	ff	480:0:10:22:445
3362329	PKT	0:319:336442:480:573942:0:0
3363329	TX_ANT	ff	483:0:10:25:1846
3363329	PKT	0:322:340559:483:578143:0:0
[VISION][STATUS] FPS=32 | mavi=— kirmizi=— | tespit=BEKLİYOR | kuyruk=0
3364329	TX_ANT	ff	486:0:10:20:1018
3364329	PKT	0:321:341773:486:585041:0:0
3365329	TX_ANT	ff	473:0:10:19:140
3365329	PKT	0:316:334570:473:566274:0:0
3366332	TX_ANT	ff	502:0:10:31:2813
3366332	PKT	0:333:356013:502:605329:0:0
3367329	TX_ANT	ff	471:0:10:17:159
3367329	PKT	0:314:327735:471:559383:0:0
3368331	TX_ANT	ff	473:0:10:26:298
3368331	PKT	0:316:332270:473:563974:0:0
[VISION][STATUS] FPS=32 | mavi=— kirmizi=— | tespit=BEKLİYOR | kuyruk=0
3369329	TX_ANT	ff	488:0:10:28:1646
3369329	PKT	0:323:346320:488:589644:0:0
3370329	TX_ANT	ff	469:0:10:29:515
3370329	PKT	0:312:328248:469:559840:0:0
3371330	TX_ANT	ff	491:0:10:23:965
3371330	PKT	0:326:350392:491:593800:0:0
3372329	TX_ANT	ff	464:0:10:27:1986
3372329	PKT	0:311:327084:464:552936:0:0
3373329	TX_ANT	ff	466:0:10:27:489
3373329	PKT	0:309:327230:466:558738:0:0
[VISION][STATUS] FPS=32 | mavi=(219,451) kirmizi=— | tespit=BEKLİYOR | kuyruk=0
3374329	TX_ANT	ff	493:0:10:33:518
3374329	PKT	0:328:351126:493:594590:0:0
3375329	TX_ANT	ff	453:0:9:41:1736
3375329	PKT	0:300:311397:453:536941:0:0
3376329	TX_ANT	ff	462:0:10:22:257
3376329	PKT	0:309:324221:462:550017:0:0
3377329	TX_ANT	ff	466:0:10:22:817
3377329	PKT	0:309:327920:466:559428:0:0
3378330	TX_ANT	ff	469:0:10:33:1415
3378330	PKT	0:312:328540:469:560132:0:0
[VISION][STATUS] FPS=32 | mavi=— kirmizi=— | tespit=BEKLİYOR | kuyruk=0
3379329	TX_ANT	ff	470:0:10:29:631
3379329	PKT	0:313:330112:470:561732:0:0
3380329	TX_ANT	ff	484:0:9:25:1089
3380329	PKT	0:323:346526:484:584138:0:0
3381329	TX_ANT	ff	487:0:10:21:216
3381329	PKT	0:322:342974:487:586270:0:0
3382329	TX_ANT	ff	460:0:10:20:861
3382329	PKT	0:307:323274:460:549014:0:0
3383329	TX_ANT	ff	492:0:10:22:1086
3383329	PKT	0:327:350503:492:593939:0:0
[VISION][STATUS] FPS=32 | mavi=— kirmizi=— | tespit=BEKLİYOR | kuyruk=0
3384329	TX_ANT	ff	484:0:10:24:1177
3384329	PKT	0:323:347159:484:584771:0:0
3385330	TX_ANT	ff	500:0:10:20:233
3385330	PKT	0:331:356053:500:605313:0:0
3386329	TX_ANT	ff	487:0:10:24:666
3386329	PKT	0:326:346842:487:584538:0:0
3387329	TX_ANT	ff	505:0:10:21:535
3387329	PKT	0:336:361928:505:611328:0:0
3388330	TX_ANT	ff	453:0:10:20:413
3388330	PKT	0:300:309366:453:534910:0:0
[VISION][STATUS] FPS=32 | mavi=— kirmizi=— | tespit=BEKLİYOR | kuyruk=0
3389329	TX_ANT	ff	467:0:10:21:473
3389329	PKT	0:310:325224:467:556760:0:0
3390330	TX_ANT	ff	476:0:10:27:658
3390330	PKT	0:319:334757:476:566545:0:0
3391330	TX_ANT	ff	503:0:10:26:293
3391330	PKT	0:334:359342:503:608686:0:0
3392329	TX_ANT	ff	471:0:9:24:430
3392329	PKT	0:314:330622:471:562270:0:0
3393329	TX_ANT	ff	517:0:10:32:1599
3393329	PKT	0:344:369998:517:625334:0:0
[VISION][STATUS] FPS=32 | mavi=— kirmizi=— | tespit=BEKLİYOR | kuyruk=0
3394329	TX_ANT	ff	513:0:10:28:884
3394329	PKT	0:340:369671:513:624895:0:0
3395329	TX_ANT	ff	484:0:10:31:2134
3395329	PKT	0:323:347511:484:585123:0:0
3396330	TX_ANT	ff	475:0:10:26:331
3396330	PKT	0:314:329841:475:567201:0:0
3397330	TX_ANT	ff	474:0:10:23:732
3397330	PKT	0:317:334088:474:565820:0:0
3398329	TX_ANT	ff	483:0:10:32:1839
3398329	PKT	0:322:342433:483:580017:0:0
[VISION][STATUS] FPS=32 | mavi=(451,430) kirmizi=— | tespit=BEKLİYOR | kuyruk=0
3399329	TX_ANT	ff	498:0:10:20:270
3399329	PKT	0:329:348485:498:597689:0:0
3400329	TX_ANT	ff	473:0:10:26:323
3400329	PKT	0:316:333526:473:565230:0:0
3401329	TX_ANT	ff	496:0:10:20:217
3401329	PKT	0:331:352744:496:596292:0:0
3402332	TX_ANT	ff	517:0:10:28:585
3402332	PKT	0:344:371815:517:627151:0:0
3403330	TX_ANT	ff	539:0:10:24:285
3403330	PKT	0:358:393265:539:660417:0:0
[VISION][STATUS] FPS=33 | mavi=— kirmizi=— | tespit=BEKLİYOR | kuyruk=0
3404329	TX_ANT	ff	491:0:10:22:224
3404329	PKT	0:326:347133:491:590541:0:0
3405330	TX_ANT	ff	506:0:10:19:171
3405330	PKT	0:337:361339:506:610767:0:0
3406329	TX_ANT	ff	520:0:9:21:251
3406329	PKT	0:347:378692:520:634112:0:0
3407329	TX_ANT	ff	480:0:10:36:1317
3407329	PKT	0:319:340005:480:577505:0:0
3408329	TX_ANT	ff	526:0:10:32:546
3408329	PKT	0:349:376924:526:638112:0:0
[VISION][STATUS] FPS=32 | mavi=— kirmizi=— | tespit=BEKLİYOR | kuyruk=0
3409329	TX_ANT	ff	495:0:11:27:409
3409329	PKT	0:330:350583:495:594103:0:0
3410329	TX_ANT	ff	515:0:10:29:528
3410329	PKT	0:342:366092:515:621372:0:0
3411329	TX_ANT	ff	532:0:10:28:644
3411329	PKT	0:355:390631:532:651987:0:0
3412329	TX_ANT	ff	518:0:10:26:1130
3412329	PKT	0:345:374964:518:630328:0:0
3413329	TX_ANT	ff	502:0:10:27:1331
3413329	PKT	0:333:357672:502:606988:0:0
[VISION][STATUS] FPS=32 | mavi=— kirmizi=— | tespit=BEKLİYOR | kuyruk=0
3414329	TX_ANT	ff	492:0:10:29:432
3414329	PKT	0:327:348221:492:591657:0:0
3415329	TX_ANT	ff	514:0:10:26:292
3415329	PKT	0:341:368031:514:623283:0:0
3416330	TX_ANT	ff	486:0:10:29:1706
3416330	PKT	0:325:351931:486:589599:0:0
3417329	TX_ANT	ff	506:0:10:19:208
3417329	PKT	0:337:364528:506:613956:0:0
3418329	TX_ANT	ff	502:0:10:25:978
3418329	PKT	0:333:358619:502:607935:0:0
3419329	TX_ANT	ff	490:0:10:21:197
3419329	PKT	0:325:346649:490:590029:0:0
[VISION][STATUS] FPS=32 | mavi=— kirmizi=— | tespit=BEKLİYOR | kuyruk=0
3420330	TX_ANT	ff	499:0:9:26:957
3420330	PKT	0:334:356055:499:599687:0:0
3421331	TX_ANT	ff	504:0:10:19:165
3421331	PKT	0:335:363030:504:612402:0:0
3422329	TX_ANT	ff	512:0:10:26:968
3422329	PKT	0:339:364902:512:620098:0:0
3423329	TX_ANT	ff	517:0:10:37:1979
3423329	PKT	0:344:373120:517:628456:0:0
3424330	TX_ANT	ff	506:0:10:32:956
3424330	PKT	0:337:365098:506:614526:0:0
[VISION][STATUS] FPS=32 | mavi=— kirmizi=— | tespit=BEKLİYOR | kuyruk=0
3425329	TX_ANT	ff	516:0:10:29:740
3425329	PKT	0:343:375411:516:630719:0:0
3426329	TX_ANT	ff	520:0:10:37:2018
3426329	PKT	0:347:375471:520:630891:0:0
3427329	TX_ANT	ff	531:0:10:23:1165
3427329	PKT	0:354:388688:531:650016:0:0
3428329	TX_ANT	ff	506:0:10:20:244
3428329	PKT	0:337:368446:506:617874:0:0
3429329	TX_ANT	ff	530:0:10:22:505
3429329	PKT	0:353:384632:530:645932:0:0
[VISION][STATUS] FPS=32 | mavi=— kirmizi=— | tespit=BEKLİYOR | kuyruk=0
3430329	TX_ANT	ff	515:0:10:24:570
3430329	PKT	0:342:371921:515:627201:0:0
3431329	TX_ANT	ff	513:0:10:22:579
3431329	PKT	0:340:367773:513:622997:0:0
3432329	TX_ANT	ff	510:0:10:19:200
3432329	PKT	0:341:366677:510:616217:0:0
3433332	TX_ANT	ff	525:0:10:29:1091
3433332	PKT	0:348:378358:525:639518:0:0
3434329	TX_ANT	ff	527:0:10:26:1119
3434329	PKT	0:350:378890:527:640106:0:0
[VISION][STATUS] FPS=32 | mavi=— kirmizi=— | tespit=BEKLİYOR | kuyruk=0
3435329	TX_ANT	ff	505:0:10:21:553
3435329	PKT	0:336:358862:505:608262:0:0
3436329	TX_ANT	ff	505:0:9:21:242
3436329	PKT	0:336:361802:505:611202:0:0
3437329	TX_ANT	ff	507:0:10:21:266
3437329	PKT	0:338:365668:507:615124:0:0
3438329	TX_ANT	ff	520:0:10:32:1309
3438329	PKT	0:347:377208:520:632628:0:0
3439329	TX_ANT	ff	507:0:10:30:1523
3439329	PKT	0:338:365733:507:615189:0:0
[VISION][STATUS] FPS=32 | mavi=— kirmizi=— | tespit=BEKLİYOR | kuyruk=0
3440331	TX_ANT	ff	489:0:10:23:889
3440331	PKT	0:324:345031:489:588383:0:0
3441329	TX_ANT	ff	492:0:10:20:223
3441329	PKT	0:327:351829:492:595265:0:0
3442329	TX_ANT	ff	519:0:10:27:1254
3442329	PKT	0:346:374401:519:629793:0:0
3443329	TX_ANT	ff	528:0:9:26:1018
3443329	PKT	0:351:381108:528:642352:0:0
3444329	TX_ANT	ff	497:0:10:20:263
3444329	PKT	0:332:354053:497:597629:0:0
[VISION][STATUS] FPS=32 | mavi=— kirmizi=— | tespit=BEKLİYOR | kuyruk=0
3445329	TX_ANT	ff	491:0:10:21:382
3445329	PKT	0:326:349473:491:592881:0:0
3446330	TX_ANT	ff	519:0:10:21:349
3446330	PKT	0:346:378731:519:634123:0:0
3447330	TX_ANT	ff	516:0:10:21:928
3447330	PKT	0:343:369817:516:625125:0:0
3448329	TX_ANT	ff	512:0:10:26:501
3448329	PKT	0:339:365748:512:620944:0:0
3449329	TX_ANT	ff	480:0:10:23:239
3449329	PKT	0:319:336018:480:573518:0:0
[VISION][STATUS] FPS=32 | mavi=— kirmizi=— | tespit=BEKLİYOR | kuyruk=0
3450329	TX_ANT	ff	482:0:10:21:273
3450329	PKT	0:321:337265:482:574821:0:0
3451329	TX_ANT	ff	462:0:10:36:1555
3451329	PKT	0:309:324623:462:550419:0:0
3452329	TX_ANT	ff	501:0:10:28:920
3452329	PKT	0:332:359215:501:608503:0:0
3453330	TX_ANT	ff	456:0:10:27:635
3453330	PKT	0:303:314647:456:540275:0:0
3454329	TX_ANT	ff	480:0:9:24:860
3454329	PKT	0:319:340444:480:577944:0:0
[VISION][STATUS] FPS=32 | mavi=— kirmizi=— | tespit=BEKLİYOR | kuyruk=0
3455329	TX_ANT	ff	497:0:10:23:519
3455329	PKT	0:332:354156:497:597732:0:0
3456330	TX_ANT	ff	482:0:10:27:420
3456330	PKT	0:321:341550:482:579106:0:0
3457329	TX_ANT	ff	493:0:10:33:3289
3457329	PKT	0:328:352753:493:596217:0:0
3458329	TX_ANT	ff	490:0:9:23:746
3458329	PKT	0:325:347412:490:590792:0:0
3459329	TX_ANT	ff	482:0:10:29:1350
3459329	PKT	0:321:339276:482:576832:0:0
[VISION][STATUS] FPS=32 | mavi=(627,447) kirmizi=— | tespit=BEKLİYOR | kuyruk=0
3460332	TX_ANT	ff	492:0:10:24:1309
3460332	PKT	0:327:350058:492:593494:0:0
3461329	TX_ANT	ff	493:0:10:29:1923
3461329	PKT	0:328:349888:493:593352:0:0
3462329	TX_ANT	ff	495:0:10:21:649
3462329	PKT	0:330:352367:495:595887:0:0
3463329	TX_ANT	ff	494:0:10:20:628
3463329	PKT	0:329:353833:494:597325:0:0
3464329	TX_ANT	ff	513:0:10:18:161
3464329	PKT	0:340:366531:513:621755:0:0
[VISION][STATUS] FPS=32 | mavi=(620,454) kirmizi=— | tespit=BEKLİYOR | kuyruk=0
3465329	TX_ANT	ff	485:0:10:25:464
3465329	PKT	0:325:345606:485:583186:0:0
3466330	TX_ANT	ff	479:0:10:20:425
3466330	PKT	0:318:333826:479:571298:0:0
3467329	TX_ANT	ff	515:0:10:23:235
3467329	PKT	0:342:368961:515:624241:0:0
3468330	TX_ANT	ff	449:0:10:22:1053
3468330	PKT	0:300:313858:449:533690:0:0
3469329	TX_ANT	ff	468:0:10:29:1151
3469329	PKT	0:311:327784:468:559348:0:0
[VISION][STATUS] FPS=32 | mavi=— kirmizi=— | tespit=BEKLİYOR | kuyruk=0
3470329	TX_ANT	ff	502:0:10:25:505
3470329	PKT	0:333:354152:502:603468:0:0
3471329	TX_ANT	ff	493:0:10:18:293
3471329	PKT	0:328:349516:493:592980:0:0
3472329	TX_ANT	ff	481:0:10:19:182
3472329	PKT	0:320:338146:481:575674:0:0
3473329	TX_ANT	ff	414:0:10:25:872
3473329	PKT	0:277:279615:414:481667:0:0
3474329	TX_ANT	ff	384:0:10:23:870
3474329	PKT	0:255:246938:384:436950:0:0
[VISION][STATUS] FPS=32 | mavi=— kirmizi=— | tespit=BEKLİYOR | kuyruk=0
3475329	TX_ANT	ff	392:0:10:20:209
3475329	PKT	0:259:254781:392:450617:0:0
3476329	TX_ANT	ff	377:0:10:25:754
3476329	PKT	0:252:248532:377:432748:0:0
3477329	TX_ANT	ff	386:0:10:24:317
3477329	PKT	0:257:255095:386:445163:0:0
3478329	TX_ANT	ff	398:0:10:31:894
3478329	PKT	0:265:259640:398:455644:0:0
3479330	TX_ANT	ff	394:0:10:30:760
3479330	PKT	0:261:256640:394:452532:0:0
[VISION][STATUS] FPS=32 | mavi=— kirmizi=— | tespit=BEKLİYOR | kuyruk=0
3480329	TX_ANT	ff	394:0:10:28:994
3480329	PKT	0:261:258215:394:454107:0:0
3481329	TX_ANT	ff	385:0:10:22:198
3481329	PKT	0:256:253707:385:443747:0:0
3482329	TX_ANT	ff	378:0:10:29:1363
3482329	PKT	0:253:247184:378:431428:0:0
3483329	TX_ANT	ff	359:0:9:27:303
3483329	PKT	0:238:222749:359:400861:0:0
3484329	TX_ANT	ff	430:0:10:23:910
3484329	PKT	0:285:290896:430:504596:0:0
[VISION][STATUS] FPS=32 | mavi=— kirmizi=— | tespit=BEKLİYOR | kuyruk=0
3485329	TX_ANT	ff	387:0:10:24:833
3485329	PKT	0:258:252670:387:442766:0:0
3486329	TX_ANT	ff	370:0:9:28:898
3486329	PKT	0:245:237951:370:421971:0:0
3487329	TX_ANT	ff	388:0:10:25:209
3487329	PKT	0:259:254744:388:444868:0:0
3488329	TX_ANT	ff	395:0:10:26:1420
3488329	PKT	0:262:257984:395:453904:0:0
3489329	TX_ANT	ff	340:0:10:23:241
3489329	PKT	0:227:211663:340:378043:0:0
[VISION][STATUS] FPS=27 | mavi=— kirmizi=— | tespit=BEKLİYOR | kuyruk=0
3490330	TX_ANT	ff	465:0:10:25:291
3490330	PKT	0:308:320838:465:552318:0:0
3491329	TX_ANT	ff	380:0:10:31:418
3491329	PKT	0:255:250624:380:434924:0:0
3492329	TX_ANT	ff	288:0:10:31:580
3492329	PKT	0:191:160707:288:303231:0:0
3493329	TX_ANT	ff	355:0:10:27:1227
3493329	PKT	0:234:217657:355:395657:0:0
3494329	TX_ANT	ff	411:0:10:21:195
3494329	PKT	0:274:274876:411:476844:0:0
[VISION][STATUS] FPS=6 | mavi=— kirmizi=— | tespit=BEKLİYOR | kuyruk=0
3495329	TX_ANT	ff	399:0:10:21:102
3495329	PKT	0:266:265037:399:461069:0:0
3496329	TX_ANT	ff	397:0:10:23:281
3496329	PKT	0:264:260902:397:456878:0:0
3497329	TX_ANT	ff	328:0:10:21:157
3497329	PKT	0:219:197908:328:358352:0:0
3498329	TX_ANT	ff	319:0:10:20:119
3498329	PKT	0:210:183861:319:344053:0:0
3499329	TX_ANT	ff	325:0:10:20:168
3499329	PKT	0:216:192286:325:352646:0:0
[VISION][STATUS] FPS=32 | mavi=— kirmizi=— | tespit=BEKLİYOR | kuyruk=0
3500329	TX_ANT	ff	329:0:10:19:210
3500329	PKT	0:220:198497:329:358969:0:0
3501330	TX_ANT	ff	320:0:10:20:196
3501330	PKT	0:211:184880:320:345100:0:0
3502329	TX_ANT	ff	291:0:10:24:993
3502329	PKT	0:194:166082:291:308690:0:0
3503332	TX_ANT	ff	292:0:10:22:184
3503332	PKT	0:195:165123:292:307759:0:0
3504329	TX_ANT	ff	286:0:10:23:178
3504329	PKT	0:189:157775:286:300243:0:0
[VISION][STATUS] FPS=32 | mavi=— kirmizi=— | tespit=BEKLİYOR | kuyruk=0
3505329	TX_ANT	ff	291:0:9:21:203
3505329	PKT	0:194:163959:291:306567:0:0
3506329	TX_ANT	ff	275:0:10:20:103
3506329	PKT	0:182:144668:275:281228:0:0
3507329	TX_ANT	ff	289:0:10:20:187
3507329	PKT	0:192:157091:289:299643:0:0
3508329	TX_ANT	ff	279:0:10:22:339
3508329	PKT	0:186:150079:279:286751:0:0
3509329	TX_ANT	ff	264:0:10:29:839
3509329	PKT	0:175:131626:264:262278:0:0
[VISION][STATUS] FPS=32 | mavi=— kirmizi=— | tespit=BEKLİYOR | kuyruk=0
3510329	TX_ANT	ff	275:0:10:30:1582
3510329	PKT	0:182:143124:275:279684:0:0
3511329	TX_ANT	ff	282:0:10:22:870
3511329	PKT	0:189:155983:282:292739:0:0
3512329	TX_ANT	ff	310:0:10:26:1191
3512329	PKT	0:205:179147:310:333487:0:0
3513329	TX_ANT	ff	315:0:10:24:300
3513329	PKT	0:210:180245:315:334725:0:0
3514329	TX_ANT	ff	289:0:10:21:187
3514329	PKT	0:192:158371:289:300923:0:0
[VISION][STATUS] FPS=32 | mavi=— kirmizi=— | tespit=BEKLİYOR | kuyruk=0
3515329	TX_ANT	ff	276:0:10:27:730
3515329	PKT	0:183:146556:276:283144:0:0
3516329	TX_ANT	ff	273:0:10:21:162
3516329	PKT	0:180:142485:273:278989:0:0
3517329	TX_ANT	ff	271:0:10:22:175
3517329	PKT	0:182:140604:271:271452:0:0
3518329	TX_ANT	ff	275:0:10:33:1644
3518329	PKT	0:182:141260:275:277820:0:0
3519329	TX_ANT	ff	267:0:10:31:433
3519329	PKT	0:178:132529:267:263265:0:0
[VISION][STATUS] FPS=32 | mavi=— kirmizi=— | tespit=BEKLİYOR | kuyruk=0
3520330	TX_ANT	ff	275:0:10:28:322
3520330	PKT	0:182:142781:275:279341:0:0
3521329	TX_ANT	ff	312:0:10:22:175
3521329	PKT	0:207:181190:312:335586:0:0
3522329	TX_ANT	ff	327:0:9:22:216
3522329	PKT	0:218:195791:327:356207:0:0
3523329	TX_ANT	ff	324:0:10:26:306
3523329	PKT	0:215:192190:324:352522:0:0
3524329	TX_ANT	ff	328:0:10:17:167
3524329	PKT	0:219:197147:328:357591:0:0
3525329	TX_ANT	ff	320:0:9:15:54
3525329	PKT	0:211:186074:320:346294:0:0
3526330	TX_ANT	ff	11:0:10:17:63
3526330	PKT	0:7:6074:11:11982:0:0
3527330	PKT	0:0:0:0:0:0:0
3528329	PKT	0:0:0:0:0:0:0
3529330	PKT	0:0:0:0:0:0:0
3530329	PKT	0:0:0:0:0:0:0
3531329	PKT	0:0:0:0:0:0:0
3532330	PKT	0:0:0:0:0:0:0
3533330	PKT	0:0:0:0:0:0:0
3534330	PKT	0:0:0:0:0:0:0
3535330	PKT	0:0:0:0:0:0:0
3536330	PKT	0:0:0:0:0:0:0
3537330	PKT	0:0:0:0:0:0:0
3538330	PKT	0:0:0:0:0:0:0
3539329	PKT	0:0:0:0:0:0:0
3540330	PKT	0:0:0:0:0:0:0
3541330	PKT	0:0:0:0:0:0:0
3542330	PKT	0:0:0:0:0:0:0
3543330	PKT	0:0:0:0:0:0:0
3544330	PKT	0:0:0:0:0:0:0
3545329	PKT	0:0:0:0:0:0:0
3546330	PKT	0:0:0:0:0:0:0
3547329	PKT	0:0:0:0:0:0:0
3548330	PKT	0:0:0:0:0:0:0
3549330	PKT	0:0:0:0:0:0:0
3550329	PKT	0:0:0:0:0:0:0
3551330	PKT	0:0:0:0:0:0:0
3552330	PKT	0:0:0:0:0:0:0
3553330	PKT	0:0:0:0:0:0:0
3554330	PKT	0:0:0:0:0:0:0
3555330	PKT	0:0:0:0:0:0:0
3556330	PKT	0:0:0:0:0:0:0
3557330	PKT	0:0:0:0:0:0:0
3558330	PKT	0:0:0:0:0:0:0
3559330	PKT	0:0:0:0:0:0:0
3560330	PKT	0:0:0:0:0:0:0
3561330	PKT	0:0:0:0:0:0:0
3562330	PKT	0:0:0:0:0:0:0
3563330	PKT	0:0:0:0:0:0:0
3564330	PKT	0:0:0:0:0:0:0
[VISION][STATUS] FPS=26 | mavi=(91,85) kirmizi=— | tespit=BEKLİYOR | kuyruk=0
3565329	TX_ANT	ff	301:0:10:21:243
3565329	PKT	0:200:185516:301:334004:0:0
3566330	TX_ANT	ff	40:0:10:23:127
3566330	PKT	0:28:22880:40:40800:0:0
3567330	PKT	0:0:0:0:0:0:0
3568330	PKT	0:0:0:0:0:0:0
3569330	PKT	0:0:0:0:0:0:0
3570330	PKT	0:0:0:0:0:0:0
3571330	PKT	0:0:0:0:0:0:0
3572330	PKT	0:0:0:0:0:0:0
[VISION][STATUS] FPS=32 | mavi=— kirmizi=— | tespit=BEKLİYOR | kuyruk=0
3573330	TX_ANT	ff	10:0:11:18:74
3573330	PKT	0:5:3589:10:9529:0:0
3574329	TX_ANT	ff	37:0:11:25:104
3574329	PKT	0:24:20353:37:38249:0:0
3575329	TX_ANT	ff	365:0:9:22:362
3575329	PKT	0:244:223917:365:402197:0:0
3576329	TX_ANT	ff	349:0:10:19:97
3576329	PKT	0:232:213283:349:385515:0:0
3577329	TX_ANT	ff	323:0:9:20:228
3577329	PKT	0:214:189000:323:349304:0:0
[VISION][STATUS] FPS=32 | mavi=— kirmizi=— | tespit=BEKLİYOR | kuyruk=0
3578329	TX_ANT	ff	352:0:10:20:123
3578329	PKT	0:235:215227:352:387543:0:0
3579329	TX_ANT	ff	370:0:10:18:95
3579329	PKT	0:245:226539:370:410559:0:0
3580330	TX_ANT	ff	99:0:10:19:92
3580330	PKT	0:67:60841:99:108413:0:0
3581329	TX_ANT	ff	248:0:10:17:103
3581329	PKT	0:163:160689:248:285293:0:0
3582329	TX_ANT	ff	352:0:9:20:229
3582329	PKT	0:235:213194:352:385510:0:0
[VISION][STATUS] FPS=32 | mavi=— kirmizi=— | tespit=BEKLİYOR | kuyruk=0
3583329	TX_ANT	ff	243:0:10:18:118
3583329	PKT	0:162:149386:243:268250:0:0
3584330	PKT	0:0:0:0:0:0:0
3585329	TX_ANT	ff	90:0:10:20:90
3585329	PKT	0:57:56187:90:103567:0:0
3586329	TX_ANT	ff	341:0:10:18:125
3586329	PKT	0:228:202176:341:368584:0:0
3587329	TX_ANT	ff	310:0:9:18:81
3587329	PKT	0:205:165850:310:320190:0:0
[VISION][STATUS] FPS=32 | mavi=— kirmizi=— | tespit=BEKLİYOR | kuyruk=0
3588329	TX_ANT	ff	318:0:10:19:123
3588329	PKT	0:213:179524:318:334088:0:0
3589329	TX_ANT	ff	286:0:10:23:208
3589329	PKT	0:189:149947:286:292415:0:0
3590329	TX_ANT	ff	324:0:9:22:249
3590329	PKT	0:215:185490:324:345822:0:0
3591329	TX_ANT	ff	339:0:10:19:126
3591329	PKT	0:226:196741:339:363093:0:0
3592329	TX_ANT	ff	337:0:10:20:102
3592329	PKT	0:224:194439:337:360735:0:0
[VISION][STATUS] FPS=32 | mavi=— kirmizi=— | tespit=BEKLİYOR | kuyruk=0
3593330	TX_ANT	ff	364:0:10:22:107
3593330	PKT	0:243:225100:364:403352:0:0
3594329	TX_ANT	ff	320:0:10:23:166
3594329	PKT	0:211:182052:320:342272:0:0
3595329	TX_ANT	ff	324:0:10:24:161
3595329	PKT	0:215:186871:324:347203:0:0
3596329	TX_ANT	ff	390:0:10:23:136
3596329	PKT	0:261:248512:390:438692:0:0
3597329	TX_ANT	ff	337:0:10:23:158
3597329	PKT	0:224:203401:337:369697:0:0
3598330	TX_ANT	ff	67:0:10:22:142
3598330	PKT	0:43:38760:67:74236:0:0
3599329	PKT	0:0:0:0:0:0:0
3600330	PKT	0:0:0:0:0:0:0
3601330	PKT	0:0:0:0:0:0:0
[VISION][STATUS] FPS=8 | mavi=(67,73) kirmizi=— | tespit=BEKLİYOR | kuyruk=0
3602329	TX_ANT	ff	29:0:12:20:88
3602329	PKT	0:20:21938:29:34010:0:0
3603330	TX_ANT	ff	74:0:10:23:96
3603330	PKT	0:50:45035:74:80707:0:0
3604330	PKT	0:0:0:0:0:0:0
3605330	PKT	0:0:0:0:0:0:0
3606330	TX_ANT	ff	56:0:15:30:88
3606330	PKT	0:35:35245:56:64873:0:0
3607329	TX_ANT	ff	171:0:10:23:244
3607329	PKT	0:114:120269:171:203517:0:0
[VISION][STATUS] FPS=4 | mavi=— kirmizi=— | tespit=BEKLİYOR | kuyruk=0
3608329	TX_ANT	ff	454:0:10:21:528
3608329	PKT	0:301:305492:454:531064:0:0
3609329	TX_ANT	ff	414:0:10:22:128
3609329	PKT	0:277:273877:414:475929:0:0
3610329	TX_ANT	ff	396:0:10:25:248
3610329	PKT	0:263:252771:396:448719:0:0
3611329	TX_ANT	ff	393:0:10:21:218
3611329	PKT	0:260:250919:393:446783:0:0
3612330	TX_ANT	ff	241:0:10:21:134
3612330	PKT	0:161:154194:241:272942:0:0
3613330	PKT	0:0:0:0:0:0:0
3614330	PKT	0:0:0:0:0:0:0
3615330	PKT	0:0:0:0:0:0:0
3616330	PKT	0:0:0:0:0:0:0
3617330	PKT	0:0:0:0:0:0:0
3618330	PKT	0:0:0:0:0:0:0
3619330	PKT	0:0:0:0:0:0:0
3620330	PKT	0:0:0:0:0:0:0
3621330	PKT	0:0:0:0:0:0:0
3622330	PKT	0:0:0:0:0:0:0
3623330	PKT	0:0:0:0:0:0:0
[VISION][STATUS] FPS=29 | mavi=— kirmizi=— | tespit=BEKLİYOR | kuyruk=0
3624329	TX_ANT	ff	47:0:10:21:149
3624329	PKT	0:30:29150:47:52926:0:0
3625329	TX_ANT	ff	400:0:10:17:113
3625329	PKT	0:268:274908:400:470908:0:0
3626330	PKT	0:0:0:0:0:0:0
3627329	PKT	0:0:0:0:0:0:0
3628330	PKT	0:0:0:0:0:0:0
3629330	PKT	0:0:0:0:0:0:0
3630329	PKT	0:0:0:0:0:0:0
3631330	PKT	0:0:0:0:0:0:0
3632330	PKT	0:0:0:0:0:0:0
3633330	PKT	0:0:0:0:0:0:0
[VISION][STATUS] FPS=31 | mavi=— kirmizi=— | tespit=BEKLİYOR | kuyruk=0
3634329	TX_ANT	ff	88:0:10:19:103
3634329	PKT	0:59:59835:88:101559:0:0
3635329	TX_ANT	ff	368:0:9:19:214
3635329	PKT	0:243:228413:368:412377:0:0
3636334	TX_ANT	ff	384:0:10:18:113
3636334	PKT	0:255:247423:384:437435:0:0
3637332	TX_ANT	ff	532:0:9:17:121
3637332	PKT	0:355:376001:532:637357:0:0
3638329	TX_ANT	ff	465:0:10:16:92
3638329	PKT	0:308:317194:465:548674:0:0
[VISION][STATUS] FPS=32 | mavi=— kirmizi=— | tespit=BEKLİYOR | kuyruk=0
3639329	TX_ANT	ff	438:0:9:18:171
3639329	PKT	0:293:297575:438:511499:0:0
3640329	TX_ANT	ff	420:0:10:18:214
3640329	PKT	0:279:274093:420:481913:0:0
3641330	TX_ANT	ff	410:0:10:19:129
3641330	PKT	0:273:271193:410:473133:0:0
3642329	TX_ANT	ff	416:0:10:22:283
3642329	PKT	0:275:270507:416:478215:0:0
3643329	TX_ANT	ff	423:0:10:19:231
3643329	PKT	0:282:280248:423:488152:0:0
[VISION][STATUS] FPS=32 | mavi=— kirmizi=— | tespit=BEKLİYOR | kuyruk=0
3644329	TX_ANT	ff	395:0:10:17:94
3644329	PKT	0:262:250993:395:446913:0:0
3645329	TX_ANT	ff	424:0:9:23:1457
3645329	PKT	0:283:281152:424:489084:0:0
3646329	TX_ANT	ff	423:0:10:19:176
3646329	PKT	0:282:280109:423:488013:0:0
3647329	TX_ANT	ff	417:0:10:20:238
3647329	PKT	0:276:274636:417:482372:0:0
3648329	TX_ANT	ff	398:0:10:20:217
3648329	PKT	0:265:257147:398:453151:0:0
[VISION][STATUS] FPS=32 | mavi=— kirmizi=— | tespit=BEKLİYOR | kuyruk=0
3649329	TX_ANT	ff	371:0:10:20:118
3649329	PKT	0:246:228907:371:412955:0:0
3650329	TX_ANT	ff	413:0:9:18:135
3650329	PKT	0:276:272919:413:474943:0:0
3651329	TX_ANT	ff	385:0:10:19:277
3651329	PKT	0:256:244318:385:434358:0:0
3652329	TX_ANT	ff	395:0:10:24:539
3652329	PKT	0:262:250566:395:446486:0:0
3653329	TX_ANT	ff	431:0:10:22:267
3653329	PKT	0:286:285107:431:498835:0:0
[VISION][STATUS] FPS=32 | mavi=— kirmizi=— | tespit=BEKLİYOR | kuyruk=0
3654329	TX_ANT	ff	410:0:10:23:180
3654329	PKT	0:273:264491:410:466431:0:0
3655332	TX_ANT	ff	434:0:10:22:180
3655332	PKT	0:289:287539:434:501351:0:0
3656330	TX_ANT	ff	421:0:10:22:139
3656330	PKT	0:280:277514:421:485362:0:0
3657329	TX_ANT	ff	498:0:10:21:104
3657329	PKT	0:333:351505:498:595109:0:0
3658330	TX_ANT	ff	477:0:10:21:143
3658330	PKT	0:316:326379:477:563795:0:0
[VISION][STATUS] FPS=32 | mavi=(143,408) kirmizi=— | tespit=BEKLİYOR | kuyruk=0
3659330	TX_ANT	ff	495:0:10:24:549
3659330	PKT	0:330:347790:495:591310:0:0
3660329	TX_ANT	ff	489:0:10:21:191
3660329	PKT	0:324:338604:489:581956:0:0
3661330	TX_ANT	ff	499:0:10:21:162
3661330	PKT	0:334:354066:499:597698:0:0
3662329	TX_ANT	ff	489:0:9:24:1729
3662329	PKT	0:324:342159:489:585511:0:0
3663330	TX_ANT	ff	491:0:10:16:90
3663330	PKT	0:326:339904:491:583312:0:0
[VISION][STATUS] FPS=32 | mavi=(136,408) kirmizi=— | tespit=BEKLİYOR | kuyruk=0
3664331	TX_ANT	ff	505:0:10:15:100
3664331	PKT	0:336:353414:505:602814:0:0
3665329	TX_ANT	ff	497:0:10:17:104
3665329	PKT	0:332:348183:497:591759:0:0
3666329	TX_ANT	ff	429:0:9:20:146
3666329	PKT	0:284:283401:429:497073:0:0
3667329	TX_ANT	ff	481:0:10:20:281
3667329	PKT	0:320:334036:481:571564:0:0
3668329	TX_ANT	ff	458:0:10:19:128
3668329	PKT	0:305:312920:458:538604:0:0
[VISION][STATUS] FPS=32 | mavi=(143,412) kirmizi=— | tespit=BEKLİYOR | kuyruk=0
3669329	TX_ANT	ff	504:0:10:18:116
3669329	PKT	0:335:352844:504:602216:0:0
3670330	TX_ANT	ff	460:0:10:19:168
3670330	PKT	0:307:315456:460:541196:0:0
3671329	TX_ANT	ff	477:0:10:21:146
3671329	PKT	0:316:326969:477:564385:0:0
3672329	TX_ANT	ff	472:0:10:23:193
3672329	PKT	0:316:333426:472:565042:0:0
3673329	TX_ANT	ff	508:0:10:20:133
3673329	PKT	0:339:357427:508:606911:0:0
3674329	TX_ANT	ff	474:0:10:23:195
3674329	PKT	0:313:323662:474:560994:0:0
[VISION][STATUS] FPS=33 | mavi=(142,409) kirmizi=— | tespit=BEKLİYOR | kuyruk=0
3675329	TX_ANT	ff	488:0:10:21:216
3675329	PKT	0:327:344202:488:581926:0:0
3676329	TX_ANT	ff	465:0:10:21:137
3676329	PKT	0:308:314778:465:546258:0:0
3677329	TX_ANT	ff	515:0:10:20:115
3677329	PKT	0:342:361722:515:617002:0:0
3678329	TX_ANT	ff	494:0:10:20:257
3678329	PKT	0:329:346869:494:590361:0:0
3679329	TX_ANT	ff	480:0:10:21:269
3679329	PKT	0:319:332112:480:569612:0:0
[VISION][STATUS] FPS=32 | mavi=— kirmizi=— | tespit=BEKLİYOR | kuyruk=0
3680329	TX_ANT	ff	463:0:10:21:243
3680329	PKT	0:310:321141:463:546965:0:0
3681329	TX_ANT	ff	489:0:10:20:126
3681329	PKT	0:324:340670:489:584022:0:0
3682329	TX_ANT	ff	423:0:10:24:140
3682329	PKT	0:282:284792:423:492696:0:0
3683330	TX_ANT	ff	392:0:10:25:301
3683330	PKT	0:259:249210:392:445046:0:0
3684329	TX_ANT	ff	389:0:10:24:140
3684329	PKT	0:260:249012:389:439164:0:0
[VISION][STATUS] FPS=32 | mavi=— kirmizi=— | tespit=BEKLİYOR | kuyruk=0
3685329	TX_ANT	ff	408:0:10:21:162
3685329	PKT	0:271:265374:408:467258:0:0
3686329	TX_ANT	ff	400:0:10:18:182
3686329	PKT	0:267:257765:400:453825:0:0
3687329	TX_ANT	ff	406:0:10:19:202
3687329	PKT	0:269:260173:406:462001:0:0
3688329	TX_ANT	ff	399:0:9:19:141
3688329	PKT	0:266:256696:399:452728:0:0
3689330	TX_ANT	ff	363:0:10:19:142
3689330	PKT	0:242:224818:363:403042:0:0
[VISION][STATUS] FPS=32 | mavi=— kirmizi=— | tespit=BEKLİYOR | kuyruk=0
3690329	TX_ANT	ff	380:0:10:21:283
3690329	PKT	0:251:234213:380:424113:0:0
3691329	TX_ANT	ff	348:0:10:20:129
3691329	PKT	0:231:206580:348:378784:0:0
3692329	TX_ANT	ff	366:0:10:22:385
3692329	PKT	0:245:226658:366:404966:0:0
3693329	TX_ANT	ff	406:0:10:19:122
3693329	PKT	0:269:258055:406:459883:0:0
3694330	TX_ANT	ff	346:0:10:20:144
3694330	PKT	0:229:208793:346:380941:0:0
[VISION][STATUS] FPS=32 | mavi=— kirmizi=— | tespit=BEKLİYOR | kuyruk=0
3695329	TX_ANT	ff	356:0:10:19:122
3695329	PKT	0:239:219784:356:392212:0:0
3696330	TX_ANT	ff	361:0:9:20:143
3696330	PKT	0:240:213422:361:391590:0:0
3697329	TX_ANT	ff	381:0:10:19:118
3697329	PKT	0:252:237106:381:427034:0:0
3698329	TX_ANT	ff	353:0:10:20:167
3698329	PKT	0:236:216354:353:388698:0:0
3699330	TX_ANT	ff	346:0:10:20:145
3699330	PKT	0:229:204014:346:376162:0:0
[VISION][STATUS] FPS=32 | mavi=— kirmizi=— | tespit=BEKLİYOR | kuyruk=0
3700329	TX_ANT	ff	340:0:10:18:125
3700329	PKT	0:227:204975:340:371355:0:0
3701329	TX_ANT	ff	383:0:10:19:120
3701329	PKT	0:254:242354:383:432338:0:0
3702329	TX_ANT	ff	406:0:10:19:126
3702329	PKT	0:269:256573:406:458401:0:0
3703330	TX_ANT	ff	362:0:9:21:274
3703330	PKT	0:241:223685:362:401881:0:0
3704329	TX_ANT	ff	336:0:10:21:135
3704329	PKT	0:223:195462:336:361730:0:0
[VISION][STATUS] FPS=32 | mavi=— kirmizi=— | tespit=BEKLİYOR | kuyruk=0
3705329	TX_ANT	ff	350:0:10:20:156
3705329	PKT	0:233:212048:350:384308:0:0
3706329	TX_ANT	ff	363:0:10:20:266
3706329	PKT	0:242:226047:363:404271:0:0
3707329	TX_ANT	ff	358:0:10:25:517
3707329	PKT	0:237:217233:358:395317:0:0
3708329	TX_ANT	ff	373:0:10:19:151
3708329	PKT	0:248:237649:373:421753:0:0
3709330	TX_ANT	ff	326:0:9:19:91
3709330	PKT	0:217:186118:326:346506:0:0
[VISION][STATUS] FPS=32 | mavi=— kirmizi=— | tespit=BEKLİYOR | kuyruk=0
3710329	TX_ANT	ff	365:0:9:20:147
3710329	PKT	0:244:223710:365:401990:0:0
3711329	TX_ANT	ff	337:0:10:20:163
3711329	PKT	0:224:200650:337:366946:0:0
3712329	TX_ANT	ff	335:0:9:20:350
3712329	PKT	0:222:197593:335:363833:0:0
3713329	TX_ANT	ff	337:0:10:22:144
3713329	PKT	0:224:202940:337:369236:0:0
3714329	TX_ANT	ff	372:0:9:19:321
3714329	PKT	0:247:233207:372:417283:0:0
[VISION][STATUS] FPS=32 | mavi=— kirmizi=— | tespit=BEKLİYOR | kuyruk=0
3715329	TX_ANT	ff	369:0:10:19:132
3715329	PKT	0:244:226844:369:410836:0:0
3716329	TX_ANT	ff	374:0:10:20:182
3716329	PKT	0:249:234189:374:418321:0:0
3717329	TX_ANT	ff	384:0:10:20:205
3717329	PKT	0:255:242673:384:432685:0:0
3718329	TX_ANT	ff	352:0:10:18:120
3718329	PKT	0:235:216085:352:388401:0:0
3719330	TX_ANT	ff	353:0:10:19:97
3719330	PKT	0:236:216711:353:389055:0:0
[VISION][STATUS] FPS=32 | mavi=— kirmizi=— | tespit=BEKLİYOR | kuyruk=0
3720330	TX_ANT	ff	360:0:10:19:149
3720330	PKT	0:239:222184:360:400324:0:0
3721330	TX_ANT	ff	391:0:10:19:143
3721330	PKT	0:258:249906:391:445714:0:0
3722329	TX_ANT	ff	350:0:10:21:184
3722329	PKT	0:233:213970:350:386230:0:0
3723329	TX_ANT	ff	384:0:10:19:199
3723329	PKT	0:255:241935:384:431947:0:0
3724329	TX_ANT	ff	373:0:10:24:820
3724329	PKT	0:248:234167:373:418271:0:0
[VISION][STATUS] FPS=32 | mavi=— kirmizi=— | tespit=BEKLİYOR | kuyruk=0
3725329	TX_ANT	ff	378:0:9:18:102
3725329	PKT	0:253:240273:378:424517:0:0
3726329	TX_ANT	ff	395:0:10:19:105
3726329	PKT	0:262:250166:395:446086:0:0
3727329	TX_ANT	ff	371:0:10:20:113
3727329	PKT	0:246:228055:371:412103:0:0
3728329	TX_ANT	ff	362:0:9:20:125
3728329	PKT	0:241:221345:362:399541:0:0
3729330	TX_ANT	ff	341:0:10:20:143
3729330	PKT	0:228:205021:341:371429:0:0
[VISION][STATUS] FPS=32 | mavi=— kirmizi=— | tespit=BEKLİYOR | kuyruk=0
3730329	TX_ANT	ff	374:0:9:19:135
3730329	PKT	0:249:235319:374:419451:0:0
3731329	TX_ANT	ff	342:0:10:20:127
3731329	PKT	0:225:201156:342:373192:0:0
3732329	TX_ANT	ff	349:0:10:19:102
3732329	PKT	0:232:205994:349:378226:0:0
3733329	TX_ANT	ff	306:0:10:21:115
3733329	PKT	0:205:176735:306:325363:0:0
3734329	TX_ANT	ff	347:0:10:20:100
3734329	PKT	0:230:204922:347:377098:0:0
[VISION][STATUS] FPS=32 | mavi=— kirmizi=— | tespit=BEKLİYOR | kuyruk=0
3735329	TX_ANT	ff	349:0:10:23:168
3735329	PKT	0:232:209350:349:381582:0:0
3736329	TX_ANT	ff	327:0:10:23:110
3736329	PKT	0:218:190643:327:351059:0:0
3737329	TX_ANT	ff	325:0:10:24:235
3737329	PKT	0:216:190589:325:350949:0:0
3738329	TX_ANT	ff	356:0:10:23:166
3738329	PKT	0:235:212500:356:390528:0:0
3739329	TX_ANT	ff	352:0:10:24:134
3739329	PKT	0:235:216161:352:388477:0:0
[VISION][STATUS] FPS=32 | mavi=— kirmizi=— | tespit=BEKLİYOR | kuyruk=0
3740329	TX_ANT	ff	338:0:10:25:205
3740329	PKT	0:225:204861:338:371185:0:0
3741329	TX_ANT	ff	352:0:10:21:213
3741329	PKT	0:235:209906:352:382222:0:0
3742329	TX_ANT	ff	370:0:10:20:184
3742329	PKT	0:245:222937:370:406957:0:0
3743329	TX_ANT	ff	345:0:10:21:237
3743329	PKT	0:228:205238:345:377358:0:0
3744329	TX_ANT	ff	352:0:9:19:108
3744329	PKT	0:235:210799:352:383115:0:0
[VISION][STATUS] FPS=33 | mavi=— kirmizi=— | tespit=BEKLİYOR | kuyruk=0
3745329	TX_ANT	ff	360:0:9:20:212
3745329	PKT	0:239:222230:360:400370:0:0
3746330	TX_ANT	ff	326:0:10:20:122
3746330	PKT	0:217:192652:326:353040:0:0
3747329	TX_ANT	ff	350:0:10:20:194
3747329	PKT	0:233:208929:350:381189:0:0
3748329	TX_ANT	ff	337:0:9:19:97
3748329	PKT	0:224:199137:337:365433:0:0
3749329	TX_ANT	ff	327:0:9:19:124
3749329	PKT	0:218:190168:327:350584:0:0
[VISION][STATUS] FPS=33 | mavi=— kirmizi=— | tespit=BEKLİYOR | kuyruk=0
3750329	TX_ANT	ff	357:0:9:19:130
3750329	PKT	0:236:210892:357:388948:0:0
3751329	TX_ANT	ff	328:0:9:21:249
3751329	PKT	0:219:194003:328:354447:0:0
3752329	TX_ANT	ff	344:0:10:20:205
3752329	PKT	0:227:204523:344:376615:0:0
3753329	TX_ANT	ff	317:0:10:22:130
3753329	PKT	0:212:184656:317:339192:0:0
3754329	TX_ANT	ff	349:0:9:21:226
3754329	PKT	0:232:208845:349:381077:0:0
[VISION][STATUS] FPS=32 | mavi=— kirmizi=— | tespit=BEKLİYOR | kuyruk=0
3755332	TX_ANT	ff	340:0:10:19:88
3755332	PKT	0:227:200359:340:366739:0:0
3756329	TX_ANT	ff	346:0:10:19:105
3756329	PKT	0:229:202332:346:374480:0:0
3757329	TX_ANT	ff	345:0:10:20:174
3757329	PKT	0:228:209966:345:382086:0:0
3758329	TX_ANT	ff	338:0:10:21:138
3758329	PKT	0:225:200269:338:366593:0:0
3759329	TX_ANT	ff	341:0:10:20:94
3759329	PKT	0:228:206863:341:373271:0:0
[VISION][STATUS] FPS=32 | mavi=— kirmizi=— | tespit=BEKLİYOR | kuyruk=0
3760329	TX_ANT	ff	336:0:9:19:124
3760329	PKT	0:223:197975:336:364243:0:0
3761330	TX_ANT	ff	349:0:9:19:105
3761330	PKT	0:232:210112:349:382344:0:0
3762329	TX_ANT	ff	383:0:10:19:155
3762329	PKT	0:254:239976:383:429960:0:0
3763329	TX_ANT	ff	431:0:10:19:146
3763329	PKT	0:286:284259:431:497987:0:0
3764330	TX_ANT	ff	457:0:10:17:133
3764330	PKT	0:304:309262:457:534918:0:0
[VISION][STATUS] FPS=32 | mavi=— kirmizi=— | tespit=BEKLİYOR | kuyruk=0
3765329	TX_ANT	ff	476:0:9:18:164
3765329	PKT	0:319:331452:476:563240:0:0
3766330	TX_ANT	ff	476:0:9:20:202
3766330	PKT	0:315:322283:476:559671:0:0
3767329	TX_ANT	ff	473:0:10:34:1136
3767329	PKT	0:316:323054:473:554758:0:0
3768329	TX_ANT	ff	468:0:10:18:383
3768329	PKT	0:311:318680:468:550244:0:0
3769329	TX_ANT	ff	493:0:10:18:300
3769329	PKT	0:328:342566:493:586030:0:0
[VISION][STATUS] FPS=32 | mavi=— kirmizi=— | tespit=BEKLİYOR | kuyruk=0
3770329	TX_ANT	ff	407:0:10:18:127
3770329	PKT	0:270:262329:407:464185:0:0
3771329	TX_ANT	ff	412:0:10:18:129
3771329	PKT	0:275:272434:412:474430:0:0
3772329	TX_ANT	ff	417:0:10:18:138
3772329	PKT	0:276:272923:417:480659:0:0
3773329	TX_ANT	ff	326:0:10:20:152
3773329	PKT	0:217:190674:326:351062:0:0
3774329	TX_ANT	ff	329:0:10:18:90
3774329	PKT	0:220:196224:329:356696:0:0
[VISION][STATUS] FPS=32 | mavi=— kirmizi=— | tespit=BEKLİYOR | kuyruk=0
3775329	TX_ANT	ff	286:0:10:25:157
3775329	PKT	0:189:147626:286:290094:0:0
3776329	TX_ANT	ff	255:0:10:20:85
3776329	PKT	0:170:117334:255:242134:0:0
3777329	TX_ANT	ff	283:0:10:21:173
3777329	PKT	0:186:145508:283:287892:0:0
3778329	TX_ANT	ff	296:0:10:21:135
3778329	PKT	0:199:166397:296:309145:0:0
3779329	TX_ANT	ff	298:0:9:17:76
3779329	PKT	0:197:162788:298:311192:0:0
[VISION][STATUS] FPS=32 | mavi=— kirmizi=— | tespit=BEKLİYOR | kuyruk=0
3780330	TX_ANT	ff	292:0:9:20:127
3780330	PKT	0:195:157222:292:299858:0:0
3781329	TX_ANT	ff	273:0:10:21:123
3781329	PKT	0:180:139356:273:275860:0:0
3782329	TX_ANT	ff	293:0:10:20:84
3782329	PKT	0:196:158645:293:301309:0:0
3783329	TX_ANT	ff	306:0:10:20:118
3783329	PKT	0:201:161724:306:315952:0:0
3784329	TX_ANT	ff	301:0:10:20:128
3784329	PKT	0:200:155508:301:303996:0:0
[VISION][STATUS] FPS=32 | mavi=— kirmizi=— | tespit=BEKLİYOR | kuyruk=0
3785329	TX_ANT	ff	270:0:10:26:834
3785329	PKT	0:181:137981:270:268801:0:0
3786329	TX_ANT	ff	274:0:9:21:108
3786329	PKT	0:181:135862:274:272394:0:0
3787329	TX_ANT	ff	279:0:9:20:178
3787329	PKT	0:186:141138:279:277810:0:0
3788330	TX_ANT	ff	311:0:9:19:108
3788330	PKT	0:206:168284:311:322652:0:0
3789329	TX_ANT	ff	290:0:10:20:108
3789329	PKT	0:193:156518:290:299098:0:0
[VISION][STATUS] FPS=32 | mavi=— kirmizi=— | tespit=BEKLİYOR | kuyruk=0
3790329	TX_ANT	ff	275:0:10:20:111
3790329	PKT	0:182:141388:275:277948:0:0
3791329	TX_ANT	ff	349:0:10:21:167
3791329	PKT	0:232:205556:349:377788:0:0
3792329	TX_ANT	ff	330:0:9:18:126
3792329	PKT	0:221:194135:330:354635:0:0
3793329	TX_ANT	ff	310:0:10:20:85
3793329	PKT	0:205:170518:310:324858:0:0
3794330	TX_ANT	ff	301:0:10:20:115
3794330	PKT	0:200:163373:301:311861:0:0
[VISION][STATUS] FPS=32 | mavi=— kirmizi=— | tespit=BEKLİYOR | kuyruk=0
3795329	TX_ANT	ff	377:0:10:20:158
3795329	PKT	0:252:237290:377:421506:0:0
3796329	TX_ANT	ff	262:0:10:21:128
3796329	PKT	0:173:123191:262:253787:0:0
3797330	TX_ANT	ff	292:0:10:21:102
3797330	PKT	0:195:158075:292:300711:0:0
3798329	TX_ANT	ff	260:0:10:21:82
3798329	PKT	0:171:121464:260:252004:0:0
3799329	TX_ANT	ff	288:0:9:20:163
3799329	PKT	0:191:149409:288:291933:0:0
[VISION][STATUS] FPS=32 | mavi=— kirmizi=— | tespit=BEKLİYOR | kuyruk=0
3800329	TX_ANT	ff	258:0:10:21:157
3800329	PKT	0:173:121934:258:246818:0:0
3801329	TX_ANT	ff	252:0:9:22:85
3801329	PKT	0:167:115786:252:240502:0:0
3802329	TX_ANT	ff	241:0:10:23:88
3802329	PKT	0:160:108863:241:227671:0:0
3803329	TX_ANT	ff	262:0:10:21:144
3803329	PKT	0:173:128573:262:259169:0:0
3804329	TX_ANT	ff	292:0:10:20:92
3804329	PKT	0:195:154222:292:296858:0:0
[VISION][STATUS] FPS=32 | mavi=— kirmizi=— | tespit=BEKLİYOR | kuyruk=0
3805329	TX_ANT	ff	262:0:10:21:115
3805329	PKT	0:173:130703:262:261299:0:0
3806329	TX_ANT	ff	269:0:9:20:171
3806329	PKT	0:180:135065:269:265857:0:0
3807329	TX_ANT	ff	266:0:9:20:93
3807329	PKT	0:177:131368:266:262076:0:0
3808329	TX_ANT	ff	271:0:10:21:106
3808329	PKT	0:178:130978:271:267426:0:0
3809329	TX_ANT	ff	266:0:10:21:100
3809329	PKT	0:177:129996:266:260704:0:0
[VISION][STATUS] FPS=32 | mavi=— kirmizi=— | tespit=BEKLİYOR | kuyruk=0
3810329	TX_ANT	ff	268:0:10:21:121
3810329	PKT	0:179:135575:268:266339:0:0
3811329	TX_ANT	ff	264:0:10:20:90
3811329	PKT	0:175:128681:264:259333:0:0
3812329	TX_ANT	ff	256:0:10:21:89
3812329	PKT	0:171:126385:256:251213:0:0
3813329	TX_ANT	ff	264:0:10:21:90
3813329	PKT	0:175:131339:264:261991:0:0
3814329	TX_ANT	ff	265:0:10:21:128
3814329	PKT	0:176:134412:265:265092:0:0
[VISION][STATUS] FPS=32 | mavi=— kirmizi=— | tespit=BEKLİYOR | kuyruk=0
3815329	TX_ANT	ff	277:0:10:21:119
3815329	PKT	0:184:138210:277:274826:0:0
3816329	TX_ANT	ff	250:0:10:23:265
3816329	PKT	0:165:116014:250:240674:0:0
3817329	TX_ANT	ff	264:0:9:22:117
3817329	PKT	0:175:132562:264:263214:0:0
3818329	TX_ANT	ff	245:0:10:22:150
3818329	PKT	0:164:119217:245:238137:0:0
3819329	TX_ANT	ff	262:0:10:24:258
3819329	PKT	0:173:123603:262:254199:0:0
[VISION][STATUS] FPS=32 | mavi=— kirmizi=— | tespit=BEKLİYOR | kuyruk=0
3820329	TX_ANT	ff	268:0:10:22:133
3820329	PKT	0:179:135974:268:266738:0:0
3821329	TX_ANT	ff	265:0:10:21:149
3821329	PKT	0:176:132601:265:263281:0:0
3822330	TX_ANT	ff	260:0:9:22:129
3822330	PKT	0:171:120450:260:250990:0:0
3823329	TX_ANT	ff	267:0:10:24:123
3823329	PKT	0:178:133898:267:264634:0:0
3824329	TX_ANT	ff	274:0:10:26:297
3824329	PKT	0:181:134714:274:271246:0:0
[VISION][STATUS] FPS=32 | mavi=— kirmizi=— | tespit=BEKLİYOR | kuyruk=0
3825330	TX_ANT	ff	248:0:9:24:211
3825330	PKT	0:167:121225:248:240229:0:0
3826330	TX_ANT	ff	275:0:10:23:223
3826330	PKT	0:182:139624:275:276184:0:0
3827331	TX_ANT	ff	262:0:10:24:182
3827331	PKT	0:173:132284:262:262880:0:0
3828329	TX_ANT	ff	264:0:10:24:175
3828329	PKT	0:175:133255:264:263907:0:0
3829330	TX_ANT	ff	264:0:10:24:162
3829330	PKT	0:175:136074:264:266726:0:0
[VISION][STATUS] FPS=32 | mavi=— kirmizi=— | tespit=BEKLİYOR | kuyruk=0
3830330	TX_ANT	ff	258:0:9:20:88
3830330	PKT	0:173:128175:258:253059:0:0
3831329	TX_ANT	ff	255:0:10:21:116
3831329	PKT	0:170:124444:255:249244:0:0
3832329	TX_ANT	ff	271:0:9:20:114
3832329	PKT	0:178:129503:271:265951:0:0
3833330	TX_ANT	ff	265:0:9:19:81
3833330	PKT	0:176:129587:265:260267:0:0
3834329	TX_ANT	ff	266:0:10:21:131
3834329	PKT	0:177:133980:266:264688:0:0
[VISION][STATUS] FPS=32 | mavi=— kirmizi=— | tespit=BEKLİYOR | kuyruk=0
3835329	TX_ANT	ff	263:0:10:22:170
3835329	PKT	0:174:125089:263:255713:0:0
3836329	TX_ANT	ff	271:0:10:27:181
3836329	PKT	0:182:140916:271:271764:0:0
3837329	TX_ANT	ff	273:0:10:24:187
3837329	PKT	0:180:141418:273:277922:0:0
3838329	TX_ANT	ff	265:0:10:24:136
3838329	PKT	0:177:135943:265:266563:0:0
3839329	TX_ANT	ff	302:0:10:23:109
3839329	PKT	0:201:167204:302:315720:0:0
[VISION][STATUS] FPS=32 | mavi=— kirmizi=— | tespit=BEKLİYOR | kuyruk=0
3840329	TX_ANT	ff	336:0:10:19:89
3840329	PKT	0:223:192935:336:359203:0:0
3841329	TX_ANT	ff	350:0:10:21:359
3841329	PKT	0:233:216448:350:388708:0:0
3842329	TX_ANT	ff	363:0:10:20:148
3842329	PKT	0:242:226879:363:405103:0:0
3843329	TX_ANT	ff	335:0:10:19:97
3843329	PKT	0:222:199045:335:365285:0:0
3844330	TX_ANT	ff	324:0:10:20:128
3844330	PKT	0:215:184957:324:345289:0:0
[VISION][STATUS] FPS=32 | mavi=— kirmizi=— | tespit=BEKLİYOR | kuyruk=0
3845329	TX_ANT	ff	315:0:10:19:150
3845329	PKT	0:210:181777:315:336257:0:0
3846329	TX_ANT	ff	297:0:10:19:127
3846329	PKT	0:196:160775:297:309151:0:0
3847329	TX_ANT	ff	281:0:10:26:405
3847329	PKT	0:188:151487:281:288215:0:0
3848329	TX_ANT	ff	302:0:10:23:251
3848329	PKT	0:201:163092:302:311608:0:0
3849329	TX_ANT	ff	283:0:10:25:211
3849329	PKT	0:186:144763:283:287147:0:0
[VISION][STATUS] FPS=32 | mavi=— kirmizi=— | tespit=BEKLİYOR | kuyruk=0
3850329	TX_ANT	ff	280:0:10:25:132
3850329	PKT	0:187:146070:280:282770:0:0
3851329	TX_ANT	ff	290:0:10:22:86
3851329	PKT	0:193:157762:290:300342:0:0
3852329	TX_ANT	ff	303:0:10:20:123
3852329	PKT	0:202:172419:303:320963:0:0
3853329	TX_ANT	ff	380:0:10:20:162
3853329	PKT	0:251:237105:380:427005:0:0
3854329	TX_ANT	ff	327:0:10:19:98
3854329	PKT	0:218:192976:327:353392:0:0
[VISION][STATUS] FPS=32 | mavi=— kirmizi=— | tespit=BEKLİYOR | kuyruk=0
3855329	TX_ANT	ff	377:0:9:19:106
3855329	PKT	0:252:241227:377:425443:0:0
3856329	TX_ANT	ff	404:0:10:19:124
3856329	PKT	0:267:260589:404:462361:0:0
3857329	TX_ANT	ff	376:0:10:20:148
3857329	PKT	0:251:238471:376:422659:0:0
3858329	TX_ANT	ff	371:0:10:20:136
3858329	PKT	0:246:226841:371:410889:0:0
3859329	TX_ANT	ff	346:0:9:20:173
3859329	PKT	0:229:204890:346:377038:0:0
[VISION][STATUS] FPS=32 | mavi=— kirmizi=— | tespit=BEKLİYOR | kuyruk=0
3860329	TX_ANT	ff	317:0:9:20:262
3860329	PKT	0:212:179992:317:334528:0:0
3861330	TX_ANT	ff	325:0:10:19:106
3861330	PKT	0:216:184894:325:345254:0:0
3862329	TX_ANT	ff	316:0:10:20:121
3862329	PKT	0:211:185035:316:339543:0:0
3863329	TX_ANT	ff	373:0:9:20:250
3863329	PKT	0:248:235952:373:420056:0:0
3864329	TX_ANT	ff	366:0:10:22:105
3864329	PKT	0:241:216746:366:400654:0:0
[VISION][STATUS] FPS=32 | mavi=(80,93) kirmizi=— | tespit=BEKLİYOR | kuyruk=0
3865329	TX_ANT	ff	379:0:10:23:112
3865329	PKT	0:254:239535:379:423791:0:0
3866329	TX_ANT	ff	445:0:10:19:264
3866329	PKT	0:296:299313:445:519033:0:0
3867329	TX_ANT	ff	314:0:10:23:590
3867329	PKT	0:209:176207:314:328163:0:0
3868329	TX_ANT	ff	274:0:9:20:93
3868329	PKT	0:181:140643:274:274867:0:0
3869329	TX_ANT	ff	441:0:10:18:183
3869329	PKT	0:292:291468:441:511076:0:0
[VISION][STATUS] FPS=32 | mavi=— kirmizi=— | tespit=BEKLİYOR | kuyruk=0
3870329	TX_ANT	ff	330:0:10:20:186
3870329	PKT	0:221:197056:330:357556:0:0
3871329	TX_ANT	ff	314:0:9:20:131
3871329	PKT	0:209:172469:314:326921:0:0
3872330	TX_ANT	ff	319:0:10:19:124
3872330	PKT	0:210:174036:319:334228:0:0
3873330	TX_ANT	ff	272:0:10:21:108
3873330	PKT	0:183:143769:272:274645:0:0
3874332	TX_ANT	ff	319:0:9:19:91
3874332	PKT	0:210:178677:319:338869:0:0
[VISION][STATUS] FPS=32 | mavi=— kirmizi=— | tespit=BEKLİYOR | kuyruk=0
3875329	TX_ANT	ff	302:0:10:20:98
3875329	PKT	0:201:166076:302:314592:0:0
3876329	TX_ANT	ff	353:0:10:19:110
3876329	PKT	0:236:217492:353:389836:0:0
3877329	TX_ANT	ff	383:0:10:23:395
3877329	PKT	0:254:243106:383:433090:0:0
3878329	TX_ANT	ff	339:0:9:21:136
3878329	PKT	0:226:202926:339:369278:0:0
3879332	TX_ANT	ff	332:0:9:20:118
3879332	PKT	0:219:191552:332:357708:0:0
[VISION][STATUS] FPS=32 | mavi=— kirmizi=— | tespit=BEKLİYOR | kuyruk=0
3880330	TX_ANT	ff	326:0:10:21:309
3880330	PKT	0:217:185438:326:345826:0:0
3881329	TX_ANT	ff	275:0:10:20:124
3881329	PKT	0:182:140545:275:277105:0:0
3882329	TX_ANT	ff	271:0:10:21:104
3882329	PKT	0:182:144689:271:275537:0:0
3883329	TX_ANT	ff	265:0:10:22:111
3883329	PKT	0:176:136410:265:267090:0:0
3884329	TX_ANT	ff	283:0:10:22:137
3884329	PKT	0:186:145799:283:288183:0:0
3885330	TX_ANT	ff	291:0:10:21:151
3885330	PKT	0:194:152962:291:295570:0:0
[VISION][STATUS] FPS=32 | mavi=— kirmizi=— | tespit=BEKLİYOR | kuyruk=0
3886331	TX_ANT	ff	301:0:10:20:127
3886331	PKT	0:200:167736:301:316224:0:0
3887330	TX_ANT	ff	293:0:10:20:110
3887330	PKT	0:196:162536:293:305200:0:0
3888330	TX_ANT	ff	336:0:10:24:169
3888330	PKT	0:223:196830:336:363098:0:0
3889329	TX_ANT	ff	299:0:10:23:150
3889329	PKT	0:198:170279:299:318711:0:0
3890329	TX_ANT	ff	315:0:10:25:155
3890329	PKT	0:210:179476:315:333956:0:0
[VISION][STATUS] FPS=32 | mavi=— kirmizi=— | tespit=BEKLİYOR | kuyruk=0
3891330	TX_ANT	ff	302:0:10:26:168
3891330	PKT	0:201:173926:302:322442:0:0
3892332	TX_ANT	ff	332:0:10:25:339
3892332	PKT	0:219:190913:332:357069:0:0
3893329	TX_ANT	ff	293:0:10:21:125
3893329	PKT	0:196:159896:293:302560:0:0
3894329	TX_ANT	ff	300:0:10:21:142
3894329	PKT	0:199:161451:300:309911:0:0
3895329	TX_ANT	ff	304:0:10:20:89
3895329	PKT	0:203:169053:304:317625:0:0
[VISION][STATUS] FPS=32 | mavi=— kirmizi=— | tespit=BEKLİYOR | kuyruk=0
3896329	TX_ANT	ff	343:0:9:20:167
3896329	PKT	0:226:203937:343:376001:0:0
3897329	TX_ANT	ff	433:0:10:19:145
3897329	PKT	0:288:284913:433:498697:0:0
3898329	TX_ANT	ff	387:0:9:19:111
3898329	PKT	0:258:247222:387:437318:0:0
3899329	TX_ANT	ff	371:0:10:21:196
3899329	PKT	0:246:232848:371:416896:0:0
3900329	TX_ANT	ff	339:0:10:21:310
3900329	PKT	0:226:200305:339:366657:0:0
[VISION][STATUS] FPS=32 | mavi=— kirmizi=— | tespit=BEKLİYOR | kuyruk=0
3901329	TX_ANT	ff	353:0:9:22:402
3901329	PKT	0:236:218045:353:390389:0:0
3902330	TX_ANT	ff	346:0:10:20:115
3902330	PKT	0:229:205376:346:377524:0:0
3903329	TX_ANT	ff	324:0:9:19:107
3903329	PKT	0:215:192724:324:353056:0:0
3904329	TX_ANT	ff	327:0:9:19:109
3904329	PKT	0:218:190551:327:350967:0:0
3905329	TX_ANT	ff	360:0:9:19:141
3905329	PKT	0:239:219758:360:397898:0:0
[VISION][STATUS] FPS=32 | mavi=— kirmizi=— | tespit=BEKLİYOR | kuyruk=0
3906329	TX_ANT	ff	338:0:10:20:126
3906329	PKT	0:225:199073:338:365397:0:0
3907329	TX_ANT	ff	339:0:10:21:122
3907329	PKT	0:226:204425:339:370777:0:0
3908329	TX_ANT	ff	360:0:10:36:3692
3908329	PKT	0:239:223921:360:402061:0:0
3909329	TX_ANT	ff	358:0:10:19:112
3909329	PKT	0:237:219327:358:397411:0:0
3910329	TX_ANT	ff	365:0:9:19:144
3910329	PKT	0:244:226465:365:404745:0:0
[VISION][STATUS] FPS=32 | mavi=— kirmizi=— | tespit=BEKLİYOR | kuyruk=0
3911329	TX_ANT	ff	369:0:10:20:162
3911329	PKT	0:244:223858:369:407850:0:0
3912330	TX_ANT	ff	360:0:10:20:153
3912330	PKT	0:239:219263:360:397403:0:0
3913329	TX_ANT	ff	347:0:10:20:138
3913329	PKT	0:230:203829:347:376005:0:0
3914329	TX_ANT	ff	349:0:9:20:191
3914329	PKT	0:232:215249:349:387481:0:0
3915329	TX_ANT	ff	401:0:10:22:149
3915329	PKT	0:268:263665:401:459753:0:0
[VISION][STATUS] FPS=32 | mavi=— kirmizi=— | tespit=BEKLİYOR | kuyruk=0
3916329	TX_ANT	ff	340:0:10:22:269
3916329	PKT	0:227:201836:340:368216:0:0
3917329	TX_ANT	ff	337:0:10:21:200
3917329	PKT	0:224:199237:337:365533:0:0
3918330	TX_ANT	ff	297:0:10:30:1218
3918330	PKT	0:196:165314:297:313690:0:0
3919331	TX_ANT	ff	322:0:10:21:192
3919331	PKT	0:213:183530:322:343806:0:0
3920329	TX_ANT	ff	414:0:10:24:334
3920329	PKT	0:277:273266:414:475318:0:0
[VISION][STATUS] FPS=32 | mavi=— kirmizi=— | tespit=BEKLİYOR | kuyruk=0
3921329	TX_ANT	ff	361:0:10:23:414
3921329	PKT	0:240:207130:361:385298:0:0
3922329	TX_ANT	ff	453:0:10:18:167
3922329	PKT	0:300:308422:453:533966:0:0
3923329	TX_ANT	ff	496:0:10:19:204
3923329	PKT	0:331:349122:496:592670:0:0
3924331	TX_ANT	ff	507:0:10:18:214
3924331	PKT	0:338:358822:507:608278:0:0
3925329	TX_ANT	ff	504:0:10:18:223
3925329	PKT	0:335:356681:504:606053:0:0
[VISION][STATUS] FPS=32 | mavi=— kirmizi=— | tespit=BEKLİYOR | kuyruk=0
3926330	TX_ANT	ff	494:0:10:19:220
3926330	PKT	0:329:345677:494:589169:0:0
3927329	TX_ANT	ff	428:0:10:18:122
3927329	PKT	0:283:280869:428:494513:0:0
3928329	TX_ANT	ff	458:0:10:18:216
3928329	PKT	0:305:318389:458:544073:0:0
3929329	TX_ANT	ff	520:0:10:17:201
3929329	PKT	0:347:365634:520:621054:0:0
3930329	TX_ANT	ff	500:0:10:18:213
3930329	PKT	0:331:351094:500:600354:0:0
[VISION][STATUS] FPS=32 | mavi=— kirmizi=— | tespit=BEKLİYOR | kuyruk=0
3931329	TX_ANT	ff	512:0:10:17:146
3931329	PKT	0:343:365669:512:615265:0:0
3932329	TX_ANT	ff	534:0:10:16:188
3932329	PKT	0:353:381005:534:648017:0:0
3933329	TX_ANT	ff	505:0:9:17:184
3933329	PKT	0:336:357237:505:606637:0:0
3934329	TX_ANT	ff	424:0:9:18:234
3934329	PKT	0:283:278971:424:486903:0:0
3935329	TX_ANT	ff	430:0:9:17:199
3935329	PKT	0:285:289401:430:503101:0:0
[VISION][STATUS] FPS=32 | mavi=— kirmizi=— | tespit=BEKLİYOR | kuyruk=0
3936329	TX_ANT	ff	545:0:10:17:315
3936329	PKT	0:364:395782:545:663102:0:0
3937329	TX_ANT	ff	502:0:10:18:258
3937329	PKT	0:333:348315:502:597631:0:0
3938329	TX_ANT	ff	517:0:10:17:227
3938329	PKT	0:344:366838:517:622174:0:0
3939329	TX_ANT	ff	507:0:10:19:241
3939329	PKT	0:338:360117:507:609573:0:0
3940329	TX_ANT	ff	496:0:10:19:279
3940329	PKT	0:331:352756:496:596304:0:0
[VISION][STATUS] FPS=32 | mavi=(266,9) kirmizi=— | tespit=BEKLİYOR | kuyruk=0
3941329	TX_ANT	ff	529:0:10:20:627
3941329	PKT	0:352:379590:529:640862:0:0
3942329	TX_ANT	ff	465:0:10:19:182
3942329	PKT	0:308:314508:465:545988:0:0
3943329	TX_ANT	ff	401:0:10:17:112
3943329	PKT	0:268:265232:401:461320:0:0
3944329	TX_ANT	ff	466:0:10:18:167
3944329	PKT	0:309:315995:466:547503:0:0
3945329	TX_ANT	ff	519:0:10:18:306
3945329	PKT	0:346:365677:519:621069:0:0
[VISION][STATUS] FPS=32 | mavi=— kirmizi=— | tespit=BEKLİYOR | kuyruk=0
3946329	TX_ANT	ff	465:0:10:18:213
3946329	PKT	0:308:319246:465:550726:0:0
3947329	TX_ANT	ff	474:0:9:17:193
3947329	PKT	0:317:326973:474:558705:0:0
3948330	TX_ANT	ff	454:0:10:17:146
3948330	PKT	0:301:309884:454:535456:0:0
3949329	TX_ANT	ff	460:0:10:20:303
3949329	PKT	0:307:311459:460:537199:0:0
3950329	TX_ANT	ff	490:0:10:18:366
3950329	PKT	0:325:338481:490:581861:0:0
[VISION][STATUS] FPS=32 | mavi=(476,425) kirmizi=— | tespit=BEKLİYOR | kuyruk=0
3951329	TX_ANT	ff	470:0:9:17:122
3951329	PKT	0:313:318054:470:549674:0:0
3952329	TX_ANT	ff	446:0:10:17:206
3952329	PKT	0:297:303713:446:523461:0:0
3953329	TX_ANT	ff	446:0:9:19:158
3953329	PKT	0:297:300562:446:520310:0:0
3954329	TX_ANT	ff	463:0:10:17:219
3954329	PKT	0:306:315755:463:547179:0:0
3955329	TX_ANT	ff	448:0:10:17:196
3955329	PKT	0:299:304579:448:524383:0:0
[VISION][STATUS] FPS=32 | mavi=(469,424) kirmizi=— | tespit=BEKLİYOR | kuyruk=0
3956329	TX_ANT	ff	455:0:10:17:197
3956329	PKT	0:302:310554:455:536154:0:0
3957329	TX_ANT	ff	437:0:10:18:284
3957329	PKT	0:292:292332:437:506228:0:0
3958329	TX_ANT	ff	480:0:9:18:264
3958329	PKT	0:319:331664:480:569164:0:0
3959329	TX_ANT	ff	477:0:10:19:207
3959329	PKT	0:316:331953:477:569369:0:0
3960330	TX_ANT	ff	459:0:10:17:117
3960330	PKT	0:306:307002:459:532714:0:0
[VISION][STATUS] FPS=32 | mavi=— kirmizi=— | tespit=BEKLİYOR | kuyruk=0
3961330	TX_ANT	ff	449:0:9:21:507
3961330	PKT	0:300:296642:449:516474:0:0
3962329	TX_ANT	ff	501:0:10:19:173
3962329	PKT	0:332:346914:501:596202:0:0
3963330	TX_ANT	ff	486:0:10:16:111
3963330	PKT	0:325:345497:486:583165:0:0
3964330	TX_ANT	ff	490:0:10:16:153
3964330	PKT	0:325:338089:490:581469:0:0
3965329	TX_ANT	ff	454:0:10:16:94
3965329	PKT	0:301:298002:454:523574:0:0
[VISION][STATUS] FPS=32 | mavi=— kirmizi=— | tespit=BEKLİYOR | kuyruk=0
3966329	TX_ANT	ff	448:0:9:18:160
3966329	PKT	0:299:300522:448:520326:0:0
3967329	TX_ANT	ff	471:0:10:18:200
3967329	PKT	0:314:330151:471:561799:0:0
3968329	TX_ANT	ff	488:0:10:18:171
3968329	PKT	0:323:335877:488:579201:0:0
3969329	TX_ANT	ff	496:0:10:19:350
3969329	PKT	0:331:346295:496:589843:0:0
3970330	TX_ANT	ff	455:0:10:23:492
3970330	PKT	0:302:304629:455:530229:0:0
[VISION][STATUS] FPS=32 | mavi=— kirmizi=— | tespit=BEKLİYOR | kuyruk=0
3971329	TX_ANT	ff	468:0:9:21:275
3971329	PKT	0:311:318412:468:549976:0:0
3972329	TX_ANT	ff	433:0:10:21:251
3972329	PKT	0:288:283802:433:497586:0:0
3973329	TX_ANT	ff	447:0:10:21:226
3973329	PKT	0:298:300769:447:520545:0:0
3974329	TX_ANT	ff	433:0:10:23:247
3974329	PKT	0:288:296425:433:510209:0:0
3975329	TX_ANT	ff	431:0:10:20:147
3975329	PKT	0:286:290255:431:503983:0:0
[VISION][STATUS] FPS=32 | mavi=— kirmizi=— | tespit=BEKLİYOR | kuyruk=0
3976329	TX_ANT	ff	420:0:10:20:109
3976329	PKT	0:279:278627:420:486447:0:0
3977330	TX_ANT	ff	416:0:10:17:152
3977330	PKT	0:279:283561:416:485669:0:0
3978329	TX_ANT	ff	431:0:10:18:205
3978329	PKT	0:286:283624:431:497352:0:0
3979329	TX_ANT	ff	467:0:10:18:146
3979329	PKT	0:310:317648:467:549184:0:0
3980329	TX_ANT	ff	425:0:9:18:247
3980329	PKT	0:284:285722:425:493682:0:0
[VISION][STATUS] FPS=32 | mavi=— kirmizi=— | tespit=BEKLİYOR | kuyruk=0
3981329	TX_ANT	ff	466:0:9:19:192
3981329	PKT	0:309:318327:466:549835:0:0
3982329	TX_ANT	ff	421:0:10:16:166
3982329	PKT	0:280:276642:421:484490:0:0
3983329	TX_ANT	ff	405:0:10:19:270
3983329	PKT	0:268:262360:405:464160:0:0
3984329	TX_ANT	ff	387:0:9:19:135
3984329	PKT	0:258:251288:387:441384:0:0
3985329	TX_ANT	ff	400:0:10:20:346
3985329	PKT	0:267:258459:400:454519:0:0
[VISION][STATUS] FPS=32 | mavi=— kirmizi=— | tespit=BEKLİYOR | kuyruk=0
3986330	TX_ANT	ff	419:0:10:20:273
3986330	PKT	0:278:272974:419:480766:0:0
3987329	TX_ANT	ff	407:0:9:20:158
3987329	PKT	0:270:266052:407:467908:0:0
3988332	TX_ANT	ff	434:0:10:24:312
3988332	PKT	0:289:289204:434:503016:0:0
3989332	TX_ANT	ff	434:0:10:25:380
3989332	PKT	0:289:285748:434:499560:0:0
3990329	TX_ANT	ff	432:0:10:25:285
3990329	PKT	0:287:285390:432:499146:0:0
[VISION][STATUS] FPS=32 | mavi=— kirmizi=— | tespit=BEKLİYOR | kuyruk=0
3991329	TX_ANT	ff	437:0:10:22:284
3991329	PKT	0:292:290529:437:504425:0:0
3992329	TX_ANT	ff	439:0:10:25:393
3992329	PKT	0:290:290873:439:510425:0:0
3993329	TX_ANT	ff	414:0:10:22:298
3993329	PKT	0:277:275234:414:477286:0:0
3994329	TX_ANT	ff	434:0:10:21:178
3994329	PKT	0:289:289062:434:502874:0:0
3995329	TX_ANT	ff	421:0:10:22:163
3995329	PKT	0:280:274266:421:482114:0:0
[VISION][STATUS] FPS=32 | mavi=— kirmizi=— | tespit=BEKLİYOR | kuyruk=0
3996329	TX_ANT	ff	442:0:10:23:243
3996329	PKT	0:293:293702:442:513338:0:0
3997329	TX_ANT	ff	431:0:10:20:75
3997329	PKT	0:286:280973:431:494701:0:0
3998329	TX_ANT	ff	378:0:10:24:273
3998329	PKT	0:253:250663:378:434907:0:0
3999329	TX_ANT	ff	392:0:10:23:258
3999329	PKT	0:259:254062:392:449898:0:0
4000329	TX_ANT	ff	377:0:9:22:205
4000329	PKT	0:252:246071:377:430287:0:0
[VISION][STATUS] FPS=32 | mavi=— kirmizi=— | tespit=BEKLİYOR | kuyruk=0
4001332	TX_ANT	ff	380:0:10:21:239
4001332	PKT	0:252:249160:380:439000:0:0
4002329	TX_ANT	ff	396:0:9:17:158
4002329	PKT	0:263:262336:396:458284:0:0
4003329	TX_ANT	ff	375:0:9:17:151
4003329	PKT	0:250:245254:375:429414:0:0
4004329	TX_ANT	ff	377:0:10:18:190
4004329	PKT	0:252:247781:377:431997:0:0
4005329	TX_ANT	ff	384:0:10:18:136
4005329	PKT	0:255:253423:384:443435:0:0
[VISION][STATUS] FPS=32 | mavi=— kirmizi=— | tespit=BEKLİYOR | kuyruk=0
4006329	TX_ANT	ff	370:0:9:17:199
4006329	PKT	0:245:242225:370:426245:0:0
4007329	TX_ANT	ff	383:0:10:20:181
4007329	PKT	0:254:251080:383:441064:0:0
4008329	TX_ANT	ff	378:0:9:20:116
4008329	PKT	0:253:250806:378:435050:0:0
4009329	TX_ANT	ff	375:0:9:18:202
4009329	PKT	0:250:249106:375:433266:0:0
4010329	TX_ANT	ff	391:0:10:17:162
4010329	PKT	0:258:255964:391:451772:0:0
[VISION][STATUS] FPS=32 | mavi=— kirmizi=— | tespit=BEKLİYOR | kuyruk=0
4011329	TX_ANT	ff	385:0:10:22:831
4011329	PKT	0:256:253817:385:443857:0:0
4012329	TX_ANT	ff	377:0:10:18:112
4012329	PKT	0:252:248835:377:433051:0:0
4013330	TX_ANT	ff	395:0:9:19:356
4013330	PKT	0:262:250620:395:446540:0:0
4014329	TX_ANT	ff	423:0:9:22:343
4014329	PKT	0:282:283496:423:491400:0:0
4015329	TX_ANT	ff	404:0:10:23:301
4015329	PKT	0:267:253791:404:455563:0:0
[VISION][STATUS] FPS=32 | mavi=— kirmizi=— | tespit=BEKLİYOR | kuyruk=0
4016330	TX_ANT	ff	379:0:10:25:291
4016330	PKT	0:254:249274:379:433546:0:0
4017329	TX_ANT	ff	391:0:10:24:179
4017329	PKT	0:258:252099:391:447907:0:0
4018329	TX_ANT	ff	426:0:10:26:321
4018329	PKT	0:285:281930:426:489918:0:0
4019330	TX_ANT	ff	372:0:9:20:172
4019330	PKT	0:247:242632:372:426708:0:0
4020332	TX_ANT	ff	388:0:10:18:193
4020332	PKT	0:259:251180:388:441304:0:0
[VISION][STATUS] FPS=32 | mavi=— kirmizi=— | tespit=BEKLİYOR | kuyruk=0
4021329	TX_ANT	ff	394:0:10:19:153
4021329	PKT	0:261:250705:394:446597:0:0
4022329	TX_ANT	ff	395:0:10:18:153
4022329	PKT	0:262:254650:395:450570:0:0
4023329	TX_ANT	ff	396:0:10:19:267
4023329	PKT	0:263:258782:396:454730:0:0
4024329	TX_ANT	ff	389:0:9:19:159
4024329	PKT	0:260:252922:389:443074:0:0
4025329	TX_ANT	ff	423:0:10:21:365
4025329	PKT	0:282:279091:423:486995:0:0
[VISION][STATUS] FPS=32 | mavi=— kirmizi=— | tespit=BEKLİYOR | kuyruk=0
4026329	TX_ANT	ff	397:0:9:20:287
4026329	PKT	0:264:253049:397:449025:0:0
4027329	TX_ANT	ff	426:0:10:17:166
4027329	PKT	0:281:274695:426:488283:0:0
4028329	TX_ANT	ff	409:0:10:20:221
4028329	PKT	0:272:265059:409:466971:0:0
4029329	TX_ANT	ff	374:0:10:18:178
4029329	PKT	0:249:247699:374:431831:0:0
4030329	TX_ANT	ff	384:0:10:19:305
4030329	PKT	0:255:250867:384:440879:0:0
[VISION][STATUS] FPS=32 | mavi=— kirmizi=— | tespit=BEKLİYOR | kuyruk=0
4031329	TX_ANT	ff	386:0:10:22:831
4031329	PKT	0:257:251746:386:441814:0:0
4032329	TX_ANT	ff	365:0:9:20:157
4032329	PKT	0:244:240059:365:418339:0:0
4033330	TX_ANT	ff	406:0:10:19:231
4033330	PKT	0:269:262081:406:463909:0:0
4034329	TX_ANT	ff	377:0:10:18:113
4034329	PKT	0:252:245418:377:429634:0:0
4035331	TX_ANT	ff	458:0:10:17:124
4035331	PKT	0:305:308954:458:534638:0:0
[VISION][STATUS] FPS=32 | mavi=— kirmizi=— | tespit=BEKLİYOR | kuyruk=0
4036329	TX_ANT	ff	415:0:10:18:160
4036329	PKT	0:274:268305:415:475985:0:0
4037329	TX_ANT	ff	377:0:10:22:438
4037329	PKT	0:252:249679:377:433895:0:0
4038329	TX_ANT	ff	384:0:10:19:176
4038329	PKT	0:255:252066:384:442078:0:0
4039329	TX_ANT	ff	375:0:9:20:268
4039329	PKT	0:250:244296:375:428456:0:0
4040329	TX_ANT	ff	398:0:10:21:284
4040329	PKT	0:265:264044:398:460048:0:0
[VISION][STATUS] FPS=32 | mavi=(83,169) kirmizi=— | tespit=BEKLİYOR | kuyruk=0
4041329	TX_ANT	ff	415:0:10:23:304
4041329	PKT	0:274:266725:415:474405:0:0
4042329	TX_ANT	ff	422:0:10:23:322
4042329	PKT	0:281:268575:422:476451:0:0
4043329	TX_ANT	ff	435:0:10:16:153
4043329	PKT	0:290:284440:435:498280:0:0
4044329	TX_ANT	ff	411:0:10:19:163
4044329	PKT	0:274:269897:411:471865:0:0
4045329	TX_ANT	ff	371:0:10:17:86
4045329	PKT	0:246:243362:371:427410:0:0
[VISION][STATUS] FPS=32 | mavi=— kirmizi=— | tespit=BEKLİYOR | kuyruk=0
4046329	TX_ANT	ff	375:0:10:18:184
4046329	PKT	0:250:246893:375:431053:0:0
4047330	TX_ANT	ff	380:0:10:18:96
4047330	PKT	0:251:248262:380:438162:0:0
4048329	TX_ANT	ff	378:0:10:18:115
4048329	PKT	0:253:248921:378:433165:0:0
4049329	TX_ANT	ff	396:0:9:19:459
4049329	PKT	0:263:258516:396:454464:0:0
4050329	TX_ANT	ff	408:0:10:19:299
4050329	PKT	0:271:265306:408:467190:0:0
[VISION][STATUS] FPS=32 | mavi=— kirmizi=— | tespit=BEKLİYOR | kuyruk=0
4051329	TX_ANT	ff	435:0:10:22:392
4051329	PKT	0:290:291631:435:505471:0:0
4052329	TX_ANT	ff	404:0:10:20:172
4052329	PKT	0:267:258499:404:460271:0:0
4053329	TX_ANT	ff	434:0:10:18:192
4053329	PKT	0:289:288968:434:502780:0:0
4054329	TX_ANT	ff	493:0:10:18:471
4054329	PKT	0:328:346914:493:590378:0:0
4055329	TX_ANT	ff	425:0:10:19:476
4055329	PKT	0:284:281026:425:488986:0:0
[VISION][STATUS] FPS=32 | mavi=— kirmizi=— | tespit=BEKLİYOR | kuyruk=0
4056329	TX_ANT	ff	453:0:10:19:189
4056329	PKT	0:300:305409:453:530953:0:0
4057329	TX_ANT	ff	423:0:9:18:161
4057329	PKT	0:282:280803:423:488707:0:0
4058329	TX_ANT	ff	388:0:9:18:141
4058329	PKT	0:259:253372:388:443496:0:0
4059329	TX_ANT	ff	397:0:9:18:161
4059329	PKT	0:264:261532:397:457508:0:0
4060329	TX_ANT	ff	404:0:10:17:196
4060329	PKT	0:267:255894:404:457666:0:0
[VISION][STATUS] FPS=32 | mavi=— kirmizi=— | tespit=BEKLİYOR | kuyruk=0
4061329	TX_ANT	ff	407:0:10:17:217
4061329	PKT	0:270:258244:407:460100:0:0
4062329	TX_ANT	ff	378:0:9:19:189
4062329	PKT	0:253:249701:378:433945:0:0
4063329	TX_ANT	ff	405:0:9:18:166
4063329	PKT	0:268:258231:405:460031:0:0
4064329	TX_ANT	ff	412:0:10:19:204
4064329	PKT	0:275:267657:412:469653:0:0
4065329	TX_ANT	ff	374:0:10:19:195
4065329	PKT	0:249:244739:374:428871:0:0
[VISION][STATUS] FPS=32 | mavi=(83,167) kirmizi=— | tespit=BEKLİYOR | kuyruk=0
4066329	TX_ANT	ff	397:0:9:18:113
4066329	PKT	0:264:260821:397:456797:0:0
4067329	TX_ANT	ff	406:0:10:19:185
4067329	PKT	0:269:264720:406:466548:0:0
4068330	TX_ANT	ff	384:0:10:20:168
4068330	PKT	0:255:251326:384:441338:0:0
4069329	TX_ANT	ff	398:0:9:23:300
4069329	PKT	0:265:260681:398:456685:0:0
4070329	TX_ANT	ff	410:0:10:23:197
4070329	PKT	0:273:266325:410:468265:0:0
[VISION][STATUS] FPS=32 | mavi=— kirmizi=— | tespit=BEKLİYOR | kuyruk=0
4071329	TX_ANT	ff	389:0:10:27:281
4071329	PKT	0:260:251128:389:441280:0:0
4072330	TX_ANT	ff	392:0:10:21:398
4072330	PKT	0:259:255342:392:451178:0:0
4073332	TX_ANT	ff	389:0:10:18:207
4073332	PKT	0:260:257125:389:447277:0:0
4074332	TX_ANT	ff	407:0:10:17:121
4074332	PKT	0:270:260781:407:462637:0:0
4075331	TX_ANT	ff	409:0:9:17:130
4075331	PKT	0:272:268178:409:470090:0:0
[VISION][STATUS] FPS=32 | mavi=— kirmizi=— | tespit=BEKLİYOR | kuyruk=0
4076330	TX_ANT	ff	387:0:10:18:234
4076330	PKT	0:258:253212:387:443308:0:0
4077329	TX_ANT	ff	383:0:10:19:358
4077329	PKT	0:254:252146:383:442130:0:0
4078329	TX_ANT	ff	387:0:10:17:93
4078329	PKT	0:258:256625:387:446721:0:0
4079330	TX_ANT	ff	420:0:10:18:181
4079330	PKT	0:279:276941:420:484761:0:0
4080329	TX_ANT	ff	410:0:10:18:186
4080329	PKT	0:273:269656:410:471596:0:0
[VISION][STATUS] FPS=32 | mavi=— kirmizi=— | tespit=BEKLİYOR | kuyruk=0
4081329	TX_ANT	ff	404:0:10:18:245
4081329	PKT	0:267:262622:404:464394:0:0
4082330	TX_ANT	ff	384:0:10:21:266
4082330	PKT	0:255:253702:384:443714:0:0
4083329	TX_ANT	ff	414:0:10:20:367
4083329	PKT	0:277:276688:414:478740:0:0
4084329	TX_ANT	ff	393:0:10:20:370
4084329	PKT	0:260:256928:393:452792:0:0
4085329	TX_ANT	ff	397:0:10:19:205
4085329	PKT	0:264:258193:397:454169:0:0
[VISION][STATUS] FPS=32 | mavi=— kirmizi=— | tespit=BEKLİYOR | kuyruk=0
4086329	TX_ANT	ff	397:0:9:19:259
4086329	PKT	0:264:259950:397:455926:0:0
4087329	TX_ANT	ff	403:0:9:18:185
4087329	PKT	0:270:264632:403:460776:0:0
4088329	TX_ANT	ff	433:0:9:16:184
4088329	PKT	0:288:279697:433:493481:0:0
4089329	TX_ANT	ff	395:0:10:20:200
4089329	PKT	0:262:254943:395:450863:0:0
4090329	TX_ANT	ff	382:0:9:17:90
4090329	PKT	0:253:248851:382:438807:0:0
[VISION][STATUS] FPS=32 | mavi=— kirmizi=— | tespit=BEKLİYOR | kuyruk=0
4091329	TX_ANT	ff	372:0:10:17:135
4091329	PKT	0:247:245425:372:429501:0:0
4092329	TX_ANT	ff	412:0:9:21:275
4092329	PKT	0:275:273536:412:475532:0:0
4093329	TX_ANT	ff	373:0:10:25:315
4093329	PKT	0:248:245997:373:430101:0:0
4094329	TX_ANT	ff	382:0:10:23:258
4094329	PKT	0:253:249919:382:439875:0:0
4095329	TX_ANT	ff	387:0:10:21:166
4095329	PKT	0:258:256459:387:446555:0:0
[VISION][STATUS] FPS=32 | mavi=— kirmizi=— | tespit=BEKLİYOR | kuyruk=0
4096329	TX_ANT	ff	399:0:10:18:167
4096329	PKT	0:266:263221:399:459253:0:0
4097329	TX_ANT	ff	375:0:10:19:153
4097329	PKT	0:250:250990:375:435150:0:0
4098329	TX_ANT	ff	394:0:10:19:232
4098329	PKT	0:261:259002:394:454894:0:0
4099329	TX_ANT	ff	394:0:9:20:202
4099329	PKT	0:261:259780:394:455672:0:0
4100329	TX_ANT	ff	399:0:10:18:115
4100329	PKT	0:266:265612:399:461644:0:0
4101329	TX_ANT	ff	396:0:10:19:241
4101329	PKT	0:263:258631:396:454579:0:0
[VISION][STATUS] FPS=32 | mavi=(82,164) kirmizi=— | tespit=BEKLİYOR | kuyruk=0
4102329	TX_ANT	ff	401:0:10:17:130
4102329	PKT	0:268:267130:401:463218:0:0
4103329	TX_ANT	ff	382:0:10:23:425
4103329	PKT	0:253:248395:382:438351:0:0
4104330	TX_ANT	ff	388:0:10:18:201
4104330	PKT	0:259:255151:388:445275:0:0
4105329	TX_ANT	ff	398:0:10:16:91
4105329	PKT	0:265:261785:398:457789:0:0
4106329	TX_ANT	ff	385:0:10:18:161
4106329	PKT	0:256:254476:385:444516:0:0
[VISION][STATUS] FPS=32 | mavi=— kirmizi=— | tespit=BEKLİYOR | kuyruk=0
4107330	TX_ANT	ff	384:0:10:20:908
4107330	PKT	0:255:251663:384:441675:0:0
4108329	TX_ANT	ff	440:0:9:19:171
4108329	PKT	0:291:291192:440:510772:0:0
4109329	TX_ANT	ff	397:0:10:17:108
4109329	PKT	0:264:257098:397:453074:0:0
4110329	TX_ANT	ff	386:0:9:20:328
4110329	PKT	0:257:256559:386:446627:0:0
4111329	TX_ANT	ff	378:0:10:21:231
4111329	PKT	0:253:251271:378:435515:0:0
[VISION][STATUS] FPS=32 | mavi=— kirmizi=— | tespit=BEKLİYOR | kuyruk=0
4112332	TX_ANT	ff	393:0:9:18:106
4112332	PKT	0:260:256328:393:452192:0:0
4113330	TX_ANT	ff	385:0:10:20:160
4113330	PKT	0:256:252918:385:442958:0:0
4114329	TX_ANT	ff	394:0:9:18:107
4114329	PKT	0:261:258553:394:454445:0:0
4115329	TX_ANT	ff	390:0:10:18:200
4115329	PKT	0:261:255948:390:446128:0:0
4116330	TX_ANT	ff	408:0:9:17:268
4116330	PKT	0:271:270713:408:472597:0:0
[VISION][STATUS] FPS=32 | mavi=(84,166) kirmizi=— | tespit=BEKLİYOR | kuyruk=0
4117329	TX_ANT	ff	411:0:10:20:160
4117329	PKT	0:274:271868:411:473836:0:0
4118329	TX_ANT	ff	405:0:9:18:139
4118329	PKT	0:268:259902:405:461702:0:0
4119329	TX_ANT	ff	408:0:9:19:350
4119329	PKT	0:271:267309:408:469193:0:0
4120330	TX_ANT	ff	400:0:9:18:154
4120330	PKT	0:267:261721:400:457781:0:0
4121329	TX_ANT	ff	395:0:10:20:195
4121329	PKT	0:262:258668:395:454588:0:0
[VISION][STATUS] FPS=32 | mavi=— kirmizi=— | tespit=BEKLİYOR | kuyruk=0
4122329	TX_ANT	ff	397:0:10:20:419
4122329	PKT	0:264:261256:397:457232:0:0
4123329	TX_ANT	ff	395:0:9:21:189
4123329	PKT	0:262:255350:395:451270:0:0
4124329	TX_ANT	ff	403:0:10:22:174
4124329	PKT	0:270:265083:403:461227:0:0
4125329	TX_ANT	ff	404:0:10:18:190
4125329	PKT	0:267:264428:404:466200:0:0
4126329	TX_ANT	ff	388:0:10:18:191
4126329	PKT	0:259:256702:388:446826:0:0
[VISION][STATUS] FPS=32 | mavi=— kirmizi=— | tespit=BEKLİYOR | kuyruk=0
4127329	TX_ANT	ff	409:0:9:22:467
4127329	PKT	0:272:271483:409:473395:0:0
4128329	TX_ANT	ff	408:0:10:21:389
4128329	PKT	0:271:269561:408:471445:0:0
4129329	TX_ANT	ff	397:0:10:18:292
4129329	PKT	0:264:261029:397:457005:0:0
4130329	TX_ANT	ff	400:0:9:19:169
4130329	PKT	0:267:262290:400:458350:0:0
4131329	TX_ANT	ff	431:0:10:21:301
4131329	PKT	0:286:283632:431:497360:0:0
[VISION][STATUS] FPS=32 | mavi=— kirmizi=— | tespit=BEKLİYOR | kuyruk=0
4132329	TX_ANT	ff	423:0:10:19:177
4132329	PKT	0:282:275927:423:483831:0:0
4133329	TX_ANT	ff	406:0:10:18:165
4133329	PKT	0:269:266433:406:468261:0:0
4134329	TX_ANT	ff	387:0:10:23:387
4134329	PKT	0:258:255350:387:445446:0:0
4135329	TX_ANT	ff	385:0:10:19:166
4135329	PKT	0:256:252363:385:442403:0:0
4136329	TX_ANT	ff	374:0:10:20:224
4136329	PKT	0:249:246232:374:430364:0:0
[VISION][STATUS] FPS=32 | mavi=— kirmizi=— | tespit=BEKLİYOR | kuyruk=0
4137329	TX_ANT	ff	385:0:10:19:167
4137329	PKT	0:256:255158:385:445198:0:0
4138329	TX_ANT	ff	386:0:10:17:165
4138329	PKT	0:257:251632:386:441700:0:0
4139329	TX_ANT	ff	382:0:10:18:165
4139329	PKT	0:253:251478:382:441434:0:0
4140329	TX_ANT	ff	386:0:9:19:178
4140329	PKT	0:257:248009:386:438077:0:0
4141329	TX_ANT	ff	411:0:10:18:145
4141329	PKT	0:274:271960:411:473928:0:0
[VISION][STATUS] FPS=32 | mavi=— kirmizi=— | tespit=BEKLİYOR | kuyruk=0
4142329	TX_ANT	ff	390:0:10:17:109
4142329	PKT	0:257:255077:390:450857:0:0
4143329	TX_ANT	ff	380:0:9:18:172
4143329	PKT	0:255:250252:380:434552:0:0
4144329	TX_ANT	ff	409:0:9:19:206
4144329	PKT	0:272:265143:409:467055:0:0
4145329	TX_ANT	ff	442:0:10:19:205
4145329	PKT	0:293:291816:442:511452:0:0
4146330	TX_ANT	ff	445:0:10:18:195
4146330	PKT	0:296:299871:445:519591:0:0
[VISION][STATUS] FPS=32 | mavi=— kirmizi=— | tespit=BEKLİYOR | kuyruk=0
4147330	TX_ANT	ff	436:0:9:19:215
4147330	PKT	0:291:287485:436:501353:0:0
4148329	TX_ANT	ff	426:0:10:20:183
4148329	PKT	0:281:277241:426:490829:0:0
4149329	TX_ANT	ff	391:0:10:16:88
4149329	PKT	0:262:256636:391:446844:0:0
4150329	TX_ANT	ff	371:0:10:17:215
4150329	PKT	0:247:245937:371:429925:0:0
4151329	TX_ANT	ff	397:0:9:18:336
4151329	PKT	0:264:260960:397:456936:0:0
[VISION][STATUS] FPS=32 | mavi=— kirmizi=— | tespit=BEKLİYOR | kuyruk=0
4152329	TX_ANT	ff	395:0:10:17:121
4152329	PKT	0:262:258506:395:454426:0:0
4153329	TX_ANT	ff	394:0:10:19:198
4153329	PKT	0:261:257392:394:453284:0:0
4154329	TX_ANT	ff	397:0:10:19:363
4154329	PKT	0:264:258071:397:454047:0:0
4155329	TX_ANT	ff	399:0:10:18:217
4155329	PKT	0:266:263606:399:459638:0:0
4156329	TX_ANT	ff	386:0:10:18:196
4156329	PKT	0:257:252191:386:442259:0:0
[VISION][STATUS] FPS=32 | mavi=— kirmizi=— | tespit=BEKLİYOR | kuyruk=0
4157329	TX_ANT	ff	431:0:10:18:115
4157329	PKT	0:286:279960:431:493688:0:0
4158329	TX_ANT	ff	410:0:10:19:175
4158329	PKT	0:273:263800:410:465740:0:0
4159329	TX_ANT	ff	390:0:10:18:168
4159329	PKT	0:261:256019:390:446199:0:0
4160329	TX_ANT	ff	402:0:10:17:179
4160329	PKT	0:265:259063:402:460779:0:0
4161329	TX_ANT	ff	385:0:10:18:129
4161329	PKT	0:256:253032:385:443072:0:0
[VISION][STATUS] FPS=32 | mavi=(417,404) kirmizi=— | tespit=BEKLİYOR | kuyruk=0
4162329	TX_ANT	ff	392:0:10:22:261
4162329	PKT	0:263:261298:392:451534:0:0
4163330	TX_ANT	ff	383:0:10:21:187
4163330	PKT	0:254:252084:383:442068:0:0
4164330	TX_ANT	ff	397:0:10:19:159
4164330	PKT	0:264:258564:397:454540:0:0
4165330	TX_ANT	ff	407:0:10:21:138
4165330	PKT	0:270:268292:407:470148:0:0
4166329	TX_ANT	ff	394:0:10:23:387
4166329	PKT	0:261:258703:394:454595:0:0
[VISION][STATUS] FPS=32 | mavi=— kirmizi=— | tespit=BEKLİYOR | kuyruk=0
4167329	TX_ANT	ff	387:0:10:23:164
4167329	PKT	0:258:256675:387:446771:0:0
4168329	TX_ANT	ff	400:0:10:21:346
4168329	PKT	0:267:265656:400:461716:0:0
4169330	TX_ANT	ff	407:0:10:23:183
4169330	PKT	0:270:266595:407:468451:0:0
4170330	TX_ANT	ff	389:0:10:23:273
4170330	PKT	0:260:255582:389:445734:0:0
4171329	TX_ANT	ff	385:0:10:25:453
4171329	PKT	0:256:251855:385:441895:0:0
[VISION][STATUS] FPS=32 | mavi=— kirmizi=— | tespit=BEKLİYOR | kuyruk=0
4172330	TX_ANT	ff	385:0:10:18:169
4172330	PKT	0:256:250514:385:440554:0:0
4173330	TX_ANT	ff	397:0:9:20:207
4173330	PKT	0:264:262890:397:458866:0:0
4174329	TX_ANT	ff	383:0:9:18:143
4174329	PKT	0:254:248828:383:438812:0:0
4175329	TX_ANT	ff	386:0:10:19:279
4175329	PKT	0:257:254581:386:444649:0:0
4176329	TX_ANT	ff	371:0:10:19:122
4176329	PKT	0:246:242775:371:426823:0:0
[VISION][STATUS] FPS=32 | mavi=— kirmizi=— | tespit=BEKLİYOR | kuyruk=0
4177329	TX_ANT	ff	393:0:10:18:243
4177329	PKT	0:260:257669:393:453533:0:0
4178332	TX_ANT	ff	386:0:10:19:189
4178332	PKT	0:257:254405:386:444473:0:0
4179330	TX_ANT	ff	420:0:10:18:144
4179330	PKT	0:279:275878:420:483698:0:0
4180332	TX_ANT	ff	469:0:9:17:114
4180332	PKT	0:312:320287:469:551879:0:0
4181329	TX_ANT	ff	409:0:9:19:256
4181329	PKT	0:272:268321:409:470233:0:0
[VISION][STATUS] FPS=32 | mavi=— kirmizi=— | tespit=BEKLİYOR | kuyruk=0
4182329	TX_ANT	ff	379:0:10:20:176
4182329	PKT	0:254:249127:379:433399:0:0
4183329	TX_ANT	ff	398:0:10:18:389
4183329	PKT	0:265:256818:398:452822:0:0
4184329	TX_ANT	ff	392:0:9:17:382
4184329	PKT	0:259:255488:392:451324:0:0
4185330	TX_ANT	ff	375:0:10:19:232
4185330	PKT	0:250:246398:375:430558:0:0
4186329	TX_ANT	ff	384:0:10:24:397
4186329	PKT	0:255:251602:384:441614:0:0
[VISION][STATUS] FPS=32 | mavi=— kirmizi=— | tespit=BEKLİYOR | kuyruk=0
4187329	TX_ANT	ff	385:0:10:22:259
4187329	PKT	0:256:250201:385:440241:0:0
4188330	TX_ANT	ff	377:0:10:22:172
4188330	PKT	0:252:249931:377:434147:0:0
4189329	TX_ANT	ff	390:0:9:19:164
4189329	PKT	0:257:254012:390:449792:0:0
4190329	TX_ANT	ff	375:0:10:20:230
4190329	PKT	0:250:246039:375:430199:0:0
4191329	TX_ANT	ff	375:0:10:18:167
4191329	PKT	0:250:247521:375:431681:0:0
[VISION][STATUS] FPS=32 | mavi=— kirmizi=— | tespit=BEKLİYOR | kuyruk=0
4192329	TX_ANT	ff	381:0:10:18:192
4192329	PKT	0:252:248963:381:438891:0:0
4193329	TX_ANT	ff	364:0:10:22:222
4193329	PKT	0:243:239892:364:418144:0:0
4194329	TX_ANT	ff	399:0:10:21:195
4194329	PKT	0:266:259951:399:455983:0:0
4195329	TX_ANT	ff	382:0:9:22:418
4195329	PKT	0:253:245028:382:434984:0:0
4196330	TX_ANT	ff	424:0:10:19:292
4196330	PKT	0:283:282065:424:489997:0:0
[VISION][STATUS] FPS=32 | mavi=(411,402) kirmizi=— | tespit=BEKLİYOR | kuyruk=0
4197329	TX_ANT	ff	443:0:9:18:203
4197329	PKT	0:294:292364:443:512028:0:0
4198330	TX_ANT	ff	398:0:9:19:175
4198330	PKT	0:265:261413:398:457417:0:0
4199329	TX_ANT	ff	411:0:10:19:148
4199329	PKT	0:274:271211:411:473179:0:0
4200329	TX_ANT	ff	407:0:10:19:364
4200329	PKT	0:270:265677:407:467533:0:0
4201329	TX_ANT	ff	384:0:9:19:184
4201329	PKT	0:255:253710:384:443722:0:0
[VISION][STATUS] FPS=32 | mavi=— kirmizi=— | tespit=BEKLİYOR | kuyruk=0
4202330	TX_ANT	ff	374:0:10:18:137
4202330	PKT	0:249:246466:374:430598:0:0
4203329	TX_ANT	ff	417:0:10:18:175
4203329	PKT	0:276:263602:417:471338:0:0
4204331	TX_ANT	ff	402:0:9:18:191
4204331	PKT	0:269:259381:402:455497:0:0
4205329	TX_ANT	ff	405:0:10:20:198
4205329	PKT	0:268:263028:405:464828:0:0
4206329	TX_ANT	ff	396:0:9:18:163
4206329	PKT	0:263:261158:396:457106:0:0
[VISION][STATUS] FPS=32 | mavi=(415,407) kirmizi=— | tespit=BEKLİYOR | kuyruk=0
4207329	TX_ANT	ff	428:0:9:17:228
4207329	PKT	0:287:285146:428:493190:0:0
4208329	TX_ANT	ff	397:0:10:15:90
4208329	PKT	0:264:258886:397:454862:0:0
4209329	TX_ANT	ff	415:0:10:17:357
4209329	PKT	0:274:266966:415:474646:0:0
4210329	TX_ANT	ff	423:0:10:17:106
4210329	PKT	0:282:276155:423:484059:0:0
4211329	TX_ANT	ff	422:0:9:16:143
4211329	PKT	0:281:270648:422:478524:0:0
[VISION][STATUS] FPS=32 | mavi=— kirmizi=— | tespit=BEKLİYOR | kuyruk=0
4212329	TX_ANT	ff	442:0:10:18:229
4212329	PKT	0:293:296473:442:516109:0:0
4213329	TX_ANT	ff	456:0:10:22:316
4213329	PKT	0:303:309449:456:535077:0:0
4214329	TX_ANT	ff	460:0:10:21:246
4214329	PKT	0:307:312906:460:538646:0:0
4215329	TX_ANT	ff	435:0:10:21:279
4215329	PKT	0:290:298778:435:512618:0:0
4216329	TX_ANT	ff	444:0:10:21:342
4216329	PKT	0:295:302518:444:522210:0:0
[VISION][STATUS] FPS=32 | mavi=— kirmizi=— | tespit=BEKLİYOR | kuyruk=0
4217329	TX_ANT	ff	422:0:9:21:231
4217329	PKT	0:281:280908:422:488784:0:0
4218330	TX_ANT	ff	452:0:10:20:276
4218330	PKT	0:299:305982:452:531498:0:0
4219329	TX_ANT	ff	426:0:10:23:289
4219329	PKT	0:285:282270:426:490258:0:0
4220329	TX_ANT	ff	422:0:10:24:188
4220329	PKT	0:281:280284:422:488160:0:0
4221329	TX_ANT	ff	420:0:10:23:298
4221329	PKT	0:279:278878:420:486698:0:0
[VISION][STATUS] FPS=32 | mavi=— kirmizi=— | tespit=BEKLİYOR | kuyruk=0
4222330	TX_ANT	ff	431:0:10:24:242
4222330	PKT	0:286:290346:431:504074:0:0
4223329	TX_ANT	ff	424:0:10:18:254
4223329	PKT	0:283:282676:424:490608:0:0
4224329	TX_ANT	ff	427:0:10:20:223
4224329	PKT	0:282:282950:427:496566:0:0
4225329	TX_ANT	ff	416:0:10:19:200
4225329	PKT	0:279:275414:416:477522:0:0
4226329	TX_ANT	ff	429:0:10:19:189
4226329	PKT	0:284:285153:429:498825:0:0
[VISION][STATUS] FPS=33 | mavi=— kirmizi=— | tespit=BEKLİYOR | kuyruk=0
4227329	TX_ANT	ff	412:0:10:17:99
4227329	PKT	0:275:271234:412:473230:0:0
4228329	TX_ANT	ff	406:0:10:18:163
4228329	PKT	0:269:263674:406:465502:0:0
4229330	TX_ANT	ff	388:0:9:18:142
4229330	PKT	0:259:255904:388:446028:0:0
4230329	TX_ANT	ff	463:0:10:21:204
4230329	PKT	0:306:311269:463:542693:0:0
4231329	TX_ANT	ff	424:0:9:17:287
4231329	PKT	0:283:275575:424:483507:0:0
[VISION][STATUS] FPS=32 | mavi=— kirmizi=— | tespit=BEKLİYOR | kuyruk=0
4232329	TX_ANT	ff	395:0:9:18:193
4232329	PKT	0:262:256219:395:452139:0:0
4233329	TX_ANT	ff	398:0:10:19:162
4233329	PKT	0:265:256942:398:452946:0:0
4234329	TX_ANT	ff	397:0:10:21:219
4234329	PKT	0:264:255857:397:451833:0:0
4235329	TX_ANT	ff	384:0:10:22:290
4235329	PKT	0:255:249788:384:439800:0:0
4236329	TX_ANT	ff	379:0:10:25:386
4236329	PKT	0:254:251281:379:435553:0:0
[VISION][STATUS] FPS=32 | mavi=— kirmizi=— | tespit=BEKLİYOR | kuyruk=0
4237329	TX_ANT	ff	408:0:9:17:156
4237329	PKT	0:271:265004:408:466888:0:0
4238329	TX_ANT	ff	396:0:9:19:289
4238329	PKT	0:263:259494:396:455442:0:0
4239329	TX_ANT	ff	396:0:10:18:188
4239329	PKT	0:263:259539:396:455487:0:0
4240329	TX_ANT	ff	418:0:10:20:213
4240329	PKT	0:277:266640:418:474404:0:0
4241329	TX_ANT	ff	401:0:10:21:262
4241329	PKT	0:268:252735:401:448823:0:0
[VISION][STATUS] FPS=32 | mavi=— kirmizi=— | tespit=BEKLİYOR | kuyruk=0
4242329	TX_ANT	ff	409:0:10:20:429
4242329	PKT	0:272:264053:409:465965:0:0
4243329	TX_ANT	ff	417:0:10:18:171
4243329	PKT	0:276:267159:417:474895:0:0
4244329	TX_ANT	ff	412:0:10:18:127
4244329	PKT	0:275:264014:412:466010:0:0
4245329	TX_ANT	ff	417:0:9:18:142
4245329	PKT	0:276:261080:417:468816:0:0
4246329	TX_ANT	ff	413:0:10:22:746
4246329	PKT	0:276:263172:413:465196:0:0
[VISION][STATUS] FPS=32 | mavi=— kirmizi=— | tespit=BEKLİYOR | kuyruk=0
4247330	TX_ANT	ff	417:0:10:20:207
4247330	PKT	0:276:262074:417:469810:0:0
4248329	TX_ANT	ff	413:0:10:19:302
4248329	PKT	0:276:260756:413:462780:0:0
4249329	TX_ANT	ff	418:0:10:21:335
4249329	PKT	0:277:262974:418:470738:0:0
4250329	TX_ANT	ff	420:0:10:21:204
4250329	PKT	0:279:273631:420:481451:0:0
4251329	TX_ANT	ff	421:0:9:17:178
4251329	PKT	0:280:270578:421:478426:0:0
[VISION][STATUS] FPS=32 | mavi=— kirmizi=— | tespit=BEKLİYOR | kuyruk=0
4252331	TX_ANT	ff	416:0:9:18:177
4252331	PKT	0:279:266036:416:468144:0:0
4253329	TX_ANT	ff	416:0:10:17:146
4253329	PKT	0:275:260874:416:468582:0:0
4254330	TX_ANT	ff	414:0:10:21:377
4254330	PKT	0:277:262434:414:464486:0:0
4255329	TX_ANT	ff	417:0:9:18:178
4255329	PKT	0:276:260418:417:468154:0:0
4256329	TX_ANT	ff	419:0:10:19:187
4256329	PKT	0:278:274676:419:482468:0:0
[VISION][STATUS] FPS=32 | mavi=— kirmizi=— | tespit=BEKLİYOR | kuyruk=0
4257331	TX_ANT	ff	409:0:10:22:393
4257331	PKT	0:272:264055:409:465967:0:0
4258329	TX_ANT	ff	391:0:10:18:155
4258329	PKT	0:262:248601:391:438809:0:0
4259329	TX_ANT	ff	384:0:9:18:152
4259329	PKT	0:255:242861:384:432873:0:0
4260330	TX_ANT	ff	373:0:10:19:202
4260330	PKT	0:248:231696:373:415800:0:0
4261329	TX_ANT	ff	360:0:9:18:148
4261329	PKT	0:239:221134:360:399274:0:0
[VISION][STATUS] FPS=32 | mavi=— kirmizi=— | tespit=BEKLİYOR | kuyruk=0
4262329	TX_ANT	ff	385:0:10:18:165
4262329	PKT	0:256:238837:385:428877:0:0
4263329	TX_ANT	ff	380:0:10:19:163
4263329	PKT	0:251:234170:380:424070:0:0
4264329	TX_ANT	ff	361:0:10:19:180
4264329	PKT	0:240:223188:361:401356:0:0
4265332	TX_ANT	ff	389:0:10:19:141
4265332	PKT	0:260:244619:389:434771:0:0
4266329	TX_ANT	ff	375:0:10:18:204
4266329	PKT	0:250:234619:375:418779:0:0
[VISION][STATUS] FPS=32 | mavi=— kirmizi=— | tespit=BEKLİYOR | kuyruk=0
4267329	TX_ANT	ff	371:0:10:20:217
4267329	PKT	0:246:232679:371:416727:0:0
4268330	TX_ANT	ff	381:0:10:18:144
4268330	PKT	0:252:234393:381:424321:0:0
4269329	TX_ANT	ff	368:0:10:17:137
4269329	PKT	0:247:229328:368:407692:0:0
4270329	TX_ANT	ff	393:0:9:17:108
4270329	PKT	0:260:242814:393:438678:0:0
4271329	TX_ANT	ff	370:0:10:17:153
4271329	PKT	0:245:226834:370:410854:0:0
[VISION][STATUS] FPS=32 | mavi=— kirmizi=— | tespit=BEKLİYOR | kuyruk=0
4272329	TX_ANT	ff	368:0:10:18:98
4272329	PKT	0:247:227961:368:406325:0:0
4273329	TX_ANT	ff	371:0:10:17:100
4273329	PKT	0:246:229431:371:413479:0:0
4274329	TX_ANT	ff	361:0:10:20:161
4274329	PKT	0:240:223057:361:401225:0:0
4275331	TX_ANT	ff	382:0:10:19:104
4275331	PKT	0:253:238558:382:428514:0:0
4276329	TX_ANT	ff	375:0:9:18:156
4276329	PKT	0:250:233955:375:418115:0:0
[VISION][STATUS] FPS=32 | mavi=— kirmizi=— | tespit=BEKLİYOR | kuyruk=0
4277329	TX_ANT	ff	372:0:10:21:198
4277329	PKT	0:247:228262:372:412338:0:0
4278329	TX_ANT	ff	384:0:9:19:128
4278329	PKT	0:255:238198:384:428210:0:0
4279329	TX_ANT	ff	366:0:10:18:144
4279329	PKT	0:245:228634:366:406942:0:0
4280329	TX_ANT	ff	361:0:10:19:178
4280329	PKT	0:240:223059:361:401227:0:0
4281329	TX_ANT	ff	370:0:10:18:177
4281329	PKT	0:245:226738:370:410758:0:0
[VISION][STATUS] FPS=32 | mavi=— kirmizi=— | tespit=BEKLİYOR | kuyruk=0
4282329	TX_ANT	ff	375:0:10:19:207
4282329	PKT	0:250:232845:375:417005:0:0
4283329	TX_ANT	ff	373:0:10:18:98
4283329	PKT	0:248:230659:373:414763:0:0
4284329	TX_ANT	ff	372:0:10:19:181
4284329	PKT	0:247:231159:372:415235:0:0
4285329	TX_ANT	ff	371:0:10:19:175
4285329	PKT	0:246:227221:371:411269:0:0
4286329	TX_ANT	ff	385:0:9:19:194
4286329	PKT	0:256:237483:385:427523:0:0
[VISION][STATUS] FPS=32 | mavi=— kirmizi=— | tespit=BEKLİYOR | kuyruk=0
4287329	TX_ANT	ff	360:0:10:28:2030
4287329	PKT	0:239:222801:360:400941:0:0
4288329	TX_ANT	ff	372:0:10:19:227
4288329	PKT	0:247:230682:372:414758:0:0
4289329	TX_ANT	ff	372:0:10:17:101
4289329	PKT	0:247:229349:372:413425:0:0
4290330	TX_ANT	ff	374:0:10:18:114
4290330	PKT	0:249:232061:374:416193:0:0
4291329	TX_ANT	ff	372:0:10:19:148
4291329	PKT	0:247:229961:372:414037:0:0
[VISION][STATUS] FPS=32 | mavi=— kirmizi=— | tespit=BEKLİYOR | kuyruk=0
4292329	TX_ANT	ff	366:0:10:19:209
4292329	PKT	0:245:226522:366:404830:0:0
4293329	TX_ANT	ff	359:0:10:22:297
4293329	PKT	0:238:220999:359:399111:0:0
4294329	TX_ANT	ff	370:0:10:24:334
4294329	PKT	0:245:227024:370:411044:0:0
4295332	TX_ANT	ff	380:0:10:22:328
4295332	PKT	0:255:237157:380:421457:0:0
4296330	TX_ANT	ff	372:0:10:18:264
4296330	PKT	0:247:226452:372:410528:0:0
[VISION][STATUS] FPS=32 | mavi=— kirmizi=— | tespit=BEKLİYOR | kuyruk=0
4297329	TX_ANT	ff	373:0:10:19:150
4297329	PKT	0:248:228714:373:412818:0:0
4298329	TX_ANT	ff	372:0:10:21:253
4298329	PKT	0:247:229130:372:413206:0:0
4299329	TX_ANT	ff	375:0:10:20:183
4299329	PKT	0:250:231209:375:415369:0:0
4300329	TX_ANT	ff	359:0:10:19:144
4300329	PKT	0:238:221266:359:399378:0:0
4301329	TX_ANT	ff	374:0:10:18:168
4301329	PKT	0:249:230932:374:415064:0:0
[VISION][STATUS] FPS=32 | mavi=— kirmizi=— | tespit=BEKLİYOR | kuyruk=0
4302331	TX_ANT	ff	371:0:10:19:164
4302331	PKT	0:246:226487:371:410535:0:0
4303330	TX_ANT	ff	386:0:10:18:148
4303330	PKT	0:257:240006:386:430074:0:0
4304329	TX_ANT	ff	380:0:10:19:193
4304329	PKT	0:251:232631:380:422531:0:0
4305330	TX_ANT	ff	373:0:10:20:451
4305330	PKT	0:248:229949:373:414053:0:0
4306329	TX_ANT	ff	367:0:9:18:105
4306329	PKT	0:246:227248:367:405584:0:0
4307329	TX_ANT	ff	361:0:10:18:143
4307329	PKT	0:240:222663:361:400831:0:0
[VISION][STATUS] FPS=32 | mavi=— kirmizi=— | tespit=BEKLİYOR | kuyruk=0
4308329	TX_ANT	ff	371:0:10:22:692
4308329	PKT	0:246:227303:371:411351:0:0
4309329	TX_ANT	ff	372:0:10:18:107
4309329	PKT	0:247:229371:372:413447:0:0
4310329	TX_ANT	ff	375:0:9:19:216
4310329	PKT	0:250:235372:375:419532:0:0
4311329	TX_ANT	ff	392:0:9:18:141
4311329	PKT	0:259:242636:392:438472:0:0
4312329	TX_ANT	ff	374:0:9:19:219
4312329	PKT	0:249:230207:374:414339:0:0
[VISION][STATUS] FPS=32 | mavi=(93,199) kirmizi=— | tespit=BEKLİYOR | kuyruk=0
4313329	TX_ANT	ff	366:0:10:21:156
4313329	PKT	0:245:229444:366:407752:0:0
4314330	TX_ANT	ff	373:0:10:18:148
4314330	PKT	0:248:230919:373:415023:0:0
4315329	TX_ANT	ff	373:0:9:18:170
4315329	PKT	0:248:230854:373:414958:0:0
4316331	TX_ANT	ff	379:0:10:17:156
4316331	PKT	0:250:233408:379:423280:0:0
4317329	TX_ANT	ff	376:0:10:18:101
4317329	PKT	0:251:240822:376:425010:0:0
[VISION][STATUS] FPS=32 | mavi=— kirmizi=— | tespit=BEKLİYOR | kuyruk=0
4318329	TX_ANT	ff	371:0:10:21:246
4318329	PKT	0:246:226268:371:410316:0:0
4319329	TX_ANT	ff	378:0:10:18:126
4319329	PKT	0:253:235749:378:419993:0:0
4320329	TX_ANT	ff	373:0:10:19:120
4320329	PKT	0:248:233386:373:417490:0:0
4321329	TX_ANT	ff	382:0:9:19:140
4321329	PKT	0:253:237763:382:427719:0:0
4322329	TX_ANT	ff	371:0:10:21:264
4322329	PKT	0:246:225931:371:409979:0:0
[VISION][STATUS] FPS=32 | mavi=— kirmizi=— | tespit=BEKLİYOR | kuyruk=0
4323329	TX_ANT	ff	367:0:9:19:157
4323329	PKT	0:246:225936:367:404272:0:0
4324329	TX_ANT	ff	373:0:10:19:142
4324329	PKT	0:248:229604:373:413708:0:0
4325330	TX_ANT	ff	360:0:10:21:165
4325330	PKT	0:239:220195:360:398335:0:0
4326329	TX_ANT	ff	370:0:10:20:204
4326329	PKT	0:246:226283:370:410243:0:0
4327329	TX_ANT	ff	385:0:10:19:122
4327329	PKT	0:256:239101:385:429141:0:0
[VISION][STATUS] FPS=32 | mavi=(65,154) kirmizi=— | tespit=BEKLİYOR | kuyruk=0
4328329	TX_ANT	ff	372:0:10:21:287
4328329	PKT	0:247:231422:372:415498:0:0
4329330	TX_ANT	ff	371:0:10:19:142
4329330	PKT	0:246:226391:371:410439:0:0
4330329	TX_ANT	ff	366:0:10:19:181
4330329	PKT	0:245:224353:366:402661:0:0
4331329	TX_ANT	ff	372:0:10:18:173
4331329	PKT	0:247:228043:372:412119:0:0
4332329	TX_ANT	ff	380:0:9:18:154
4332329	PKT	0:251:233907:380:423807:0:0
[VISION][STATUS] FPS=32 | mavi=— kirmizi=— | tespit=BEKLİYOR | kuyruk=0
4333329	TX_ANT	ff	361:0:10:19:111
4333329	PKT	0:240:221437:361:399605:0:0
4334329	TX_ANT	ff	365:0:10:19:112
4334329	PKT	0:244:225753:365:404033:0:0
4335329	TX_ANT	ff	388:0:10:19:172
4335329	PKT	0:259:245934:388:436058:0:0
4336329	TX_ANT	ff	372:0:10:21:163
4336329	PKT	0:247:227635:372:411711:0:0
4337329	TX_ANT	ff	380:0:10:20:290
4337329	PKT	0:251:238875:380:428775:0:0
[VISION][STATUS] FPS=32 | mavi=— kirmizi=— | tespit=BEKLİYOR | kuyruk=0
4338329	TX_ANT	ff	373:0:10:18:100
4338329	PKT	0:248:231000:373:415104:0:0
4339329	TX_ANT	ff	360:0:10:20:148
4339329	PKT	0:239:223011:360:401151:0:0
4340331	TX_ANT	ff	373:0:10:19:128
4340331	PKT	0:248:229798:373:413902:0:0
4341329	TX_ANT	ff	374:0:10:20:212
4341329	PKT	0:249:230163:374:414295:0:0
4342332	TX_ANT	ff	372:0:10:20:157
4342332	PKT	0:247:227984:372:412060:0:0
[VISION][STATUS] FPS=32 | mavi=— kirmizi=— | tespit=BEKLİYOR | kuyruk=0
4343329	TX_ANT	ff	385:0:10:19:119
4343329	PKT	0:256:241168:385:431208:0:0
4344329	TX_ANT	ff	374:0:10:18:176
4344329	PKT	0:249:231349:374:415481:0:0
4345329	TX_ANT	ff	360:0:10:19:234
4345329	PKT	0:239:219398:360:397538:0:0
4346329	TX_ANT	ff	366:0:10:20:294
4346329	PKT	0:245:227898:366:406206:0:0
4347329	TX_ANT	ff	374:0:10:19:125
4347329	PKT	0:249:232482:374:416614:0:0
[VISION][STATUS] FPS=32 | mavi=(62,155) kirmizi=— | tespit=BEKLİYOR | kuyruk=0
4348329	TX_ANT	ff	379:0:10:19:111
4348329	PKT	0:250:235315:379:425187:0:0
4349329	TX_ANT	ff	367:0:10:23:440
4349329	PKT	0:246:227959:367:406295:0:0
4350331	TX_ANT	ff	370:0:10:18:109
4350331	PKT	0:245:226270:370:410290:0:0
4351330	TX_ANT	ff	386:0:11:24:123
4351330	PKT	0:257:239943:386:430011:0:0
4352329	TX_ANT	ff	359:0:10:24:318
4352329	PKT	0:238:219768:359:397880:0:0
[VISION][STATUS] FPS=32 | mavi=— kirmizi=— | tespit=BEKLİYOR | kuyruk=0
4353329	TX_ANT	ff	372:0:10:23:396
4353329	PKT	0:247:228159:372:412235:0:0
4354329	TX_ANT	ff	366:0:10:24:370
4354329	PKT	0:245:224105:366:402413:0:0
4355330	TX_ANT	ff	371:0:10:23:281
4355330	PKT	0:246:226007:371:410055:0:0
4356330	TX_ANT	ff	371:0:10:21:142
4356330	PKT	0:246:227476:371:411524:0:0
4357329	TX_ANT	ff	373:0:10:18:113
4357329	PKT	0:248:230412:373:414516:0:0
[VISION][STATUS] FPS=32 | mavi=— kirmizi=— | tespit=BEKLİYOR | kuyruk=0
4358329	TX_ANT	ff	366:0:10:18:140
4358329	PKT	0:245:227176:366:405484:0:0
4359329	TX_ANT	ff	361:0:9:20:143
4359329	PKT	0:240:219354:361:397522:0:0
4360332	TX_ANT	ff	384:0:10:18:158
4360332	PKT	0:255:235150:384:425162:0:0
4361329	TX_ANT	ff	371:0:9:20:182
4361329	PKT	0:246:225052:371:409100:0:0
4362329	TX_ANT	ff	372:0:10:19:169
4362329	PKT	0:247:225515:372:409591:0:0
[VISION][STATUS] FPS=32 | mavi=— kirmizi=— | tespit=BEKLİYOR | kuyruk=0
4363329	TX_ANT	ff	372:0:9:20:164
4363329	PKT	0:247:227666:372:411742:0:0
4364329	TX_ANT	ff	374:0:10:18:162
4364329	PKT	0:249:228215:374:412347:0:0
4365329	TX_ANT	ff	371:0:9:19:146
4365329	PKT	0:246:225527:371:409575:0:0
4366329	TX_ANT	ff	354:0:10:20:172
4366329	PKT	0:237:218939:354:391311:0:0
4367330	TX_ANT	ff	371:0:10:18:146
4367330	PKT	0:246:226284:371:410332:0:0
[VISION][STATUS] FPS=32 | mavi=— kirmizi=— | tespit=BEKLİYOR | kuyruk=0
4368330	TX_ANT	ff	387:0:10:19:183
4368330	PKT	0:258:239096:387:429192:0:0
4369329	TX_ANT	ff	371:0:10:23:289
4369329	PKT	0:246:226162:371:410210:0:0
4370329	TX_ANT	ff	371:0:10:18:184
4370329	PKT	0:246:226425:371:410473:0:0
4371329	TX_ANT	ff	366:0:10:21:244
4371329	PKT	0:245:225628:366:403936:0:0
4372329	TX_ANT	ff	359:0:10:18:133
4372329	PKT	0:238:219701:359:397813:0:0
[VISION][STATUS] FPS=32 | mavi=— kirmizi=— | tespit=BEKLİYOR | kuyruk=0
4373329	TX_ANT	ff	370:0:10:19:182
4373329	PKT	0:245:227189:370:411209:0:0
4374329	TX_ANT	ff	371:0:10:18:153
4374329	PKT	0:246:226654:371:410702:0:0
4375330	TX_ANT	ff	367:0:9:19:168
4375330	PKT	0:246:226913:367:405249:0:0
4376329	TX_ANT	ff	385:0:10:18:118
4376329	PKT	0:256:238126:385:428166:0:0
4377329	TX_ANT	ff	371:0:10:19:106
4377329	PKT	0:246:227391:371:411439:0:0
[VISION][STATUS] FPS=32 | mavi=— kirmizi=— | tespit=BEKLİYOR | kuyruk=0
4378329	TX_ANT	ff	359:0:9:19:147
4378329	PKT	0:238:218379:359:396491:0:0
4379329	TX_ANT	ff	371:0:10:19:166
4379329	PKT	0:246:225707:371:409755:0:0
4380329	TX_ANT	ff	367:0:10:21:299
4380329	PKT	0:246:229182:367:407518:0:0
4381329	TX_ANT	ff	374:0:10:18:103
4381329	PKT	0:249:229227:374:413359:0:0
4382331	TX_ANT	ff	369:0:10:19:131
4382331	PKT	0:244:223556:369:407548:0:0
[VISION][STATUS] FPS=32 | mavi=— kirmizi=— | tespit=BEKLİYOR | kuyruk=0
4383329	TX_ANT	ff	371:0:10:19:159
4383329	PKT	0:246:226355:371:410403:0:0
4384329	TX_ANT	ff	384:0:10:20:143
4384329	PKT	0:255:236895:384:426907:0:0
4385329	TX_ANT	ff	361:0:10:19:147
4385329	PKT	0:240:221967:361:400135:0:0
4386329	TX_ANT	ff	367:0:10:20:174
4386329	PKT	0:246:225190:367:403526:0:0
4387329	TX_ANT	ff	370:0:10:18:336
4387329	PKT	0:245:225544:370:409564:0:0
[VISION][STATUS] FPS=32 | mavi=— kirmizi=— | tespit=BEKLİYOR | kuyruk=0
4388329	TX_ANT	ff	370:0:10:18:151
4388329	PKT	0:245:227349:370:411369:0:0
4389329	TX_ANT	ff	366:0:10:18:165
4389329	PKT	0:245:227546:366:405854:0:0
4390329	TX_ANT	ff	370:0:10:20:167
4390329	PKT	0:245:227428:370:411448:0:0
4391330	TX_ANT	ff	366:0:9:18:138
4391330	PKT	0:245:225320:366:403628:0:0
4392330	TX_ANT	ff	373:0:10:18:139
4392330	PKT	0:248:233200:373:417304:0:0
[VISION][STATUS] FPS=32 | mavi=— kirmizi=— | tespit=BEKLİYOR | kuyruk=0
4393329	TX_ANT	ff	373:0:10:19:209
4393329	PKT	0:248:229438:373:413542:0:0
4394332	TX_ANT	ff	370:0:10:18:150
4394332	PKT	0:245:225409:370:409429:0:0
4395331	TX_ANT	ff	371:0:10:17:107
4395331	PKT	0:246:227070:371:411118:0:0
4396329	TX_ANT	ff	366:0:10:21:213
4396329	PKT	0:245:224912:366:403220:0:0
4397329	TX_ANT	ff	373:0:10:24:255
4397329	PKT	0:248:229748:373:413852:0:0
[VISION][STATUS] FPS=33 | mavi=— kirmizi=— | tespit=BEKLİYOR | kuyruk=0
4398329	TX_ANT	ff	360:0:9:22:201
4398329	PKT	0:239:219507:360:397647:0:0
4399330	TX_ANT	ff	370:0:10:24:160
4399330	PKT	0:245:224552:370:408572:0:0
4400329	TX_ANT	ff	384:0:10:28:1559
4400329	PKT	0:255:237065:384:427077:0:0
4401329	TX_ANT	ff	371:0:10:19:181
4401329	PKT	0:246:226137:371:410185:0:0
4402329	TX_ANT	ff	366:0:10:18:109
4402329	PKT	0:245:224966:366:403274:0:0
[VISION][STATUS] FPS=33 | mavi=— kirmizi=— | tespit=BEKLİYOR | kuyruk=0
4403329	TX_ANT	ff	371:0:10:17:120
4403329	PKT	0:246:227705:371:411753:0:0
4404329	TX_ANT	ff	371:0:9:19:156
4404329	PKT	0:246:226366:371:410414:0:0
4405329	TX_ANT	ff	355:0:10:24:273
4405329	PKT	0:238:218895:355:391295:0:0
4406329	TX_ANT	ff	370:0:10:18:145
4406329	PKT	0:245:226012:370:410032:0:0
4407330	TX_ANT	ff	371:0:10:17:95
4407330	PKT	0:246:226210:371:410258:0:0
[VISION][STATUS] FPS=32 | mavi=— kirmizi=— | tespit=BEKLİYOR | kuyruk=0
4408329	TX_ANT	ff	386:0:10:19:197
4408329	PKT	0:257:238259:386:428327:0:0
4409329	TX_ANT	ff	370:0:10:19:115
4409329	PKT	0:245:223772:370:407792:0:0
4410330	TX_ANT	ff	367:0:10:21:332
4410330	PKT	0:246:225924:367:404260:0:0
4411329	TX_ANT	ff	360:0:10:19:328
4411329	PKT	0:239:220246:360:398386:0:0
4412329	TX_ANT	ff	370:0:10:19:174
4412329	PKT	0:245:225230:370:409250:0:0
[VISION][STATUS] FPS=33 | mavi=— kirmizi=— | tespit=BEKLİYOR | kuyruk=0
4413329	TX_ANT	ff	372:0:10:19:129
4413329	PKT	0:247:231218:372:415294:0:0
4414329	TX_ANT	ff	367:0:10:20:148
4414329	PKT	0:246:225783:367:404119:0:0
4415329	TX_ANT	ff	371:0:10:18:134
4415329	PKT	0:246:225769:371:409817:0:0
4416329	TX_ANT	ff	385:0:10:17:121
4416329	PKT	0:256:237700:385:427740:0:0
4417329	TX_ANT	ff	371:0:10:20:181
4417329	PKT	0:246:224313:371:408361:0:0
[VISION][STATUS] FPS=32 | mavi=— kirmizi=— | tespit=BEKLİYOR | kuyruk=0
4418329	TX_ANT	ff	359:0:10:19:227
4418329	PKT	0:238:218123:359:396235:0:0
4419329	TX_ANT	ff	366:0:10:17:205
4419329	PKT	0:245:224793:366:403101:0:0
4420329	TX_ANT	ff	370:0:9:17:98
4420329	PKT	0:245:225119:370:409139:0:0
4421329	TX_ANT	ff	370:0:10:22:124
4421329	PKT	0:245:223726:370:407746:0:0
4422329	TX_ANT	ff	367:0:10:20:109
4422329	PKT	0:246:223908:367:402244:0:0
[VISION][STATUS] FPS=32 | mavi=— kirmizi=— | tespit=BEKLİYOR | kuyruk=0
4423329	TX_ANT	ff	370:0:9:20:144
4423329	PKT	0:245:223862:370:407882:0:0
4424329	TX_ANT	ff	359:0:10:19:222
4424329	PKT	0:238:218983:359:397095:0:0
4425329	TX_ANT	ff	385:0:9:16:91
4425329	PKT	0:256:235320:385:425360:0:0
4426329	TX_ANT	ff	366:0:10:19:217
4426329	PKT	0:245:223150:366:401458:0:0
4427329	TX_ANT	ff	370:0:10:21:357
4427329	PKT	0:245:224268:370:408288:0:0
[VISION][STATUS] FPS=32 | mavi=— kirmizi=— | tespit=BEKLİYOR | kuyruk=0
4428329	TX_ANT	ff	372:0:10:21:258
4428329	PKT	0:247:225589:372:409665:0:0
4429329	TX_ANT	ff	373:0:9:20:221
4429329	PKT	0:248:228156:373:412260:0:0
4430329	TX_ANT	ff	366:0:10:20:145
4430329	PKT	0:245:223889:366:402197:0:0
4431330	TX_ANT	ff	360:0:10:23:374
4431330	PKT	0:239:218911:360:397051:0:0
4432332	TX_ANT	ff	371:0:10:24:217
4432332	PKT	0:246:223539:371:407587:0:0
[VISION][STATUS] FPS=32 | mavi=— kirmizi=— | tespit=BEKLİYOR | kuyruk=0
4433331	TX_ANT	ff	385:0:10:22:144
4433331	PKT	0:256:235961:385:426001:0:0
4434329	TX_ANT	ff	371:0:10:19:204
4434329	PKT	0:246:224499:371:408547:0:0
4435329	TX_ANT	ff	371:0:10:18:104
4435329	PKT	0:246:223877:371:407925:0:0
4436329	TX_ANT	ff	367:0:10:20:239
4436329	PKT	0:246:224619:367:402955:0:0
4437329	TX_ANT	ff	360:0:10:19:136
4437329	PKT	0:239:219073:360:397213:0:0
[VISION][STATUS] FPS=32 | mavi=— kirmizi=— | tespit=BEKLİYOR | kuyruk=0
4438330	TX_ANT	ff	371:0:10:17:109
4438330	PKT	0:246:224137:371:408185:0:0
4439330	TX_ANT	ff	373:0:10:18:113
4439330	PKT	0:248:225210:373:409314:0:0
4440329	TX_ANT	ff	372:0:10:19:173
4440329	PKT	0:247:224638:372:408714:0:0
4441331	TX_ANT	ff	383:0:10:22:248
4441331	PKT	0:254:235258:383:425242:0:0
4442329	TX_ANT	ff	367:0:10:22:120
4442329	PKT	0:246:224264:367:402600:0:0
[VISION][STATUS] FPS=32 | mavi=— kirmizi=— | tespit=BEKLİYOR | kuyruk=0
4443329	TX_ANT	ff	372:0:10:21:172
4443329	PKT	0:247:227245:372:411321:0:0
4444329	TX_ANT	ff	360:0:10:22:115
4444329	PKT	0:239:217182:360:395322:0:0
4445329	TX_ANT	ff	370:0:10:22:363
4445329	PKT	0:245:224130:370:408150:0:0
4446329	TX_ANT	ff	375:0:10:23:200
4446329	PKT	0:250:228498:375:412658:0:0
4447329	TX_ANT	ff	365:0:11:23:190
4447329	PKT	0:244:223313:365:401593:0:0
[VISION][STATUS] FPS=32 | mavi=— kirmizi=— | tespit=BEKLİYOR | kuyruk=0
4448329	TX_ANT	ff	370:0:10:23:168
4448329	PKT	0:245:224231:370:408251:0:0
4449329	TX_ANT	ff	387:0:10:23:195
4449329	PKT	0:258:238226:387:428322:0:0
4450329	TX_ANT	ff	361:0:10:23:282
4450329	PKT	0:240:218312:361:396480:0:0
4451329	TX_ANT	ff	372:0:10:23:96
4451329	PKT	0:247:225706:372:409782:0:0
4452329	TX_ANT	ff	370:0:10:21:256
4452329	PKT	0:245:225067:370:409087:0:0
[VISION][STATUS] FPS=32 | mavi=— kirmizi=— | tespit=BEKLİYOR | kuyruk=0
4453330	TX_ANT	ff	371:0:10:23:175
4453330	PKT	0:246:226497:371:410545:0:0
4454329	TX_ANT	ff	366:0:10:22:197
4454329	PKT	0:245:225184:366:403492:0:0
4455329	TX_ANT	ff	371:0:10:22:333
4455329	PKT	0:246:225147:371:409195:0:0
4456329	TX_ANT	ff	370:0:10:22:173
4456329	PKT	0:245:225897:370:409917:0:0
4457329	TX_ANT	ff	374:0:10:24:177
4457329	PKT	0:249:231572:374:415704:0:0
[VISION][STATUS] FPS=32 | mavi=— kirmizi=— | tespit=BEKLİYOR | kuyruk=0
4458330	TX_ANT	ff	367:0:10:22:116
4458330	PKT	0:246:226159:367:404495:0:0
4459329	TX_ANT	ff	371:0:10:23:227
4459329	PKT	0:246:223445:371:407493:0:0
4460330	TX_ANT	ff	374:0:10:21:126
4460330	PKT	0:249:231572:374:415704:0:0
4461329	TX_ANT	ff	403:0:10:22:165
4461329	PKT	0:266:255969:403:457713:0:0
4462329	TX_ANT	ff	386:0:10:25:323
4462329	PKT	0:257:245674:386:435742:0:0
[VISION][STATUS] FPS=32 | mavi=— kirmizi=— | tespit=BEKLİYOR | kuyruk=0
4463329	TX_ANT	ff	367:0:10:23:216
4463329	PKT	0:246:231835:367:410171:0:0
4464329	TX_ANT	ff	451:0:10:23:151
4464329	PKT	0:298:299828:451:525316:0:0
4465329	TX_ANT	ff	412:0:10:22:205
4465329	PKT	0:275:266841:412:468837:0:0
4466330	TX_ANT	ff	371:0:10:23:350
4466330	PKT	0:246:234669:371:418717:0:0
4467329	TX_ANT	ff	372:0:10:23:195
4467329	PKT	0:247:228245:372:412321:0:0
[VISION][STATUS] FPS=32 | mavi=— kirmizi=— | tespit=BEKLİYOR | kuyruk=0
4468329	TX_ANT	ff	367:0:10:23:171
4468329	PKT	0:246:225877:367:404213:0:0
4469329	TX_ANT	ff	371:0:10:22:236
4469329	PKT	0:246:224904:371:408952:0:0
4470329	TX_ANT	ff	359:0:10:21:148
4470329	PKT	0:238:220792:359:398904:0:0
4471329	TX_ANT	ff	371:0:10:23:224
4471329	PKT	0:246:224846:371:408894:0:0
4472329	TX_ANT	ff	410:0:10:28:624
4472329	PKT	0:273:267383:410:469323:0:0
[VISION][STATUS] FPS=33 | mavi=— kirmizi=— | tespit=BEKLİYOR | kuyruk=0
4473330	TX_ANT	ff	420:0:10:23:252
4473330	PKT	0:279:271704:420:479524:0:0
4474329	TX_ANT	ff	375:0:10:22:250
4474329	PKT	0:250:233382:375:417542:0:0
4475329	TX_ANT	ff	373:0:10:22:162
4475329	PKT	0:248:230884:373:414988:0:0
4476329	TX_ANT	ff	362:0:10:24:229
4476329	PKT	0:241:227716:362:405912:0:0
4477329	TX_ANT	ff	370:0:10:22:196
4477329	PKT	0:245:229672:370:413692:0:0
[VISION][STATUS] FPS=32 | mavi=— kirmizi=— | tespit=BEKLİYOR | kuyruk=0
4478329	TX_ANT	ff	376:0:10:18:302
4478329	PKT	0:251:236256:376:420444:0:0
4479329	TX_ANT	ff	383:0:10:19:163
4479329	PKT	0:254:239190:383:429174:0:0
4480329	TX_ANT	ff	374:0:10:18:153
4480329	PKT	0:249:234512:374:418644:0:0
4481329	TX_ANT	ff	387:0:10:17:94
4481329	PKT	0:258:244762:387:434858:0:0
4482329	TX_ANT	ff	372:0:9:20:264
4482329	PKT	0:247:229779:372:413855:0:0
[VISION][STATUS] FPS=32 | mavi=— kirmizi=— | tespit=BEKLİYOR | kuyruk=0
4483329	TX_ANT	ff	363:0:10:18:292
4483329	PKT	0:242:224400:363:402624:0:0
4484330	TX_ANT	ff	372:0:10:17:109
4484330	PKT	0:247:229619:372:413695:0:0
4485329	TX_ANT	ff	373:0:10:17:109
4485329	PKT	0:248:231649:373:415753:0:0
4486329	TX_ANT	ff	373:0:10:17:97
4486329	PKT	0:248:231192:373:415296:0:0
4487329	TX_ANT	ff	372:0:10:18:154
4487329	PKT	0:247:228098:372:412174:0:0
[VISION][STATUS] FPS=32 | mavi=— kirmizi=— | tespit=BEKLİYOR | kuyruk=0
4488329	TX_ANT	ff	373:0:10:18:104
4488329	PKT	0:248:226493:373:410597:0:0
4489329	TX_ANT	ff	360:0:10:19:213
4489329	PKT	0:240:220228:360:398308:0:0
4490329	TX_ANT	ff	395:0:9:17:192
4490329	PKT	0:262:250551:395:446471:0:0
4491329	TX_ANT	ff	422:0:10:16:89
4491329	PKT	0:281:280824:422:488700:0:0
4492329	TX_ANT	ff	364:0:10:20:177
4492329	PKT	0:243:224841:364:403093:0:0
[VISION][STATUS] FPS=32 | mavi=— kirmizi=— | tespit=BEKLİYOR | kuyruk=0
4493329	TX_ANT	ff	381:0:10:21:252
4493329	PKT	0:252:233915:381:423843:0:0
4494329	TX_ANT	ff	374:0:10:20:134
4494329	PKT	0:249:230226:374:414358:0:0
4495329	TX_ANT	ff	371:0:9:19:131
4495329	PKT	0:246:228155:371:412203:0:0
4496329	TX_ANT	ff	361:0:9:19:180
4496329	PKT	0:240:221755:361:399923:0:0
4497329	TX_ANT	ff	367:0:10:18:157
4497329	PKT	0:246:226151:367:404487:0:0
[VISION][STATUS] FPS=32 | mavi=— kirmizi=— | tespit=BEKLİYOR | kuyruk=0
4498331	TX_ANT	ff	385:0:10:22:107
4498331	PKT	0:256:239894:385:429934:0:0
4499329	TX_ANT	ff	372:0:10:22:167
4499329	PKT	0:247:227535:372:411611:0:0
4500329	TX_ANT	ff	373:0:10:22:157
4500329	PKT	0:248:230340:373:414444:0:0
4501329	TX_ANT	ff	371:0:10:20:149
4501329	PKT	0:246:225607:371:409655:0:0
4502329	TX_ANT	ff	360:0:10:18:121
4502329	PKT	0:239:221294:360:399434:0:0
[VISION][STATUS] FPS=32 | mavi=— kirmizi=— | tespit=BEKLİYOR | kuyruk=0
4503329	TX_ANT	ff	373:0:10:25:1796
4503329	PKT	0:248:229024:373:413128:0:0
4504329	TX_ANT	ff	371:0:10:20:186
4504329	PKT	0:246:227603:371:411651:0:0
4505329	TX_ANT	ff	366:0:10:19:191
4505329	PKT	0:245:225782:366:404090:0:0
4506329	TX_ANT	ff	385:0:9:19:201
4506329	PKT	0:256:238163:385:428203:0:0
4507329	TX_ANT	ff	371:0:10:20:226
4507329	PKT	0:246:226369:371:410417:0:0
[VISION][STATUS] FPS=32 | mavi=— kirmizi=— | tespit=BEKLİYOR | kuyruk=0
4508329	TX_ANT	ff	371:0:9:18:105
4508329	PKT	0:246:227068:371:411116:0:0
4509329	TX_ANT	ff	359:0:10:19:109
4509329	PKT	0:238:219668:359:397780:0:0
4510329	TX_ANT	ff	368:0:10:19:176
4510329	PKT	0:247:229692:368:408056:0:0
4511329	TX_ANT	ff	396:0:10:21:146
4511329	PKT	0:263:253871:396:449819:0:0
4512329	TX_ANT	ff	370:0:10:21:99
4512329	PKT	0:245:226463:370:410483:0:0
[VISION][STATUS] FPS=32 | mavi=— kirmizi=— | tespit=BEKLİYOR | kuyruk=0
4513329	TX_ANT	ff	371:0:10:25:325
4513329	PKT	0:246:230127:371:414175:0:0
4514329	TX_ANT	ff	386:0:10:23:251
4514329	PKT	0:257:242566:386:432634:0:0
4515329	TX_ANT	ff	371:0:10:19:178
4515329	PKT	0:246:222645:371:406693:0:0
4516329	TX_ANT	ff	356:0:9:17:105
4516329	PKT	0:239:220940:356:393368:0:0
4517329	TX_ANT	ff	371:0:10:18:101
4517329	PKT	0:246:226882:371:410930:0:0
4518330	TX_ANT	ff	371:0:10:18:98
4518330	PKT	0:246:225621:371:409669:0:0
[VISION][STATUS] FPS=32 | mavi=— kirmizi=— | tespit=BEKLİYOR | kuyruk=0
4519329	TX_ANT	ff	372:0:10:18:132
4519329	PKT	0:247:226662:372:410738:0:0
4520329	TX_ANT	ff	373:0:10:20:146
4520329	PKT	0:248:229556:373:413660:0:0
4521329	TX_ANT	ff	410:0:10:18:110
4521329	PKT	0:273:268796:410:470736:0:0
4522329	TX_ANT	ff	407:0:10:17:95
4522329	PKT	0:270:265437:407:467293:0:0
4523329	TX_ANT	ff	374:0:9:21:412
4523329	PKT	0:249:237159:374:421291:0:0
[VISION][STATUS] FPS=32 | mavi=— kirmizi=— | tespit=BEKLİYOR | kuyruk=0
4524329	TX_ANT	ff	383:0:10:19:181
4524329	PKT	0:254:242608:383:432592:0:0
4525329	TX_ANT	ff	378:0:10:19:217
4525329	PKT	0:253:239279:378:423523:0:0
4526329	TX_ANT	ff	384:0:10:18:136
4526329	PKT	0:255:240470:384:430482:0:0
4527329	TX_ANT	ff	383:0:10:19:252
4527329	PKT	0:254:242675:383:432659:0:0
4528329	TX_ANT	ff	373:0:9:18:142
4528329	PKT	0:248:236712:373:420816:0:0
[VISION][STATUS] FPS=32 | mavi=— kirmizi=— | tespit=BEKLİYOR | kuyruk=0
4529329	TX_ANT	ff	400:0:9:19:256
4529329	PKT	0:267:257350:400:453410:0:0
4530329	TX_ANT	ff	411:0:10:18:126
4530329	PKT	0:274:267105:411:469073:0:0
4531330	TX_ANT	ff	382:0:10:18:202
4531330	PKT	0:253:243219:382:433175:0:0
4532329	TX_ANT	ff	371:0:10:18:103
4532329	PKT	0:246:229932:371:413980:0:0
4533329	TX_ANT	ff	390:0:10:19:114
4533329	PKT	0:261:248880:390:439060:0:0
[VISION][STATUS] FPS=32 | mavi=— kirmizi=— | tespit=BEKLİYOR | kuyruk=0
4534329	TX_ANT	ff	381:0:9:20:225
4534329	PKT	0:252:239472:381:429400:0:0
4535329	TX_ANT	ff	362:0:9:19:139
4535329	PKT	0:241:229408:362:407604:0:0
4536329	TX_ANT	ff	374:0:10:19:175
4536329	PKT	0:249:233338:374:417470:0:0
4537329	TX_ANT	ff	373:0:9:18:159
4537329	PKT	0:248:232447:373:416551:0:0
4538329	TX_ANT	ff	394:0:10:17:132
4538329	PKT	0:261:246436:394:442328:0:0
[VISION][STATUS] FPS=32 | mavi=— kirmizi=— | tespit=BEKLİYOR | kuyruk=0
4539329	TX_ANT	ff	366:0:10:19:168
4539329	PKT	0:245:228396:366:406704:0:0
4540329	TX_ANT	ff	368:0:10:19:267
4540329	PKT	0:243:225968:368:409932:0:0
4541329	TX_ANT	ff	374:0:10:20:158
4541329	PKT	0:249:231123:374:415255:0:0
4542329	TX_ANT	ff	364:0:10:19:117
4542329	PKT	0:243:226350:364:404602:0:0
4543329	TX_ANT	ff	434:0:10:19:321
4543329	PKT	0:289:288429:434:502241:0:0
[VISION][STATUS] FPS=32 | mavi=— kirmizi=— | tespit=BEKLİYOR | kuyruk=0
4544332	TX_ANT	ff	433:0:10:24:507
4544332	PKT	0:288:287581:433:501365:0:0
4545329	TX_ANT	ff	394:0:10:19:382
4545329	PKT	0:261:249540:394:445432:0:0
4546329	TX_ANT	ff	395:0:10:18:99
4546329	PKT	0:262:252768:395:448688:0:0
4547329	TX_ANT	ff	384:0:10:18:104
4547329	PKT	0:255:244831:384:434843:0:0
4548329	TX_ANT	ff	376:0:9:18:127
4548329	PKT	0:251:239989:376:424177:0:0
[VISION][STATUS] FPS=32 | mavi=— kirmizi=— | tespit=BEKLİYOR | kuyruk=0
4549329	TX_ANT	ff	383:0:9:18:154
4549329	PKT	0:254:245208:383:435192:0:0
4550329	TX_ANT	ff	411:0:10:18:152
4550329	PKT	0:274:263953:411:465921:0:0
4551329	TX_ANT	ff	446:0:10:17:109
4551329	PKT	0:297:304103:446:523851:0:0
4552329	TX_ANT	ff	381:0:10:20:247
4552329	PKT	0:252:235116:381:425044:0:0
4553329	TX_ANT	ff	367:0:10:20:132
4553329	PKT	0:246:225554:367:403890:0:0
[VISION][STATUS] FPS=32 | mavi=— kirmizi=— | tespit=BEKLİYOR | kuyruk=0
4554329	TX_ANT	ff	360:0:10:22:150
4554329	PKT	0:239:220794:360:398934:0:0
4555329	TX_ANT	ff	383:0:10:20:190
4555329	PKT	0:254:238080:383:428064:0:0
4556332	TX_ANT	ff	374:0:9:19:151
4556332	PKT	0:249:232580:374:416712:0:0
4557331	TX_ANT	ff	373:0:10:18:113
4557331	PKT	0:248:230830:373:414934:0:0
4558330	TX_ANT	ff	381:0:10:23:178
4558330	PKT	0:252:235725:381:425653:0:0
[VISION][STATUS] FPS=32 | mavi=— kirmizi=— | tespit=BEKLİYOR | kuyruk=0
4559329	TX_ANT	ff	410:0:10:22:149
4559329	PKT	0:273:269687:410:471627:0:0
4560329	TX_ANT	ff	378:0:10:22:201
4560329	PKT	0:253:240317:378:424561:0:0
4561329	TX_ANT	ff	367:0:10:24:194
4561329	PKT	0:242:228120:367:412056:0:0
4562329	TX_ANT	ff	372:0:10:22:115
4562329	PKT	0:247:230843:372:414919:0:0
4563329	TX_ANT	ff	386:0:10:18:233
4563329	PKT	0:257:241339:386:431407:0:0
[VISION][STATUS] FPS=32 | mavi=— kirmizi=— | tespit=BEKLİYOR | kuyruk=0
4564331	TX_ANT	ff	398:0:10:20:176
4564331	PKT	0:265:257703:398:453707:0:0
4565329	TX_ANT	ff	376:0:9:18:134
4565329	PKT	0:251:235278:376:419466:0:0
4566329	TX_ANT	ff	371:0:10:18:112
4566329	PKT	0:246:222977:371:407025:0:0
4567329	TX_ANT	ff	360:0:10:17:100
4567329	PKT	0:239:222244:360:400384:0:0
4568329	TX_ANT	ff	371:0:10:20:226
4568329	PKT	0:246:227907:371:411955:0:0
[VISION][STATUS] FPS=33 | mavi=— kirmizi=— | tespit=BEKLİYOR | kuyruk=0
4569329	TX_ANT	ff	374:0:10:18:95
4569329	PKT	0:249:231555:374:415687:0:0
4570329	TX_ANT	ff	373:0:10:20:217
4570329	PKT	0:248:229964:373:414068:0:0
4571331	TX_ANT	ff	385:0:10:17:106
4571331	PKT	0:256:236752:385:426792:0:0
4572329	TX_ANT	ff	366:0:10:19:176
4572329	PKT	0:245:225275:366:403583:0:0
4573329	TX_ANT	ff	373:0:9:19:146
4573329	PKT	0:248:231308:373:415412:0:0
[VISION][STATUS] FPS=32 | mavi=— kirmizi=— | tespit=BEKLİYOR | kuyruk=0
4574329	TX_ANT	ff	361:0:10:20:134
4574329	PKT	0:240:222454:361:400622:0:0
4575329	TX_ANT	ff	372:0:10:26:2033
4575329	PKT	0:247:226773:372:410849:0:0
4576329	TX_ANT	ff	374:0:10:17:115
4576329	PKT	0:249:229942:374:414074:0:0
4577332	TX_ANT	ff	372:0:10:21:173
4577332	PKT	0:247:223779:372:407855:0:0
4578329	TX_ANT	ff	373:0:10:21:180
4578329	PKT	0:248:226915:373:411019:0:0
[VISION][STATUS] FPS=32 | mavi=(44,21) kirmizi=— | tespit=BEKLİYOR | kuyruk=0
4579329	TX_ANT	ff	386:0:10:22:234
4579329	PKT	0:257:238331:386:428399:0:0
4580329	TX_ANT	ff	371:0:10:18:131
4580329	PKT	0:246:222477:371:406525:0:0
4581329	TX_ANT	ff	362:0:9:18:169
4581329	PKT	0:241:219498:362:397694:0:0
4582329	TX_ANT	ff	372:0:10:19:163
4582329	PKT	0:247:224929:372:409005:0:0
4583330	TX_ANT	ff	371:0:10:20:148
4583330	PKT	0:246:223868:371:407916:0:0
[VISION][STATUS] FPS=32 | mavi=— kirmizi=— | tespit=BEKLİYOR | kuyruk=0
4584330	TX_ANT	ff	374:0:10:20:279
4584330	PKT	0:249:229201:374:413333:0:0
4585329	TX_ANT	ff	372:0:10:24:449
4585329	PKT	0:247:222865:372:406941:0:0
4586329	TX_ANT	ff	371:0:10:22:150
4586329	PKT	0:246:222543:371:406591:0:0
4587329	TX_ANT	ff	375:0:10:18:157
4587329	PKT	0:250:230385:375:414545:0:0
4588330	TX_ANT	ff	372:0:10:18:140
4588330	PKT	0:247:223577:372:407653:0:0
[VISION][STATUS] FPS=32 | mavi=— kirmizi=— | tespit=BEKLİYOR | kuyruk=0
4589329	TX_ANT	ff	372:0:10:19:150
4589329	PKT	0:247:224131:372:408207:0:0
4590329	TX_ANT	ff	368:0:9:19:194
4590329	PKT	0:247:222209:368:400573:0:0
4591329	TX_ANT	ff	372:0:10:18:139
4591329	PKT	0:247:222193:372:406269:0:0
4592329	TX_ANT	ff	374:0:10:19:98
4592329	PKT	0:249:229683:374:413815:0:0
4593329	TX_ANT	ff	359:0:10:18:100
4593329	PKT	0:238:216822:359:394934:0:0
[VISION][STATUS] FPS=32 | mavi=— kirmizi=— | tespit=BEKLİYOR | kuyruk=0
4594329	TX_ANT	ff	372:0:10:19:176
4594329	PKT	0:247:223961:372:408037:0:0
4595330	TX_ANT	ff	385:0:10:22:586
4595330	PKT	0:256:234365:385:424405:0:0
4596329	TX_ANT	ff	371:0:9:21:252
4596329	PKT	0:246:225785:371:409833:0:0
4597330	TX_ANT	ff	371:0:10:20:213
4597330	PKT	0:246:222397:371:406445:0:0
4598329	TX_ANT	ff	367:0:10:19:196
4598329	PKT	0:246:221536:367:399872:0:0
[VISION][STATUS] FPS=32 | mavi=— kirmizi=— | tespit=BEKLİYOR | kuyruk=0
4599329	TX_ANT	ff	371:0:10:20:170
4599329	PKT	0:246:223021:371:407069:0:0
4600329	TX_ANT	ff	360:0:9:19:111
4600329	PKT	0:239:216442:360:394582:0:0
4601330	TX_ANT	ff	371:0:10:19:175
4601330	PKT	0:246:225725:371:409773:0:0
4602329	TX_ANT	ff	367:0:9:20:197
4602329	PKT	0:246:223466:367:401802:0:0
4603329	TX_ANT	ff	384:0:9:20:253
4603329	PKT	0:255:237879:384:427891:0:0
[VISION][STATUS] FPS=32 | mavi=— kirmizi=— | tespit=BEKLİYOR | kuyruk=0
4604329	TX_ANT	ff	371:0:9:18:111
4604329	PKT	0:246:223372:371:407420:0:0
4605329	TX_ANT	ff	372:0:10:20:156
4605329	PKT	0:247:224592:372:408668:0:0
4606329	TX_ANT	ff	371:0:10:20:174
4606329	PKT	0:246:223132:371:407180:0:0
4607329	TX_ANT	ff	361:0:10:21:149
4607329	PKT	0:240:219264:361:397432:0:0
4608329	TX_ANT	ff	374:0:9:19:161
4608329	PKT	0:249:226867:374:410999:0:0
[VISION][STATUS] FPS=32 | mavi=— kirmizi=— | tespit=BEKLİYOR | kuyruk=0
4609329	TX_ANT	ff	366:0:10:19:114
4609329	PKT	0:245:222469:366:400777:0:0
4610330	TX_ANT	ff	379:0:10:19:161
4610330	PKT	0:250:228755:379:418627:0:0
4611332	TX_ANT	ff	386:0:10:18:162
4611332	PKT	0:257:234730:386:424798:0:0
4612329	TX_ANT	ff	371:0:10:18:368
4612329	PKT	0:246:225098:371:409146:0:0
4613329	TX_ANT	ff	364:0:10:18:225
4613329	PKT	0:243:222238:364:400490:0:0
[VISION][STATUS] FPS=32 | mavi=— kirmizi=— | tespit=BEKLİYOR | kuyruk=0
4614329	TX_ANT	ff	372:0:9:19:148
4614329	PKT	0:247:224627:372:408703:0:0
4615329	TX_ANT	ff	372:0:10:19:209
4615329	PKT	0:247:223276:372:407352:0:0
4616329	TX_ANT	ff	372:0:10:19:235
4616329	PKT	0:247:222336:372:406412:0:0
4617329	TX_ANT	ff	368:0:10:18:195
4617329	PKT	0:247:222653:368:401017:0:0
4618329	TX_ANT	ff	371:0:10:18:192
4618329	PKT	0:246:223649:371:407697:0:0
[VISION][STATUS] FPS=32 | mavi=— kirmizi=— | tespit=BEKLİYOR | kuyruk=0
4619329	TX_ANT	ff	360:0:10:19:194
4619329	PKT	0:239:217311:360:395451:0:0
4620329	TX_ANT	ff	387:0:9:19:169
4620329	PKT	0:258:236950:387:427046:0:0
4621329	TX_ANT	ff	370:0:10:19:190
4621329	PKT	0:245:222331:370:406351:0:0
4622329	TX_ANT	ff	371:0:10:17:95
4622329	PKT	0:246:223880:371:407928:0:0
4623330	TX_ANT	ff	367:0:9:21:370
4623330	PKT	0:246:222768:367:401104:0:0
[VISION][STATUS] FPS=32 | mavi=— kirmizi=— | tespit=BEKLİYOR | kuyruk=0
4624332	TX_ANT	ff	379:0:10:19:195
4624332	PKT	0:250:226602:379:416474:0:0
4625329	TX_ANT	ff	372:0:9:18:168
4625329	PKT	0:247:223486:372:407562:0:0
4626329	TX_ANT	ff	362:0:10:22:400
4626329	PKT	0:241:217808:362:396004:0:0
4627331	TX_ANT	ff	373:0:10:22:191
4627331	PKT	0:248:227138:373:411242:0:0
4628331	TX_ANT	ff	385:0:10:22:272
4628331	PKT	0:256:235226:385:425266:0:0
[VISION][STATUS] FPS=32 | mavi=— kirmizi=— | tespit=BEKLİYOR | kuyruk=0
4629329	TX_ANT	ff	372:0:9:17:96
4629329	PKT	0:247:221676:372:405752:0:0
4630329	TX_ANT	ff	368:0:10:19:270
4630329	PKT	0:247:222842:368:401206:0:0
4631329	TX_ANT	ff	371:0:9:18:111
4631329	PKT	0:246:222324:371:406372:0:0
4632330	TX_ANT	ff	372:0:10:20:168
4632330	PKT	0:247:226136:372:410212:0:0
4633330	TX_ANT	ff	361:0:10:18:183
4633330	PKT	0:240:216181:361:394349:0:0
[VISION][STATUS] FPS=32 | mavi=— kirmizi=— | tespit=BEKLİYOR | kuyruk=0
4634329	TX_ANT	ff	371:0:10:19:150
4634329	PKT	0:246:223795:371:407843:0:0
4635329	TX_ANT	ff	373:0:10:19:126
4635329	PKT	0:248:223992:373:408096:0:0
4636329	TX_ANT	ff	386:0:10:21:235
4636329	PKT	0:257:234322:386:424390:0:0
4637329	TX_ANT	ff	372:0:9:18:97
4637329	PKT	0:247:221958:372:406034:0:0
4638329	TX_ANT	ff	371:0:10:19:118
4638329	PKT	0:246:223843:371:407891:0:0
[VISION][STATUS] FPS=32 | mavi=— kirmizi=— | tespit=BEKLİYOR | kuyruk=0
4639329	TX_ANT	ff	368:0:9:18:170
4639329	PKT	0:247:222431:368:400795:0:0
4640329	TX_ANT	ff	367:0:10:18:100
4640329	PKT	0:242:219085:367:403021:0:0
4641329	TX_ANT	ff	376:0:9:18:137
4641329	PKT	0:251:230643:376:414831:0:0
4642330	TX_ANT	ff	370:0:9:18:100
4642330	PKT	0:245:221415:370:405435:0:0
4643329	TX_ANT	ff	372:0:9:19:207
4643329	PKT	0:247:224781:372:408857:0:0
[VISION][STATUS] FPS=32 | mavi=— kirmizi=— | tespit=BEKLİYOR | kuyruk=0
4644329	TX_ANT	ff	386:0:10:18:133
4644329	PKT	0:257:235855:386:425923:0:0
4645329	TX_ANT	ff	366:0:10:20:168
4645329	PKT	0:245:223176:366:401484:0:0
4646329	TX_ANT	ff	360:0:10:21:307
4646329	PKT	0:239:217514:360:395654:0:0
4647330	TX_ANT	ff	372:0:10:18:156
4647330	PKT	0:247:224231:372:408307:0:0
4648331	TX_ANT	ff	371:0:10:19:221
4648331	PKT	0:246:225036:371:409084:0:0
[VISION][STATUS] FPS=32 | mavi=— kirmizi=— | tespit=BEKLİYOR | kuyruk=0
4649329	TX_ANT	ff	366:0:9:21:240
4649329	PKT	0:245:222902:366:401210:0:0
4650330	TX_ANT	ff	373:0:9:19:117
4650330	PKT	0:248:223379:373:407483:0:0
4651329	TX_ANT	ff	371:0:10:18:181
4651329	PKT	0:246:223813:371:407861:0:0
4652329	TX_ANT	ff	373:0:10:20:147
4652329	PKT	0:249:230115:373:414159:0:0
4653329	TX_ANT	ff	373:0:10:19:190
4653329	PKT	0:248:224511:373:408615:0:0
[VISION][STATUS] FPS=32 | mavi=— kirmizi=— | tespit=BEKLİYOR | kuyruk=0
4654329	TX_ANT	ff	372:0:10:21:233
4654329	PKT	0:247:222455:372:406531:0:0
4655329	TX_ANT	ff	374:0:10:19:158
4655329	PKT	0:249:227270:374:411402:0:0
4656329	TX_ANT	ff	372:0:9:19:191
4656329	PKT	0:247:226656:372:410732:0:0
4657329	TX_ANT	ff	375:0:10:23:173
4657329	PKT	0:250:227856:375:412016:0:0
4658329	TX_ANT	ff	370:0:10:24:165
4658329	PKT	0:245:222677:370:406697:0:0
[VISION][STATUS] FPS=32 | mavi=— kirmizi=— | tespit=BEKLİYOR | kuyruk=0
4659329	TX_ANT	ff	361:0:10:23:214
4659329	PKT	0:240:218109:361:396277:0:0
4660329	TX_ANT	ff	386:0:10:21:132
4660329	PKT	0:257:237642:386:427710:0:0
4661332	TX_ANT	ff	371:0:10:22:166
4661332	PKT	0:246:221216:371:405264:0:0
4662329	TX_ANT	ff	371:0:10:21:104
4662329	PKT	0:246:223284:371:407332:0:0
4663332	TX_ANT	ff	372:0:10:23:176
4663332	PKT	0:247:224308:372:408384:0:0
[VISION][STATUS] FPS=32 | mavi=— kirmizi=— | tespit=BEKLİYOR | kuyruk=0
4664329	TX_ANT	ff	367:0:10:22:197
4664329	PKT	0:246:222833:367:401169:0:0
4665329	TX_ANT	ff	368:0:9:22:181
4665329	PKT	0:243:219126:368:403090:0:0
4666330	TX_ANT	ff	367:0:10:23:191
4666330	PKT	0:246:227429:367:405765:0:0
4667329	TX_ANT	ff	393:0:10:24:951
4667329	PKT	0:260:247698:393:443562:0:0
4668329	TX_ANT	ff	394:0:10:17:140
4668329	PKT	0:261:246677:394:442569:0:0
[VISION][STATUS] FPS=32 | mavi=— kirmizi=— | tespit=BEKLİYOR | kuyruk=0
4669330	TX_ANT	ff	367:0:10:19:105
4669330	PKT	0:246:226761:367:405097:0:0
4670329	TX_ANT	ff	373:0:10:18:107
4670329	PKT	0:248:232092:373:416196:0:0
4671329	TX_ANT	ff	373:0:10:18:138
4671329	PKT	0:248:225735:373:409839:0:0
4672329	TX_ANT	ff	361:0:10:19:120
4672329	PKT	0:240:216880:361:395048:0:0
4673329	TX_ANT	ff	379:0:9:19:144
4673329	PKT	0:250:228332:379:418204:0:0
[VISION][STATUS] FPS=32 | mavi=— kirmizi=— | tespit=BEKLİYOR | kuyruk=0
4674329	TX_ANT	ff	373:0:10:19:155
4674329	PKT	0:248:226525:373:410629:0:0
4675329	TX_ANT	ff	368:0:10:20:104
4675329	PKT	0:247:224914:368:403278:0:0
4676329	TX_ANT	ff	409:0:9:18:203
4676329	PKT	0:272:259231:409:461143:0:0
4677329	TX_ANT	ff	371:0:9:20:165
4677329	PKT	0:246:222492:371:406540:0:0
4678329	TX_ANT	ff	373:0:10:18:173
4678329	PKT	0:248:225894:373:409998:0:0
[VISION][STATUS] FPS=32 | mavi=— kirmizi=— | tespit=BEKLİYOR | kuyruk=0
4679329	TX_ANT	ff	362:0:10:18:177
4679329	PKT	0:241:217823:362:396019:0:0
4680330	TX_ANT	ff	379:0:9:19:175
4680330	PKT	0:250:226606:379:416478:0:0
4681329	TX_ANT	ff	367:0:10:18:145
4681329	PKT	0:246:223669:367:402005:0:0
4682329	TX_ANT	ff	372:0:10:18:164
4682329	PKT	0:247:222823:372:406899:0:0
4683330	TX_ANT	ff	371:0:9:17:100
4683330	PKT	0:246:224607:371:408655:0:0
[VISION][STATUS] FPS=32 | mavi=— kirmizi=— | tespit=BEKLİYOR | kuyruk=0
4684329	TX_ANT	ff	386:0:10:22:180
4684329	PKT	0:257:235182:386:425250:0:0
4685329	TX_ANT	ff	359:0:10:25:568
4685329	PKT	0:238:216149:359:394261:0:0
4686329	TX_ANT	ff	372:0:10:22:136
4686329	PKT	0:247:223919:372:407995:0:0
4687329	TX_ANT	ff	367:0:10:23:162
4687329	PKT	0:246:223187:367:401523:0:0
4688329	TX_ANT	ff	372:0:10:22:348
4688329	PKT	0:247:221788:372:405864:0:0
[VISION][STATUS] FPS=32 | mavi=— kirmizi=— | tespit=BEKLİYOR | kuyruk=0
4689329	TX_ANT	ff	379:0:10:19:201
4689329	PKT	0:250:226120:379:415992:0:0
4690329	TX_ANT	ff	368:0:10:18:114
4690329	PKT	0:247:228957:368:407321:0:0
4691329	TX_ANT	ff	372:0:10:19:127
4691329	PKT	0:247:222759:372:406835:0:0
4692329	TX_ANT	ff	362:0:10:20:140
4692329	PKT	0:241:218282:362:396478:0:0
4693329	TX_ANT	ff	390:0:9:18:153
4693329	PKT	0:257:234966:390:430746:0:0
[VISION][STATUS] FPS=32 | mavi=— kirmizi=— | tespit=BEKLİYOR | kuyruk=0
4694330	TX_ANT	ff	367:0:10:18:113
4694330	PKT	0:246:221152:367:399488:0:0
4695329	TX_ANT	ff	373:0:9:19:179
4695329	PKT	0:248:223661:373:407765:0:0
4696329	TX_ANT	ff	372:0:10:19:424
4696329	PKT	0:247:223444:372:407520:0:0
4697329	TX_ANT	ff	371:0:10:19:132
4697329	PKT	0:246:224376:371:408424:0:0
4698329	TX_ANT	ff	361:0:10:20:139
4698329	PKT	0:240:215839:361:394007:0:0
[VISION][STATUS] FPS=32 | mavi=— kirmizi=— | tespit=BEKLİYOR | kuyruk=0
4699330	TX_ANT	ff	372:0:9:20:148
4699330	PKT	0:247:225939:372:410015:0:0
4700329	TX_ANT	ff	372:0:10:22:227
4700329	PKT	0:247:222644:372:406720:0:0
4701329	TX_ANT	ff	386:0:10:22:152
4701329	PKT	0:257:235150:386:425218:0:0
4702329	TX_ANT	ff	371:0:10:23:219
4702329	PKT	0:246:222704:371:406752:0:0
4703329	TX_ANT	ff	373:0:10:21:204
4703329	PKT	0:248:224226:373:408330:0:0
[VISION][STATUS] FPS=32 | mavi=— kirmizi=— | tespit=BEKLİYOR | kuyruk=0
4704329	TX_ANT	ff	367:0:10:20:161
4704329	PKT	0:246:222284:367:400620:0:0
4705329	TX_ANT	ff	361:0:9:19:108
4705329	PKT	0:240:217171:361:395339:0:0
4706329	TX_ANT	ff	374:0:10:19:147
4706329	PKT	0:249:226848:374:410980:0:0
4707329	TX_ANT	ff	372:0:10:19:121
4707329	PKT	0:247:221374:372:405450:0:0
4708329	TX_ANT	ff	372:0:10:21:186
4708329	PKT	0:247:220584:372:404660:0:0
[VISION][STATUS] FPS=32 | mavi=— kirmizi=— | tespit=BEKLİYOR | kuyruk=0
4709330	TX_ANT	ff	386:0:10:19:231
4709330	PKT	0:257:232591:386:422659:0:0
4710329	TX_ANT	ff	371:0:10:18:319
4710329	PKT	0:246:221347:371:405395:0:0
4711329	TX_ANT	ff	362:0:10:20:109
4711329	PKT	0:241:216833:362:395029:0:0
4712329	TX_ANT	ff	369:0:10:20:180
4712329	PKT	0:244:223289:369:407281:0:0
4713329	TX_ANT	ff	367:0:9:20:150
4713329	PKT	0:246:220976:367:399312:0:0
[VISION][STATUS] FPS=32 | mavi=— kirmizi=— | tespit=BEKLİYOR | kuyruk=0
4714329	TX_ANT	ff	372:0:10:19:152
4714329	PKT	0:247:224491:372:408567:0:0
4715329	TX_ANT	ff	371:0:10:21:140
4715329	PKT	0:246:222394:371:406442:0:0
4716329	TX_ANT	ff	371:0:10:20:181
4716329	PKT	0:246:221915:371:405963:0:0
4717329	TX_ANT	ff	386:0:10:19:198
4717329	PKT	0:257:234185:386:424253:0:0
4718329	TX_ANT	ff	361:0:10:20:193
4718329	PKT	0:240:218392:361:396560:0:0
[VISION][STATUS] FPS=32 | mavi=— kirmizi=— | tespit=BEKLİYOR | kuyruk=0
4719329	TX_ANT	ff	371:0:10:20:162
4719329	PKT	0:246:223393:371:407441:0:0
4720329	TX_ANT	ff	372:0:10:20:203
4720329	PKT	0:247:222209:372:406285:0:0
4721329	TX_ANT	ff	367:0:10:18:157
4721329	PKT	0:246:224006:367:402342:0:0
4722329	TX_ANT	ff	379:0:9:18:117
4722329	PKT	0:250:225831:379:415703:0:0
4723329	TX_ANT	ff	366:0:10:18:135
4723329	PKT	0:245:222203:366:400511:0:0
[VISION][STATUS] FPS=33 | mavi=— kirmizi=— | tespit=BEKLİYOR | kuyruk=0
4724329	TX_ANT	ff	369:0:10:18:184
4724329	PKT	0:244:219028:369:403020:0:0
4725329	TX_ANT	ff	379:0:9:17:128
4725329	PKT	0:254:232166:379:416438:0:0
4726329	TX_ANT	ff	373:0:10:19:106
4726329	PKT	0:248:223535:373:407639:0:0
4727331	TX_ANT	ff	373:0:9:19:141
4727331	PKT	0:248:223740:373:407844:0:0
4728329	TX_ANT	ff	372:0:10:18:105
4728329	PKT	0:247:221934:372:406010:0:0
[VISION][STATUS] FPS=32 | mavi=— kirmizi=— | tespit=BEKLİYOR | kuyruk=0
4729329	TX_ANT	ff	372:0:10:21:282
4729329	PKT	0:247:223834:372:407910:0:0
4730329	TX_ANT	ff	369:0:9:21:186
4730329	PKT	0:244:222074:369:406066:0:0
4731330	TX_ANT	ff	362:0:10:20:201
4731330	PKT	0:241:217302:362:395498:0:0
4732332	TX_ANT	ff	373:0:10:18:150
4732332	PKT	0:248:223672:373:407776:0:0
4733330	TX_ANT	ff	386:0:10:18:115
4733330	PKT	0:257:233990:386:424058:0:0
[VISION][STATUS] FPS=32 | mavi=— kirmizi=— | tespit=BEKLİYOR | kuyruk=0
4734329	TX_ANT	ff	372:0:10:17:103
4734329	PKT	0:247:222280:372:406356:0:0
4735329	TX_ANT	ff	372:0:9:18:126
4735329	PKT	0:247:222426:372:406502:0:0
4736329	TX_ANT	ff	373:0:9:20:177
4736329	PKT	0:248:222769:373:406873:0:0
4737329	TX_ANT	ff	362:0:10:19:212
4737329	PKT	0:241:219972:362:398168:0:0
4738329	TX_ANT	ff	374:0:10:18:226
4738329	PKT	0:249:224921:374:409053:0:0
4739329	TX_ANT	ff	371:0:10:21:513
4739329	PKT	0:246:221390:371:405438:0:0
[VISION][STATUS] FPS=32 | mavi=— kirmizi=— | tespit=BEKLİYOR | kuyruk=0
4740330	TX_ANT	ff	367:0:10:18:124
4740330	PKT	0:246:221729:367:400065:0:0
4741329	TX_ANT	ff	385:0:10:19:247
4741329	PKT	0:256:233921:385:423961:0:0
4742329	TX_ANT	ff	372:0:9:19:191
4742329	PKT	0:247:222271:372:406347:0:0
4743329	TX_ANT	ff	370:0:9:18:138
4743329	PKT	0:245:219765:370:403785:0:0
4744329	TX_ANT	ff	360:0:10:17:113
4744329	PKT	0:239:214313:360:392453:0:0
[VISION][STATUS] FPS=32 | mavi=— kirmizi=— | tespit=BEKLİYOR | kuyruk=0
4745329	TX_ANT	ff	371:0:10:18:119
4745329	PKT	0:246:222297:371:406345:0:0
4746329	TX_ANT	ff	366:0:10:19:127
4746329	PKT	0:245:221213:366:399521:0:0
4747329	TX_ANT	ff	373:0:9:18:141
4747329	PKT	0:248:223189:373:407293:0:0
4748329	TX_ANT	ff	371:0:9:18:127
4748329	PKT	0:246:224011:371:408059:0:0
4749329	TX_ANT	ff	384:0:10:21:271
4749329	PKT	0:255:232331:384:422343:0:0
[VISION][STATUS] FPS=32 | mavi=— kirmizi=— | tespit=BEKLİYOR | kuyruk=0
4750329	TX_ANT	ff	361:0:9:19:204
4750329	PKT	0:240:217639:361:395807:0:0
4751331	TX_ANT	ff	373:0:10:18:170
4751331	PKT	0:248:222248:373:406352:0:0
4752332	TX_ANT	ff	372:0:9:18:129
4752332	PKT	0:247:221620:372:405696:0:0
4753331	TX_ANT	ff	372:0:10:19:187
4753331	PKT	0:247:221663:372:405739:0:0
4754329	TX_ANT	ff	375:0:9:18:161
4754329	PKT	0:250:227001:375:411161:0:0
[VISION][STATUS] FPS=32 | mavi=— kirmizi=— | tespit=BEKLİYOR | kuyruk=0
4755329	TX_ANT	ff	366:0:9:18:106
4755329	PKT	0:245:220628:366:398936:0:0
4756329	TX_ANT	ff	371:0:10:19:198
4756329	PKT	0:246:220797:371:404845:0:0
4757330	TX_ANT	ff	360:0:10:18:106
4757330	PKT	0:239:213903:360:392043:0:0
4758329	TX_ANT	ff	384:0:10:18:131
4758329	PKT	0:255:233878:384:423890:0:0
4759331	TX_ANT	ff	373:0:10:19:349
4759331	PKT	0:248:222618:373:406722:0:0
[VISION][STATUS] FPS=32 | mavi=— kirmizi=— | tespit=BEKLİYOR | kuyruk=0
4760330	TX_ANT	ff	371:0:10:17:133
4760330	PKT	0:246:220172:371:404220:0:0
4761329	TX_ANT	ff	372:0:10:19:113
4761329	PKT	0:247:221483:372:405559:0:0
4762329	TX_ANT	ff	368:0:9:19:202
4762329	PKT	0:247:223518:368:401882:0:0
4763329	TX_ANT	ff	361:0:9:19:216
4763329	PKT	0:240:215634:361:393802:0:0
4764331	TX_ANT	ff	371:0:9:18:109
4764331	PKT	0:246:220193:371:404241:0:0
[VISION][STATUS] FPS=32 | mavi=— kirmizi=— | tespit=BEKLİYOR | kuyruk=0
4765329	TX_ANT	ff	373:0:10:20:166
4765329	PKT	0:248:226020:373:410124:0:0
4766330	TX_ANT	ff	386:0:10:20:238
4766330	PKT	0:257:238430:386:428498:0:0
4767329	TX_ANT	ff	372:0:10:18:177
4767329	PKT	0:247:223232:372:407308:0:0
4768329	TX_ANT	ff	371:0:9:18:154
4768329	PKT	0:246:221799:371:405847:0:0
4769329	TX_ANT	ff	371:0:9:18:112
4769329	PKT	0:246:222609:371:406657:0:0
[VISION][STATUS] FPS=32 | mavi=— kirmizi=— | tespit=BEKLİYOR | kuyruk=0
4770329	TX_ANT	ff	360:0:10:19:157
4770329	PKT	0:239:214493:360:392633:0:0
4771329	TX_ANT	ff	373:0:10:18:124
4771329	PKT	0:248:224592:373:408696:0:0
4772329	TX_ANT	ff	365:0:9:19:173
4772329	PKT	0:244:219309:365:397589:0:0
4773329	TX_ANT	ff	370:0:10:18:99
4773329	PKT	0:245:220950:370:404970:0:0
4774329	TX_ANT	ff	384:0:9:19:137
4774329	PKT	0:255:231731:384:421743:0:0
[VISION][STATUS] FPS=32 | mavi=— kirmizi=— | tespit=BEKLİYOR | kuyruk=0
4775329	TX_ANT	ff	367:0:10:20:202
4775329	PKT	0:246:222450:367:400786:0:0
4776329	TX_ANT	ff	370:0:10:19:159
4776329	PKT	0:245:220574:370:404594:0:0
4777330	TX_ANT	ff	359:0:10:20:159
4777330	PKT	0:238:214067:359:392179:0:0
4778329	TX_ANT	ff	366:0:10:25:346
4778329	PKT	0:245:221587:366:399895:0:0
4779329	TX_ANT	ff	372:0:10:21:148
4779329	PKT	0:247:221159:372:405235:0:0
[VISION][STATUS] FPS=32 | mavi=— kirmizi=— | tespit=BEKLİYOR | kuyruk=0
4780329	TX_ANT	ff	371:0:10:27:375
4780329	PKT	0:246:220519:371:404567:0:0
4781329	TX_ANT	ff	370:0:10:22:317
4781329	PKT	0:245:223081:370:407101:0:0
4782329	TX_ANT	ff	380:0:10:19:101
4782329	PKT	0:255:232023:380:416323:0:0
4783330	TX_ANT	ff	359:0:10:18:180
4783330	PKT	0:238:214871:359:392983:0:0
4784329	TX_ANT	ff	371:0:9:19:169
4784329	PKT	0:246:221702:371:405750:0:0
[VISION][STATUS] FPS=32 | mavi=— kirmizi=— | tespit=BEKLİYOR | kuyruk=0
4785329	TX_ANT	ff	372:0:9:19:136
4785329	PKT	0:247:222435:372:406511:0:0
4786329	TX_ANT	ff	366:0:10:22:147
4786329	PKT	0:245:221146:366:399454:0:0
4787330	TX_ANT	ff	378:0:10:22:193
4787330	PKT	0:249:226784:378:416628:0:0
4788329	TX_ANT	ff	367:0:9:21:91
4788329	PKT	0:246:221707:367:400043:0:0
4789329	TX_ANT	ff	371:0:9:22:111
4789329	PKT	0:246:221336:371:405384:0:0
[VISION][STATUS] FPS=32 | mavi=— kirmizi=— | tespit=BEKLİYOR | kuyruk=0
4790329	TX_ANT	ff	374:0:10:23:307
4790329	PKT	0:249:228576:374:412708:0:0
4791329	TX_ANT	ff	370:0:10:22:182
4791329	PKT	0:245:220818:370:404838:0:0
4792329	TX_ANT	ff	371:0:9:23:160
4792329	PKT	0:246:223404:371:407452:0:0
4793330	TX_ANT	ff	367:0:9:21:184
4793330	PKT	0:246:220170:367:398506:0:0
4794329	TX_ANT	ff	372:0:9:19:105
4794329	PKT	0:247:223554:372:407630:0:0
[VISION][STATUS] FPS=32 | mavi=— kirmizi=— | tespit=BEKLİYOR | kuyruk=0
4795329	TX_ANT	ff	371:0:9:19:114
4795329	PKT	0:246:223276:371:407324:0:0
4796329	TX_ANT	ff	362:0:9:19:181
4796329	PKT	0:241:215607:362:393803:0:0
4797329	TX_ANT	ff	370:0:9:19:199
4797329	PKT	0:245:221786:370:405806:0:0
4798329	TX_ANT	ff	386:0:9:19:173
4798329	PKT	0:257:233976:386:424044:0:0
4799329	TX_ANT	ff	371:0:9:19:188
4799329	PKT	0:246:221159:371:405207:0:0
[VISION][STATUS] FPS=32 | mavi=— kirmizi=— | tespit=BEKLİYOR | kuyruk=0
4800329	TX_ANT	ff	368:0:10:22:355
4800329	PKT	0:247:223195:368:401559:0:0
4801329	TX_ANT	ff	372:0:10:19:137
4801329	PKT	0:247:221392:372:405468:0:0
4802329	TX_ANT	ff	371:0:9:17:132
4802329	PKT	0:246:224042:371:408090:0:0
4803329	TX_ANT	ff	363:0:9:18:161
4803329	PKT	0:242:218980:363:397204:0:0
4804329	TX_ANT	ff	369:0:9:18:208
4804329	PKT	0:244:222664:369:406656:0:0
[VISION][STATUS] FPS=32 | mavi=— kirmizi=— | tespit=BEKLİYOR | kuyruk=0
4805329	TX_ANT	ff	374:0:10:19:182
4805329	PKT	0:249:225522:374:409654:0:0
4806329	TX_ANT	ff	384:0:10:20:246
4806329	PKT	0:255:233662:384:423674:0:0
4807329	TX_ANT	ff	371:0:10:21:169
4807329	PKT	0:246:220983:371:405031:0:0
4808330	TX_ANT	ff	367:0:10:22:274
4808330	PKT	0:246:220548:367:398884:0:0
4809330	TX_ANT	ff	360:0:10:21:221
4809330	PKT	0:239:217287:360:395427:0:0
[VISION][STATUS] FPS=32 | mavi=— kirmizi=— | tespit=BEKLİYOR | kuyruk=0
4810329	TX_ANT	ff	371:0:9:19:275
4810329	PKT	0:246:222261:371:406309:0:0
4811330	TX_ANT	ff	372:0:10:23:932
4811330	PKT	0:247:222945:372:407021:0:0
4812329	TX_ANT	ff	366:0:10:23:612
4812329	PKT	0:245:220960:366:399268:0:0
4813329	TX_ANT	ff	372:0:9:19:130
4813329	PKT	0:247:221472:372:405548:0:0
4814329	TX_ANT	ff	386:0:10:17:101
4814329	PKT	0:257:233059:386:423127:0:0
[VISION][STATUS] FPS=32 | mavi=— kirmizi=— | tespit=BEKLİYOR | kuyruk=0
4815329	TX_ANT	ff	361:0:9:18:170
4815329	PKT	0:240:214756:361:392924:0:0
4816329	TX_ANT	ff	370:0:10:18:149
4816329	PKT	0:245:221837:370:405857:0:0
4817329	TX_ANT	ff	373:0:10:18:198
4817329	PKT	0:248:223099:373:407203:0:0
4818330	TX_ANT	ff	371:0:9:18:98
4818330	PKT	0:246:227328:371:411376:0:0
4819330	TX_ANT	ff	372:0:9:18:153
4819330	PKT	0:247:226855:372:410931:0:0
[VISION][STATUS] FPS=32 | mavi=— kirmizi=— | tespit=BEKLİYOR | kuyruk=0
4820330	TX_ANT	ff	365:0:9:18:137
4820330	PKT	0:244:220717:365:398997:0:0
4821329	TX_ANT	ff	363:0:9:21:212
4821329	PKT	0:242:219573:363:397797:0:0
4822329	TX_ANT	ff	354:0:10:18:154
4822329	PKT	0:233:211408:354:389380:0:0
4823329	TX_ANT	ff	377:0:9:19:177
4823329	PKT	0:252:231494:377:415710:0:0
4824329	TX_ANT	ff	364:0:10:20:135
4824329	PKT	0:243:222104:364:400356:0:0
[VISION][STATUS] FPS=32 | mavi=— kirmizi=— | tespit=BEKLİYOR | kuyruk=0
4825329	TX_ANT	ff	361:0:10:19:181
4825329	PKT	0:240:221938:361:400106:0:0
4826329	TX_ANT	ff	367:0:10:19:117
4826329	PKT	0:242:220690:367:404626:0:0
4827329	TX_ANT	ff	364:0:9:20:196
4827329	PKT	0:243:220548:364:398800:0:0
4828329	TX_ANT	ff	364:0:9:17:103
4828329	PKT	0:243:219291:364:397543:0:0
4829329	TX_ANT	ff	357:0:10:19:181
4829329	PKT	0:236:215090:357:393146:0:0
[VISION][STATUS] FPS=32 | mavi=— kirmizi=— | tespit=BEKLİYOR | kuyruk=0
4830329	TX_ANT	ff	370:0:10:18:148
4830329	PKT	0:245:222490:370:406510:0:0
4831329	TX_ANT	ff	375:0:9:20:166
4831329	PKT	0:250:229859:375:414019:0:0
4832329	TX_ANT	ff	364:0:10:23:145
4832329	PKT	0:243:220856:364:399108:0:0
4833329	TX_ANT	ff	372:0:10:23:253
4833329	PKT	0:247:223189:372:407265:0:0
4834329	TX_ANT	ff	363:0:10:22:149
4834329	PKT	0:242:221087:363:399311:0:0
[VISION][STATUS] FPS=32 | mavi=— kirmizi=— | tespit=BEKLİYOR | kuyruk=0
4835330	TX_ANT	ff	360:0:10:20:204
4835330	PKT	0:239:221492:360:399632:0:0
4836329	TX_ANT	ff	355:0:9:19:116
4836329	PKT	0:235:214784:355:392724:0:0
4837329	TX_ANT	ff	362:0:9:19:222
4837329	PKT	0:241:220288:362:398484:0:0
4838329	TX_ANT	ff	364:0:10:18:144
4838329	PKT	0:243:220656:364:398908:0:0
4839329	TX_ANT	ff	381:0:10:18:167
4839329	PKT	0:252:233046:381:422974:0:0
[VISION][STATUS] FPS=32 | mavi=— kirmizi=— | tespit=BEKLİYOR | kuyruk=0
4840329	TX_ANT	ff	363:0:10:17:99
4840329	PKT	0:242:224335:363:402559:0:0
4841329	TX_ANT	ff	348:0:10:20:182
4841329	PKT	0:231:212466:348:384670:0:0
4842329	TX_ANT	ff	365:0:9:19:160
4842329	PKT	0:244:221276:365:399556:0:0
4843329	TX_ANT	ff	372:0:9:18:109
4843329	PKT	0:247:224195:372:408271:0:0
4844332	TX_ANT	ff	369:0:9:18:203
4844332	PKT	0:244:222844:369:406836:0:0
[VISION][STATUS] FPS=32 | mavi=— kirmizi=— | tespit=BEKLİYOR | kuyruk=0
4845330	TX_ANT	ff	365:0:9:19:170
4845330	PKT	0:244:219990:365:398270:0:0
4846329	TX_ANT	ff	370:0:9:18:135
4846329	PKT	0:245:222112:370:406132:0:0
4847330	TX_ANT	ff	375:0:10:19:164
4847330	PKT	0:250:231172:375:415332:0:0
4848329	TX_ANT	ff	353:0:9:20:784
4848329	PKT	0:236:212254:353:384598:0:0
4849329	TX_ANT	ff	368:0:10:18:187
4849329	PKT	0:243:221502:368:405466:0:0
[VISION][STATUS] FPS=32 | mavi=— kirmizi=— | tespit=BEKLİYOR | kuyruk=0
4850329	TX_ANT	ff	374:0:10:21:245
4850329	PKT	0:249:229308:374:413440:0:0
4851330	TX_ANT	ff	362:0:9:20:186
4851330	PKT	0:241:219285:362:397481:0:0
4852331	TX_ANT	ff	363:0:9:20:175
4852331	PKT	0:242:223330:363:401554:0:0
4853329	TX_ANT	ff	361:0:10:18:205
4853329	PKT	0:240:219362:361:397530:0:0
4854329	TX_ANT	ff	362:0:10:19:194
4854329	PKT	0:241:221392:362:399588:0:0
[VISION][STATUS] FPS=32 | mavi=— kirmizi=— | tespit=BEKLİYOR | kuyruk=0
4855329	TX_ANT	ff	368:0:10:19:118
4855329	PKT	0:243:225821:368:409785:0:0
4856332	TX_ANT	ff	364:0:10:19:200
4856332	PKT	0:243:217878:364:396130:0:0
4857329	TX_ANT	ff	362:0:10:24:271
4857329	PKT	0:241:219330:362:397526:0:0
4858329	TX_ANT	ff	367:0:10:22:192
4858329	PKT	0:242:221970:367:405906:0:0
4859329	TX_ANT	ff	366:0:9:22:101
4859329	PKT	0:245:222966:366:401274:0:0
[VISION][STATUS] FPS=32 | mavi=— kirmizi=— | tespit=BEKLİYOR | kuyruk=0
4860329	TX_ANT	ff	370:0:10:23:197
4860329	PKT	0:245:224634:370:408654:0:0
4861329	TX_ANT	ff	360:0:10:23:195
4861329	PKT	0:239:217412:360:395552:0:0
4862329	TX_ANT	ff	355:0:10:23:203
4862329	PKT	0:238:214505:355:386905:0:0
4863330	TX_ANT	ff	373:0:10:22:198
4863330	PKT	0:248:231342:373:415446:0:0
4864329	TX_ANT	ff	368:0:10:23:276
4864329	PKT	0:243:219798:368:403762:0:0
[VISION][STATUS] FPS=32 | mavi=— kirmizi=— | tespit=BEKLİYOR | kuyruk=0
4865329	TX_ANT	ff	361:0:10:22:175
4865329	PKT	0:240:217608:361:395776:0:0
4866329	TX_ANT	ff	363:0:10:22:180
4866329	PKT	0:242:220425:363:398649:0:0
4867329	TX_ANT	ff	362:0:10:23:315
4867329	PKT	0:241:220925:362:399121:0:0
4868329	TX_ANT	ff	358:0:10:22:110
4868329	PKT	0:237:216888:358:394972:0:0
4869329	TX_ANT	ff	362:0:10:21:169
4869329	PKT	0:241:217103:362:395299:0:0
[VISION][STATUS] FPS=32 | mavi=— kirmizi=— | tespit=BEKLİYOR | kuyruk=0
4870329	TX_ANT	ff	360:0:10:23:258
4870329	PKT	0:239:216846:360:394986:0:0
4871329	TX_ANT	ff	378:0:10:22:355
4871329	PKT	0:253:231391:378:415635:0:0
4872329	TX_ANT	ff	361:0:10:23:199
4872329	PKT	0:240:221142:361:399310:0:0
4873329	TX_ANT	ff	368:0:10:23:312
4873329	PKT	0:243:219418:368:403382:0:0
4874330	TX_ANT	ff	363:0:10:21:126
4874330	PKT	0:242:220146:363:398370:0:0
[VISION][STATUS] FPS=32 | mavi=— kirmizi=— | tespit=BEKLİYOR | kuyruk=0
4875330	TX_ANT	ff	352:0:10:24:289
4875330	PKT	0:235:213897:352:386213:0:0
4876330	TX_ANT	ff	367:0:10:22:299
4876330	PKT	0:242:222047:367:405983:0:0
4877330	TX_ANT	ff	361:0:10:21:404
4877330	PKT	0:240:217773:361:395941:0:0
4878329	TX_ANT	ff	361:0:9:19:427
4878329	PKT	0:240:217196:361:395364:0:0
4879330	TX_ANT	ff	379:0:9:18:144
4879330	PKT	0:254:233362:379:417634:0:0
[VISION][STATUS] FPS=32 | mavi=— kirmizi=— | tespit=BEKLİYOR | kuyruk=0
4880329	TX_ANT	ff	361:0:10:18:122
4880329	PKT	0:240:218687:361:396855:0:0
4881329	TX_ANT	ff	355:0:10:18:174
4881329	PKT	0:234:214167:355:392167:0:0
4882329	TX_ANT	ff	364:0:10:20:182
4882329	PKT	0:243:221575:364:399827:0:0
4883329	TX_ANT	ff	362:0:9:20:223
4883329	PKT	0:241:219342:362:397538:0:0
4884329	TX_ANT	ff	372:0:10:22:171
4884329	PKT	0:247:223637:372:407713:0:0
[VISION][STATUS] FPS=32 | mavi=— kirmizi=— | tespit=BEKLİYOR | kuyruk=0
4885329	TX_ANT	ff	358:0:10:22:283
4885329	PKT	0:237:217738:358:395822:0:0
4886329	TX_ANT	ff	360:0:10:22:305
4886329	PKT	0:239:219243:360:397383:0:0
4887329	TX_ANT	ff	377:0:10:21:154
4887329	PKT	0:252:230987:377:415203:0:0
4888330	TX_ANT	ff	357:0:10:21:113
4888330	PKT	0:236:213897:357:391953:0:0
4889329	TX_ANT	ff	366:0:10:24:281
4889329	PKT	0:245:223921:366:402229:0:0
[VISION][STATUS] FPS=32 | mavi=— kirmizi=— | tespit=BEKLİYOR | kuyruk=0
4890329	TX_ANT	ff	360:0:10:18:236
4890329	PKT	0:239:217080:360:395220:0:0
4891329	TX_ANT	ff	362:0:10:19:116
4891329	PKT	0:241:220521:362:398717:0:0
4892329	TX_ANT	ff	369:0:10:18:116
4892329	PKT	0:244:220947:369:404939:0:0
4893329	TX_ANT	ff	365:0:9:21:207
4893329	PKT	0:244:220796:365:399076:0:0
4894329	TX_ANT	ff	357:0:10:19:191
4894329	PKT	0:236:216789:357:394845:0:0
[VISION][STATUS] FPS=32 | mavi=— kirmizi=— | tespit=BEKLİYOR | kuyruk=0
4895329	TX_ANT	ff	363:0:9:17:138
4895329	PKT	0:242:221189:363:399413:0:0
4896329	TX_ANT	ff	376:0:10:18:184
4896329	PKT	0:251:233401:376:417589:0:0
4897329	TX_ANT	ff	367:0:9:18:102
4897329	PKT	0:242:219885:367:403821:0:0
4898329	TX_ANT	ff	363:0:9:19:112
4898329	PKT	0:242:219084:363:397308:0:0
4899329	TX_ANT	ff	361:0:9:19:168
4899329	PKT	0:240:219232:361:397400:0:0
[VISION][STATUS] FPS=32 | mavi=— kirmizi=— | tespit=BEKLİYOR | kuyruk=0
4900329	TX_ANT	ff	360:0:10:21:226
4900329	PKT	0:239:216788:360:394928:0:0
4901330	TX_ANT	ff	361:0:9:18:168
4901330	PKT	0:240:218978:361:397146:0:0
4902329	TX_ANT	ff	363:0:9:19:124
4902329	PKT	0:242:221472:363:399696:0:0
4903329	TX_ANT	ff	361:0:9:21:184
4903329	PKT	0:240:220215:361:398383:0:0
4904329	TX_ANT	ff	376:0:10:19:192
4904329	PKT	0:251:229129:376:413317:0:0
[VISION][STATUS] FPS=32 | mavi=— kirmizi=— | tespit=BEKLİYOR | kuyruk=0
4905329	TX_ANT	ff	362:0:9:18:105
4905329	PKT	0:241:219463:362:397659:0:0
4906329	TX_ANT	ff	359:0:10:19:180
4906329	PKT	0:238:217354:359:395466:0:0
4907329	TX_ANT	ff	351:0:10:21:151
4907329	PKT	0:234:213215:351:385503:0:0
4908329	TX_ANT	ff	368:0:9:20:210
4908329	PKT	0:243:223009:368:406973:0:0
4909329	TX_ANT	ff	362:0:10:19:188
4909329	PKT	0:241:218755:362:396951:0:0
[VISION][STATUS] FPS=32 | mavi=— kirmizi=— | tespit=BEKLİYOR | kuyruk=0
4910329	TX_ANT	ff	362:0:9:18:192
4910329	PKT	0:241:219696:362:397892:0:0
4911329	TX_ANT	ff	362:0:10:18:106
4911329	PKT	0:241:221519:362:399715:0:0
4912329	TX_ANT	ff	370:0:10:19:157
4912329	PKT	0:245:225776:370:409796:0:0
4913329	TX_ANT	ff	363:0:10:21:163
4913329	PKT	0:242:223430:363:401654:0:0
4914329	TX_ANT	ff	364:0:10:19:155
4914329	PKT	0:243:218220:364:396472:0:0
[VISION][STATUS] FPS=32 | mavi=— kirmizi=— | tespit=BEKLİYOR | kuyruk=0
4915329	TX_ANT	ff	366:0:9:19:194
4915329	PKT	0:241:221262:366:405170:0:0
4916329	TX_ANT	ff	356:0:9:18:142
4916329	PKT	0:239:218593:356:391021:0:0
4917330	TX_ANT	ff	371:0:9:19:103
4917330	PKT	0:246:225427:371:409475:0:0
4918329	TX_ANT	ff	363:0:9:18:179
4918329	PKT	0:242:219173:363:397397:0:0
4919329	TX_ANT	ff	361:0:10:18:187
4919329	PKT	0:240:221903:361:400071:0:0
[VISION][STATUS] FPS=32 | mavi=— kirmizi=— | tespit=BEKLİYOR | kuyruk=0
4920329	TX_ANT	ff	369:0:10:18:183
4920329	PKT	0:244:222801:369:406793:0:0
4921329	TX_ANT	ff	363:0:9:19:186
4921329	PKT	0:242:218370:363:396594:0:0
4922329	TX_ANT	ff	360:0:10:18:108
4922329	PKT	0:239:217064:360:395204:0:0
4923330	TX_ANT	ff	360:0:9:22:413
4923330	PKT	0:239:217655:360:395795:0:0
4924329	TX_ANT	ff	364:0:9:20:357
4924329	PKT	0:243:222219:364:400471:0:0
[VISION][STATUS] FPS=32 | mavi=— kirmizi=— | tespit=BEKLİYOR | kuyruk=0
4925330	TX_ANT	ff	369:0:9:18:104
4925330	PKT	0:244:220819:369:404811:0:0
4926329	TX_ANT	ff	363:0:10:19:151
4926329	PKT	0:242:220968:363:399192:0:0
4927329	TX_ANT	ff	352:0:9:18:97
4927329	PKT	0:235:215912:352:388228:0:0
4928330	TX_ANT	ff	378:0:10:20:320
4928330	PKT	0:249:231518:378:421362:0:0
4929329	TX_ANT	ff	365:0:10:21:153
4929329	PKT	0:244:224093:365:402373:0:0
[VISION][STATUS] FPS=32 | mavi=— kirmizi=— | tespit=BEKLİYOR | kuyruk=0
4930329	TX_ANT	ff	351:0:9:24:360
4930329	PKT	0:234:213411:351:385699:0:0
4931329	TX_ANT	ff	343:0:10:23:191
4931329	PKT	0:226:205491:343:377555:0:0
4932329	TX_ANT	ff	341:0:9:18:128
4932329	PKT	0:228:209285:341:375693:0:0
4933329	TX_ANT	ff	346:0:9:20:126
4933329	PKT	0:229:207180:346:379328:0:0
4934329	TX_ANT	ff	342:0:10:22:1165
4934329	PKT	0:229:209482:342:375918:0:0
[VISION][STATUS] FPS=32 | mavi=— kirmizi=— | tespit=BEKLİYOR | kuyruk=0
4935329	TX_ANT	ff	349:0:10:22:218
4935329	PKT	0:232:213312:349:385544:0:0
4936329	TX_ANT	ff	346:0:10:27:320
4936329	PKT	0:229:209346:346:381494:0:0
4937329	TX_ANT	ff	340:0:10:26:271
4937329	PKT	0:227:207136:340:373516:0:0
4938329	TX_ANT	ff	343:0:10:23:324
4938329	PKT	0:226:207368:343:379432:0:0
4939329	TX_ANT	ff	342:0:10:24:282
4939329	PKT	0:229:209062:342:375498:0:0
[VISION][STATUS] FPS=32 | mavi=(567,156) kirmizi=— | tespit=BEKLİYOR | kuyruk=0
4940329	TX_ANT	ff	344:0:10:29:541
4940329	PKT	0:227:208935:344:381027:0:0
4941329	TX_ANT	ff	341:0:10:28:373
4941329	PKT	0:228:212993:341:379401:0:0
4942329	TX_ANT	ff	348:0:10:26:1063
4942329	PKT	0:231:210732:348:382936:0:0
4943329	TX_ANT	ff	346:0:10:24:287
4943329	PKT	0:229:208605:346:380753:0:0
4944329	TX_ANT	ff	338:0:10:24:209
4944329	PKT	0:225:210160:338:376484:0:0
[VISION][STATUS] FPS=32 | mavi=— kirmizi=— | tespit=BEKLİYOR | kuyruk=0
4945329	TX_ANT	ff	349:0:10:28:498
4945329	PKT	0:232:215533:349:387765:0:0
4946329	TX_ANT	ff	348:0:10:26:673
4946329	PKT	0:231:211490:348:383694:0:0
4947329	TX_ANT	ff	341:0:10:20:268
4947329	PKT	0:228:209162:341:375570:0:0
4948329	TX_ANT	ff	345:0:10:22:288
4948329	PKT	0:228:210033:345:382153:0:0
4949329	TX_ANT	ff	344:0:10:19:197
4949329	PKT	0:231:212687:344:379179:0:0
4950329	TX_ANT	ff	346:0:10:20:185
4950329	PKT	0:229:211075:346:383223:0:0
[VISION][STATUS] FPS=32 | mavi=(623,159) kirmizi=— | tespit=BEKLİYOR | kuyruk=0
4951329	TX_ANT	ff	347:0:10:30:574
4951329	PKT	0:230:212679:347:384855:0:0
4952329	TX_ANT	ff	349:0:10:26:508
4952329	PKT	0:232:213292:349:385524:0:0
4953329	TX_ANT	ff	350:0:10:21:132
4953329	PKT	0:233:217666:350:389926:0:0
4954329	TX_ANT	ff	340:0:10:51:2450
4954329	PKT	0:227:209002:340:375382:0:0
4955329	TX_ANT	ff	348:0:10:27:322
4955329	PKT	0:231:211039:348:383243:0:0
[VISION][STATUS] FPS=32 | mavi=— kirmizi=— | tespit=BEKLİYOR | kuyruk=0
4956330	TX_ANT	ff	357:0:10:41:1227
4956330	PKT	0:236:223236:357:401292:0:0
4957329	TX_ANT	ff	351:0:10:36:1382
4957329	PKT	0:234:219570:351:391858:0:0
4958329	TX_ANT	ff	347:0:10:23:306
4958329	PKT	0:230:212838:347:385014:0:0
4959329	TX_ANT	ff	340:0:10:21:292
4959329	PKT	0:227:206963:340:373343:0:0
4960329	TX_ANT	ff	351:0:10:25:175
4960329	PKT	0:234:214698:351:386986:0:0
[VISION][STATUS] FPS=32 | mavi=— kirmizi=— | tespit=BEKLİYOR | kuyruk=0
4961329	TX_ANT	ff	337:0:9:23:291
4961329	PKT	0:224:207747:337:374043:0:0
4962329	TX_ANT	ff	343:0:10:27:1241
4962329	PKT	0:226:207285:343:379349:0:0
4963329	TX_ANT	ff	342:0:10:19:114
4963329	PKT	0:229:213146:342:379582:0:0
4964329	TX_ANT	ff	357:0:10:38:4187
4964329	PKT	0:236:217814:357:395870:0:0
4965329	TX_ANT	ff	352:0:10:19:142
4965329	PKT	0:235:216726:352:389042:0:0
[VISION][STATUS] FPS=32 | mavi=— kirmizi=— | tespit=BEKLİYOR | kuyruk=0
4966329	TX_ANT	ff	347:0:10:22:439
4966329	PKT	0:230:212029:347:384205:0:0
4967332	TX_ANT	ff	339:0:10:22:150
4967332	PKT	0:226:209597:339:375949:0:0
4968332	TX_ANT	ff	338:0:10:26:839
4968332	PKT	0:225:209320:338:375644:0:0
4969330	TX_ANT	ff	347:0:10:37:2550
4969330	PKT	0:230:209983:347:382159:0:0
4970329	TX_ANT	ff	350:0:10:23:575
4970329	PKT	0:233:211454:350:383714:0:0
[VISION][STATUS] FPS=32 | mavi=— kirmizi=— | tespit=BEKLİYOR | kuyruk=0
4971329	TX_ANT	ff	347:0:10:27:1303
4971329	PKT	0:230:208545:347:380721:0:0
4972329	TX_ANT	ff	348:0:10:23:468
4972329	PKT	0:231:211902:348:384106:0:0
4973329	TX_ANT	ff	342:0:10:21:190
4973329	PKT	0:229:209451:342:375887:0:0
4974329	TX_ANT	ff	346:0:10:32:988
4974329	PKT	0:229:206149:346:378297:0:0
4975329	TX_ANT	ff	347:0:10:32:1067
4975329	PKT	0:230:210542:347:382718:0:0
[VISION][STATUS] FPS=32 | mavi=— kirmizi=— | tespit=BEKLİYOR | kuyruk=0
4976329	TX_ANT	ff	341:0:10:26:624
4976329	PKT	0:228:209504:341:375912:0:0
4977329	TX_ANT	ff	339:0:10:20:137
4977329	PKT	0:226:205362:339:371714:0:0
4978329	TX_ANT	ff	336:0:10:28:1627
4978329	PKT	0:223:203983:336:370251:0:0
4979329	TX_ANT	ff	348:0:10:27:1299
4979329	PKT	0:231:210595:348:382799:0:0
4980329	TX_ANT	ff	345:0:10:24:478
4980329	PKT	0:228:207809:345:379929:0:0
[VISION][STATUS] FPS=32 | mavi=— kirmizi=— | tespit=BEKLİYOR | kuyruk=0
4981331	TX_ANT	ff	350:0:10:38:578
4981331	PKT	0:233:215040:350:387300:0:0
4982329	TX_ANT	ff	347:0:10:22:191
4982329	PKT	0:230:212681:347:384857:0:0
4983332	TX_ANT	ff	349:0:10:28:509
4983332	PKT	0:232:212196:349:384428:0:0
4984329	TX_ANT	ff	341:0:10:35:837
4984329	PKT	0:228:210759:341:377167:0:0
4985329	TX_ANT	ff	340:0:10:47:1149
4985329	PKT	0:227:207365:340:373745:0:0
[VISION][STATUS] FPS=32 | mavi=— kirmizi=— | tespit=BEKLİYOR | kuyruk=0
4986329	TX_ANT	ff	347:0:10:32:333
4986329	PKT	0:230:205421:347:377597:0:0
4987329	TX_ANT	ff	348:0:10:26:278
4987329	PKT	0:231:212591:348:384795:0:0
4988329	TX_ANT	ff	349:0:10:25:925
4988329	PKT	0:232:213192:349:385424:0:0
4989329	TX_ANT	ff	351:0:10:34:1178
4989329	PKT	0:234:215415:351:387703:0:0
4990329	TX_ANT	ff	347:0:10:34:1796
4990329	PKT	0:230:209936:347:382112:0:0
[VISION][STATUS] FPS=32 | mavi=— kirmizi=— | tespit=BEKLİYOR | kuyruk=0
4991329	TX_ANT	ff	347:0:10:29:1690
4991329	PKT	0:230:211370:347:383546:0:0
4992329	TX_ANT	ff	341:0:10:27:766
4992329	PKT	0:228:212162:341:378570:0:0
4993329	TX_ANT	ff	346:0:10:20:219
4993329	PKT	0:229:208967:346:381115:0:0
4994329	TX_ANT	ff	340:0:10:19:295
4994329	PKT	0:227:206348:340:372728:0:0
4995329	TX_ANT	ff	337:0:9:20:194
4995329	PKT	0:224:205078:337:371374:0:0
[VISION][STATUS] FPS=32 | mavi=— kirmizi=— | tespit=BEKLİYOR | kuyruk=0
4996329	TX_ANT	ff	346:0:10:23:195
4996329	PKT	0:229:210642:346:382790:0:0
4997329	TX_ANT	ff	346:0:9:28:994
4997329	PKT	0:229:208313:346:380461:0:0
4998329	TX_ANT	ff	342:0:10:40:674
4998329	PKT	0:229:207209:342:373645:0:0
4999330	TX_ANT	ff	346:0:10:27:262
4999330	PKT	0:229:209626:346:381774:0:0
5000329	TX_ANT	ff	342:0:10:37:2225
5000329	PKT	0:229:208460:342:374896:0:0
[VISION][STATUS] FPS=32 | mavi=— kirmizi=— | tespit=BEKLİYOR | kuyruk=0
5001329	TX_ANT	ff	345:0:10:27:302
5001329	PKT	0:228:208354:345:380474:0:0
5002329	TX_ANT	ff	347:0:10:30:537
5002329	PKT	0:230:213670:347:385846:0:0
5003330	TX_ANT	ff	348:0:10:32:493
5003330	PKT	0:231:211831:348:384035:0:0
5004329	TX_ANT	ff	341:0:10:37:1604
5004329	PKT	0:228:209677:341:376085:0:0
5005329	TX_ANT	ff	352:0:10:26:1099
5005329	PKT	0:235:213768:352:386084:0:0
[VISION][STATUS] FPS=32 | mavi=— kirmizi=— | tespit=BEKLİYOR | kuyruk=0
5006329	TX_ANT	ff	349:0:10:35:1008
5006329	PKT	0:232:209409:349:381641:0:0
5007329	TX_ANT	ff	347:0:10:32:298
5007329	PKT	0:230:212039:347:384215:0:0
5008330	TX_ANT	ff	338:0:10:30:493
5008330	PKT	0:225:209638:338:375962:0:0
5009329	TX_ANT	ff	355:0:10:24:292
5009329	PKT	0:234:216579:355:394579:0:0
5010329	TX_ANT	ff	343:0:10:20:210
5010329	PKT	0:230:212597:343:379061:0:0
[VISION][STATUS] FPS=32 | mavi=— kirmizi=— | tespit=BEKLİYOR | kuyruk=0
5011329	TX_ANT	ff	348:0:9:28:1161
5011329	PKT	0:231:212964:348:385168:0:0
5012330	TX_ANT	ff	349:0:10:43:1647
5012330	PKT	0:232:214236:349:386468:0:0
5013329	TX_ANT	ff	344:0:10:26:418
5013329	PKT	0:227:212781:344:384873:0:0
5014330	TX_ANT	ff	350:0:10:26:1278
5014330	PKT	0:233:214635:350:386895:0:0
5015329	TX_ANT	ff	331:0:10:28:1259
5015329	PKT	0:222:205590:331:366118:0:0
[VISION][STATUS] FPS=32 | mavi=— kirmizi=— | tespit=BEKLİYOR | kuyruk=0
5016329	TX_ANT	ff	345:0:10:33:2980
5016329	PKT	0:228:208584:345:380704:0:0
5017329	TX_ANT	ff	348:0:10:20:177
5017329	PKT	0:231:210668:348:382872:0:0
5018329	TX_ANT	ff	340:0:10:19:154
5018329	PKT	0:227:210386:340:376766:0:0
5019329	TX_ANT	ff	338:0:10:25:678
5019329	PKT	0:225:207473:338:373797:0:0
5020329	TX_ANT	ff	347:0:10:26:599
5020329	PKT	0:230:213342:347:385518:0:0
[VISION][STATUS] FPS=32 | mavi=— kirmizi=— | tespit=BEKLİYOR | kuyruk=0
5021329	TX_ANT	ff	346:0:10:25:536
5021329	PKT	0:229:211489:346:383637:0:0
5022329	TX_ANT	ff	350:0:10:28:949
5022329	PKT	0:233:215479:350:387739:0:0
5023330	TX_ANT	ff	342:0:10:24:836
5023330	PKT	0:229:210726:342:377162:0:0
5024329	TX_ANT	ff	345:0:10:32:1469
5024329	PKT	0:228:208702:345:380822:0:0
5025329	TX_ANT	ff	350:0:10:23:1199
5025329	PKT	0:233:215740:350:388000:0:0
[VISION][STATUS] FPS=32 | mavi=— kirmizi=— | tespit=BEKLİYOR | kuyruk=0
5026329	TX_ANT	ff	347:0:10:20:481
5026329	PKT	0:230:209131:347:381307:0:0
5027331	TX_ANT	ff	335:0:10:26:423
5027331	PKT	0:222:205677:335:371917:0:0
5028329	TX_ANT	ff	343:0:10:27:305
5028329	PKT	0:230:211130:343:377594:0:0
5029329	TX_ANT	ff	346:0:10:29:1007
5029329	PKT	0:229:208104:346:380252:0:0
5030329	TX_ANT	ff	340:0:10:28:900
5030329	PKT	0:227:210477:340:376857:0:0
[VISION][STATUS] FPS=32 | mavi=— kirmizi=— | tespit=BEKLİYOR | kuyruk=0
5031329	TX_ANT	ff	345:0:10:42:1952
5031329	PKT	0:228:211217:345:383337:0:0
5032329	TX_ANT	ff	336:0:10:23:211
5032329	PKT	0:223:205846:336:372114:0:0
5033329	TX_ANT	ff	342:0:10:32:794
5033329	PKT	0:229:212398:342:378834:0:0
5034330	TX_ANT	ff	346:0:10:29:788
5034330	PKT	0:229:209231:346:381379:0:0
5035329	TX_ANT	ff	338:0:10:27:420
5035329	PKT	0:225:206059:338:372383:0:0
[VISION][STATUS] FPS=32 | mavi=— kirmizi=— | tespit=BEKLİYOR | kuyruk=0
5036329	TX_ANT	ff	340:0:10:22:215
5036329	PKT	0:227:207324:340:373704:0:0
5037329	TX_ANT	ff	346:0:10:22:390
5037329	PKT	0:229:208441:346:380589:0:0
5038330	TX_ANT	ff	347:0:10:27:817
5038330	PKT	0:230:209564:347:381740:0:0
5039329	TX_ANT	ff	342:0:10:30:1697
5039329	PKT	0:229:211763:342:378199:0:0
5040329	TX_ANT	ff	346:0:10:21:279
5040329	PKT	0:229:208449:346:380597:0:0
[VISION][STATUS] FPS=32 | mavi=— kirmizi=— | tespit=BEKLİYOR | kuyruk=0
5041329	TX_ANT	ff	349:0:10:28:888
5041329	PKT	0:232:215123:349:387355:0:0
5042329	TX_ANT	ff	337:0:10:22:185
5042329	PKT	0:224:205291:337:371587:0:0
5043329	TX_ANT	ff	340:0:10:27:612
5043329	PKT	0:227:207538:340:373918:0:0
5044329	TX_ANT	ff	348:0:10:24:242
5044329	PKT	0:231:207590:348:379794:0:0
5045330	TX_ANT	ff	346:0:10:27:276
5045330	PKT	0:229:209107:346:381255:0:0
[VISION][STATUS] FPS=32 | mavi=— kirmizi=— | tespit=BEKLİYOR | kuyruk=0
5046329	TX_ANT	ff	346:0:10:23:490
5046329	PKT	0:229:209053:346:381201:0:0
5047330	TX_ANT	ff	342:0:10:23:243
5047330	PKT	0:229:213044:342:379480:0:0
5048329	TX_ANT	ff	339:0:10:27:287
5048329	PKT	0:226:209435:339:375787:0:0
5049329	TX_ANT	ff	345:0:10:23:251
5049329	PKT	0:228:207317:345:379437:0:0
5050329	TX_ANT	ff	348:0:10:25:1358
5050329	PKT	0:231:213208:348:385412:0:0
[VISION][STATUS] FPS=32 | mavi=— kirmizi=— | tespit=BEKLİYOR | kuyruk=0
5051329	TX_ANT	ff	338:0:10:22:296
5051329	PKT	0:225:205629:338:371953:0:0
5052329	TX_ANT	ff	338:0:10:21:177
5052329	PKT	0:225:205068:338:371392:0:0
5053329	TX_ANT	ff	340:0:10:25:856
5053329	PKT	0:227:207148:340:373528:0:0
5054329	TX_ANT	ff	344:0:10:34:984
5054329	PKT	0:227:212150:344:384242:0:0
5055329	TX_ANT	ff	340:0:10:33:386
5055329	PKT	0:227:209536:340:375916:0:0
[VISION][STATUS] FPS=32 | mavi=— kirmizi=— | tespit=BEKLİYOR | kuyruk=0
5056329	TX_ANT	ff	339:0:10:22:224
5056329	PKT	0:226:208460:339:374812:0:0
5057329	TX_ANT	ff	344:0:10:31:1002
5057329	PKT	0:227:210600:344:382692:0:0
5058329	TX_ANT	ff	342:0:9:20:227
5058329	PKT	0:229:212487:342:378923:0:0
5059329	TX_ANT	ff	343:0:10:34:3454
5059329	PKT	0:226:208366:343:380430:0:0
5060329	TX_ANT	ff	338:0:10:21:193
5060329	PKT	0:225:207768:338:374092:0:0
[VISION][STATUS] FPS=32 | mavi=— kirmizi=— | tespit=BEKLİYOR | kuyruk=0
5061329	TX_ANT	ff	348:0:10:19:253
5061329	PKT	0:231:210813:348:383017:0:0
5062329	TX_ANT	ff	339:0:9:27:770
5062329	PKT	0:226:205532:339:371884:0:0
5063329	TX_ANT	ff	349:0:10:23:318
5063329	PKT	0:232:208162:349:380394:0:0
5064329	TX_ANT	ff	347:0:10:26:596
5064329	PKT	0:230:210766:347:382942:0:0
5065329	TX_ANT	ff	341:0:10:25:412
5065329	PKT	0:228:210731:341:377139:0:0
[VISION][STATUS] FPS=32 | mavi=(13,14) kirmizi=— | tespit=BEKLİYOR | kuyruk=0
5066329	TX_ANT	ff	339:0:10:33:1214
5066329	PKT	0:226:207598:339:373950:0:0
5067330	TX_ANT	ff	345:0:10:35:1016
5067330	PKT	0:228:210743:345:382863:0:0
5068329	TX_ANT	ff	340:0:10:24:244
5068329	PKT	0:227:208234:340:374614:0:0
5069329	TX_ANT	ff	338:0:10:27:1051
5069329	PKT	0:225:205460:338:371784:0:0
5070329	TX_ANT	ff	348:0:10:25:510
5070329	PKT	0:231:209752:348:381956:0:0
[VISION][STATUS] FPS=32 | mavi=— kirmizi=— | tespit=BEKLİYOR | kuyruk=0
5071329	TX_ANT	ff	347:0:9:33:4056
5071329	PKT	0:230:212120:347:384296:0:0
5072329	TX_ANT	ff	347:0:9:28:976
5072329	PKT	0:230:208558:347:380734:0:0
5073330	TX_ANT	ff	347:0:10:36:785
5073330	PKT	0:230:210500:347:382676:0:0
5074329	TX_ANT	ff	343:0:10:30:525
5074329	PKT	0:230:211368:343:377832:0:0
5075329	TX_ANT	ff	344:0:10:28:630
5075329	PKT	0:227:206526:344:378618:0:0
[VISION][STATUS] FPS=32 | mavi=— kirmizi=— | tespit=BEKLİYOR | kuyruk=0
5076329	TX_ANT	ff	349:0:10:24:173
5076329	PKT	0:232:210533:349:382765:0:0
5077329	TX_ANT	ff	348:0:10:21:171
5077329	PKT	0:231:209982:348:382186:0:0
5078329	TX_ANT	ff	353:0:10:20:267
5078329	PKT	0:236:216119:353:388463:0:0
5079329	TX_ANT	ff	347:0:10:26:776
5079329	PKT	0:230:210852:347:383028:0:0
5080329	TX_ANT	ff	353:0:10:27:866
5080329	PKT	0:236:213152:353:385496:0:0
[VISION][STATUS] FPS=32 | mavi=— kirmizi=— | tespit=BEKLİYOR | kuyruk=0
5081329	TX_ANT	ff	350:0:10:27:451
5081329	PKT	0:233:211216:350:383476:0:0
5082329	TX_ANT	ff	355:0:10:28:1534
5082329	PKT	0:234:214483:355:392483:0:0
5083329	TX_ANT	ff	348:0:10:50:2359
5083329	PKT	0:231:211248:348:383452:0:0
5084330	TX_ANT	ff	344:0:10:24:579
5084330	PKT	0:231:209358:344:375850:0:0
5085332	TX_ANT	ff	359:0:10:34:2369
5085332	PKT	0:238:220009:359:398121:0:0
[VISION][STATUS] FPS=32 | mavi=(96,32) kirmizi=— | tespit=BEKLİYOR | kuyruk=0
5086329	TX_ANT	ff	346:0:10:29:1617
5086329	PKT	0:229:207766:346:379914:0:0
5087330	TX_ANT	ff	349:0:10:22:343
5087330	PKT	0:232:211880:349:384112:0:0
5088329	TX_ANT	ff	349:0:9:32:2611
5088329	PKT	0:232:210656:349:382888:0:0
5089329	TX_ANT	ff	341:0:10:27:331
5089329	PKT	0:228:208344:341:374752:0:0
5090329	TX_ANT	ff	350:0:9:24:219
5090329	PKT	0:233:213008:350:385268:0:0
[VISION][STATUS] FPS=32 | mavi=— kirmizi=— | tespit=BEKLİYOR | kuyruk=0
5091329	TX_ANT	ff	357:0:10:27:320
5091329	PKT	0:236:219391:357:397447:0:0
5092329	TX_ANT	ff	349:0:10:25:232
5092329	PKT	0:232:211491:349:383723:0:0
5093330	TX_ANT	ff	350:0:10:44:899
5093330	PKT	0:233:211778:350:384038:0:0
5094330	TX_ANT	ff	347:0:10:30:1660
5094330	PKT	0:230:211958:347:384134:0:0
5095329	TX_ANT	ff	348:0:10:27:311
5095329	PKT	0:231:213235:348:385439:0:0
[VISION][STATUS] FPS=32 | mavi=— kirmizi=— | tespit=BEKLİYOR | kuyruk=0
5096329	TX_ANT	ff	343:0:10:27:460
5096329	PKT	0:230:209581:343:376045:0:0
5097329	TX_ANT	ff	348:0:10:20:210
5097329	PKT	0:231:212803:348:385007:0:0
5098329	TX_ANT	ff	346:0:10:27:2705
5098329	PKT	0:229:207981:346:380129:0:0
5099329	TX_ANT	ff	340:0:10:26:1654
5099329	PKT	0:227:209696:340:376076:0:0
5100329	TX_ANT	ff	350:0:10:19:99
5100329	PKT	0:233:216000:350:388260:0:0
[VISION][STATUS] FPS=32 | mavi=— kirmizi=— | tespit=BEKLİYOR | kuyruk=0
5101329	TX_ANT	ff	349:0:10:24:1012
5101329	PKT	0:232:213738:349:385970:0:0
5102329	TX_ANT	ff	349:0:10:20:218
5102329	PKT	0:232:214880:349:387112:0:0
5103329	TX_ANT	ff	348:0:9:32:3850
5103329	PKT	0:231:207492:348:379696:0:0
5104329	TX_ANT	ff	344:0:10:24:498
5104329	PKT	0:227:205961:344:378053:0:0
5105329	TX_ANT	ff	338:0:10:34:1290
5105329	PKT	0:225:208698:338:375022:0:0
[VISION][STATUS] FPS=33 | mavi=— kirmizi=— | tespit=BEKLİYOR | kuyruk=0
5106329	TX_ANT	ff	340:0:10:31:1411
5106329	PKT	0:227:209695:340:376075:0:0
5107329	TX_ANT	ff	345:0:10:28:755
5107329	PKT	0:228:206532:345:378652:0:0
5108329	TX_ANT	ff	338:0:10:35:894
5108329	PKT	0:225:204115:338:370439:0:0
5109329	TX_ANT	ff	342:0:10:36:2267
5109329	PKT	0:229:211692:342:378128:0:0
5110329	TX_ANT	ff	348:0:10:25:361
5110329	PKT	0:231:208916:348:381120:0:0
[VISION][STATUS] FPS=32 | mavi=— kirmizi=— | tespit=BEKLİYOR | kuyruk=0
5111329	TX_ANT	ff	338:0:10:33:1041
5111329	PKT	0:225:206391:338:372715:0:0
5112330	TX_ANT	ff	343:0:10:31:1666
5112330	PKT	0:226:207039:343:379103:0:0
5113329	TX_ANT	ff	338:0:10:22:208
5113329	PKT	0:225:207987:338:374311:0:0
5114329	TX_ANT	ff	337:0:10:23:342
5114329	PKT	0:224:206021:337:372317:0:0
5115329	TX_ANT	ff	335:0:10:26:226
5115329	PKT	0:222:205626:335:371866:0:0
[VISION][STATUS] FPS=33 | mavi=— kirmizi=— | tespit=BEKLİYOR | kuyruk=0
5116329	TX_ANT	ff	337:0:10:28:484
5116329	PKT	0:224:206642:337:372938:0:0
5117329	TX_ANT	ff	332:0:10:33:972
5117329	PKT	0:223:201870:332:362426:0:0
5118329	TX_ANT	ff	342:0:10:33:1141
5118329	PKT	0:225:206129:342:378165:0:0
5119330	TX_ANT	ff	342:0:10:29:1302
5119330	PKT	0:229:208891:342:375327:0:0
5120329	TX_ANT	ff	345:0:10:21:178
5120329	PKT	0:228:210659:345:382779:0:0
[VISION][STATUS] FPS=33 | mavi=(74,34) kirmizi=— | tespit=BEKLİYOR | kuyruk=0
5121329	TX_ANT	ff	339:0:10:20:153
5121329	PKT	0:226:207549:339:373901:0:0
5122329	TX_ANT	ff	341:0:9:28:1493
5122329	PKT	0:228:213414:341:379822:0:0
5123329	TX_ANT	ff	342:0:10:23:341
5123329	PKT	0:225:207169:342:379205:0:0
5124329	TX_ANT	ff	332:0:10:23:230
5124329	PKT	0:223:200395:332:360951:0:0
5125332	TX_ANT	ff	347:0:10:21:195
5125332	PKT	0:230:211397:347:383573:0:0
[VISION][STATUS] FPS=32 | mavi=— kirmizi=— | tespit=BEKLİYOR | kuyruk=0
5126329	TX_ANT	ff	347:0:10:30:908
5126329	PKT	0:230:210178:347:382354:0:0
5127329	TX_ANT	ff	336:0:10:24:198
5127329	PKT	0:223:205726:336:371994:0:0
5128329	TX_ANT	ff	339:0:10:21:364
5128329	PKT	0:226:207513:339:373865:0:0
5129329	TX_ANT	ff	340:0:10:25:226
5129329	PKT	0:227:209368:340:375748:0:0
5130329	TX_ANT	ff	337:0:10:29:1245
5130329	PKT	0:224:207378:337:373674:0:0
[VISION][STATUS] FPS=32 | mavi=— kirmizi=— | tespit=BEKLİYOR | kuyruk=0
5131329	TX_ANT	ff	349:0:10:23:189
5131329	PKT	0:232:211189:349:383421:0:0
5132329	TX_ANT	ff	346:0:9:28:306
5132329	PKT	0:229:210368:346:382516:0:0
5133329	TX_ANT	ff	346:0:10:21:161
5133329	PKT	0:229:205218:346:377366:0:0
5134329	TX_ANT	ff	341:0:10:20:187
5134329	PKT	0:228:208828:341:375236:0:0
5135329	TX_ANT	ff	351:0:10:23:417
5135329	PKT	0:234:218331:351:390619:0:0
[VISION][STATUS] FPS=32 | mavi=(624,160) kirmizi=— | tespit=BEKLİYOR | kuyruk=0
5136329	TX_ANT	ff	344:0:10:33:526
5136329	PKT	0:227:208201:344:380293:0:0
5137329	TX_ANT	ff	348:0:10:34:976
5137329	PKT	0:232:212413:348:384557:0:0
5138329	TX_ANT	ff	350:0:10:27:448
5138329	PKT	0:233:214682:350:386942:0:0
5139329	TX_ANT	ff	341:0:10:33:1412
5139329	PKT	0:228:208511:341:374919:0:0
5140329	TX_ANT	ff	348:0:10:34:1527
5140329	PKT	0:231:211481:348:383685:0:0
[VISION][STATUS] FPS=32 | mavi=— kirmizi=— | tespit=BEKLİYOR | kuyruk=0
5141329	TX_ANT	ff	346:0:10:34:812
5141329	PKT	0:229:209205:346:381353:0:0
5142330	TX_ANT	ff	341:0:9:23:273
5142330	PKT	0:228:208805:341:375213:0:0
5143329	TX_ANT	ff	342:0:9:22:237
5143329	PKT	0:225:205130:342:377166:0:0
5144329	TX_ANT	ff	343:0:10:27:215
5144329	PKT	0:230:209859:343:376323:0:0
5145329	TX_ANT	ff	338:0:10:33:1630
5145329	PKT	0:225:205005:338:371329:0:0
[VISION][STATUS] FPS=32 | mavi=— kirmizi=— | tespit=BEKLİYOR | kuyruk=0
5146331	TX_ANT	ff	345:0:9:24:328
5146331	PKT	0:228:212022:345:384142:0:0
5147329	TX_ANT	ff	341:0:10:23:242
5147329	PKT	0:228:210605:341:377013:0:0
5148329	TX_ANT	ff	348:0:10:29:3269
5148329	PKT	0:231:212951:348:385155:0:0
5149329	TX_ANT	ff	343:0:10:23:156
5149329	PKT	0:226:206253:343:378317:0:0
5150329	TX_ANT	ff	340:0:10:26:356
5150329	PKT	0:227:207707:340:374087:0:0
[VISION][STATUS] FPS=32 | mavi=— kirmizi=— | tespit=BEKLİYOR | kuyruk=0
5151329	TX_ANT	ff	337:0:10:38:1171
5151329	PKT	0:224:207361:337:373657:0:0
5152329	TX_ANT	ff	341:0:10:50:1233
5152329	PKT	0:228:208348:341:374756:0:0
5153330	TX_ANT	ff	343:0:10:35:471
5153330	PKT	0:226:205771:343:377835:0:0
5154329	TX_ANT	ff	339:0:11:37:944
5154329	PKT	0:226:205667:339:372019:0:0
5155330	TX_ANT	ff	340:0:10:37:539
5155330	PKT	0:227:209435:340:375815:0:0
5156329	TX_ANT	ff	348:0:10:43:864
5156329	PKT	0:231:211562:348:383766:0:0
[VISION][STATUS] FPS=32 | mavi=(298,23) kirmizi=— | tespit=BEKLİYOR | kuyruk=0
5157329	TX_ANT	ff	344:0:10:27:696
5157329	PKT	0:227:204769:344:376861:0:0
5158329	TX_ANT	ff	350:0:10:25:799
5158329	PKT	0:233:211840:350:384100:0:0
5159329	TX_ANT	ff	338:0:10:29:1134
5159329	PKT	0:225:207611:338:373935:0:0
5160329	TX_ANT	ff	347:0:10:28:311
5160329	PKT	0:230:213234:347:385410:0:0
5161329	TX_ANT	ff	338:0:10:31:844
5161329	PKT	0:225:205059:338:371383:0:0
[VISION][STATUS] FPS=32 | mavi=— kirmizi=— | tespit=BEKLİYOR | kuyruk=0
5162329	TX_ANT	ff	350:0:10:23:929
5162329	PKT	0:233:214400:350:386660:0:0
5163332	TX_ANT	ff	349:0:10:20:179
5163332	PKT	0:232:214135:349:386367:0:0
5164329	TX_ANT	ff	342:0:10:22:158
5164329	PKT	0:229:207944:342:374380:0:0
5165329	TX_ANT	ff	345:0:10:27:1281
5165329	PKT	0:228:208566:345:380686:0:0
5166329	TX_ANT	ff	340:0:10:25:789
5166329	PKT	0:227:207881:340:374261:0:0
[VISION][STATUS] FPS=32 | mavi=— kirmizi=— | tespit=BEKLİYOR | kuyruk=0
5167329	TX_ANT	ff	347:0:10:21:252
5167329	PKT	0:230:210114:347:382290:0:0
5168329	TX_ANT	ff	338:0:10:26:264
5168329	PKT	0:225:210224:338:376548:0:0
5169329	TX_ANT	ff	344:0:10:26:918
5169329	PKT	0:227:207930:344:380022:0:0
5170329	TX_ANT	ff	342:0:11:29:404
5170329	PKT	0:229:211690:342:378126:0:0
5171329	TX_ANT	ff	348:0:10:28:307
5171329	PKT	0:231:213376:348:385580:0:0
[VISION][STATUS] FPS=32 | mavi=— kirmizi=— | tespit=BEKLİYOR | kuyruk=0
5172329	TX_ANT	ff	337:0:10:27:502
5172329	PKT	0:224:205397:337:371693:0:0
5173329	TX_ANT	ff	334:0:10:41:1277
5173329	PKT	0:221:199999:334:366211:0:0
5174329	TX_ANT	ff	341:0:10:43:1629
5174329	PKT	0:228:208597:341:375005:0:0
5175329	TX_ANT	ff	344:0:10:25:424
5175329	PKT	0:227:206287:344:378379:0:0
5176329	TX_ANT	ff	342:0:10:26:1625
5176329	PKT	0:229:209320:342:375756:0:0
[VISION][STATUS] FPS=32 | mavi=— kirmizi=— | tespit=BEKLİYOR | kuyruk=0
5177329	TX_ANT	ff	347:0:10:33:1291
5177329	PKT	0:230:212365:347:384541:0:0
5178329	TX_ANT	ff	347:0:10:25:193
5178329	PKT	0:230:210319:347:382495:0:0
5179329	TX_ANT	ff	339:0:10:23:222
5179329	PKT	0:226:204201:339:370553:0:0
5180329	TX_ANT	ff	340:0:10:26:290
5180329	PKT	0:227:206253:340:372633:0:0
5181329	TX_ANT	ff	338:0:10:24:233
5181329	PKT	0:225:207108:338:373432:0:0
[VISION][STATUS] FPS=32 | mavi=— kirmizi=— | tespit=BEKLİYOR | kuyruk=0
5182329	TX_ANT	ff	344:0:10:24:289
5182329	PKT	0:227:207457:344:379549:0:0
5183329	TX_ANT	ff	342:0:10:26:696
5183329	PKT	0:229:208364:342:374800:0:0
5184330	TX_ANT	ff	345:0:10:23:597
5184330	PKT	0:228:209333:345:381453:0:0
5185329	TX_ANT	ff	350:0:10:25:814
5185329	PKT	0:233:216357:350:388617:0:0
5186329	TX_ANT	ff	346:0:10:25:506
5186329	PKT	0:229:211427:346:383575:0:0
[VISION][STATUS] FPS=32 | mavi=— kirmizi=— | tespit=BEKLİYOR | kuyruk=0
5187329	TX_ANT	ff	342:0:10:23:194
5187329	PKT	0:229:211564:342:378000:0:0
5188329	TX_ANT	ff	345:0:10:22:294
5188329	PKT	0:228:205940:345:378060:0:0
5189329	TX_ANT	ff	336:0:10:23:558
5189329	PKT	0:223:201867:336:368135:0:0
5190329	TX_ANT	ff	337:0:10:27:393
5190329	PKT	0:224:204134:337:370430:0:0
5191329	TX_ANT	ff	341:0:10:27:215
5191329	PKT	0:228:206779:341:373187:0:0
[VISION][STATUS] FPS=32 | mavi=— kirmizi=— | tespit=BEKLİYOR | kuyruk=0
5192329	TX_ANT	ff	339:0:10:24:240
5192329	PKT	0:226:207329:339:373681:0:0
5193329	TX_ANT	ff	342:0:10:20:184
5193329	PKT	0:225:205831:342:377867:0:0
5194329	TX_ANT	ff	337:0:10:20:194
5194329	PKT	0:224:204159:337:370455:0:0
5195329	TX_ANT	ff	337:0:10:21:175
5195329	PKT	0:224:205866:337:372162:0:0
5196329	TX_ANT	ff	341:0:10:35:1287
5196329	PKT	0:228:209899:341:376307:0:0
[VISION][STATUS] FPS=32 | mavi=(628,177) kirmizi=— | tespit=BEKLİYOR | kuyruk=0
5197329	TX_ANT	ff	340:0:10:33:1130
5197329	PKT	0:227:208326:340:374706:0:0
5198329	TX_ANT	ff	347:0:10:24:733
5198329	PKT	0:230:209340:347:381516:0:0
5199329	TX_ANT	ff	344:0:10:28:1030
5199329	PKT	0:227:206192:344:378284:0:0
5200329	TX_ANT	ff	343:0:10:32:1292
5200329	PKT	0:230:210538:343:377002:0:0
5201329	TX_ANT	ff	346:0:10:32:1319
5201329	PKT	0:229:209239:346:381387:0:0
[VISION][STATUS] FPS=33 | mavi=— kirmizi=— | tespit=BEKLİYOR | kuyruk=0
5202329	TX_ANT	ff	340:0:10:19:178
5202329	PKT	0:227:207218:340:373598:0:0
5203329	TX_ANT	ff	343:0:10:23:222
5203329	PKT	0:226:205175:343:377239:0:0
5204330	TX_ANT	ff	349:0:10:28:959
5204330	PKT	0:232:213147:349:385379:0:0
5205329	TX_ANT	ff	339:0:10:29:470
5205329	PKT	0:226:206338:339:372690:0:0
5206329	TX_ANT	ff	342:0:10:30:589
5206329	PKT	0:229:207087:342:373523:0:0
[VISION][STATUS] FPS=32 | mavi=— kirmizi=— | tespit=BEKLİYOR | kuyruk=0
5207329	TX_ANT	ff	345:0:9:29:779
5207329	PKT	0:228:207637:345:379757:0:0
5208329	TX_ANT	ff	347:0:9:27:730
5208329	PKT	0:230:209141:347:381317:0:0
5209329	TX_ANT	ff	337:0:9:34:1182
5209329	PKT	0:224:203605:337:369901:0:0
5210329	TX_ANT	ff	339:0:9:55:3295
5210329	PKT	0:226:204865:339:371217:0:0
5211329	TX_ANT	ff	341:0:10:43:1537
5211329	PKT	0:228:208342:341:374750:0:0
[VISION][STATUS] FPS=32 | mavi=— kirmizi=— | tespit=BEKLİYOR | kuyruk=0
5212329	TX_ANT	ff	337:0:10:27:899
5212329	PKT	0:224:201940:337:368236:0:0
5213329	TX_ANT	ff	348:0:10:30:723
5213329	PKT	0:231:210164:348:382368:0:0
5214329	TX_ANT	ff	344:0:10:25:737
5214329	PKT	0:227:206449:344:378541:0:0
5215329	TX_ANT	ff	341:0:9:27:485
5215329	PKT	0:228:206782:341:373190:0:0
5216329	TX_ANT	ff	345:0:10:38:996
5216329	PKT	0:228:207709:345:379829:0:0
[VISION][STATUS] FPS=32 | mavi=— kirmizi=— | tespit=BEKLİYOR | kuyruk=0
5217329	TX_ANT	ff	339:0:10:26:246
5217329	PKT	0:226:205390:339:371742:0:0
5218330	TX_ANT	ff	346:0:10:22:250
5218330	PKT	0:229:207605:346:379753:0:0
5219329	TX_ANT	ff	338:0:10:25:333
5219329	PKT	0:225:204109:338:370433:0:0
5220329	TX_ANT	ff	342:0:10:23:316
5220329	PKT	0:229:211982:342:378418:0:0
5221329	TX_ANT	ff	338:0:10:25:424
5221329	PKT	0:225:204655:338:370979:0:0
[VISION][STATUS] FPS=32 | mavi=— kirmizi=— | tespit=BEKLİYOR | kuyruk=0
5222329	TX_ANT	ff	343:0:10:24:985
5222329	PKT	0:226:206330:343:378394:0:0
5223329	TX_ANT	ff	338:0:10:24:195
5223329	PKT	0:225:204452:338:370776:0:0
5224329	TX_ANT	ff	342:0:10:29:323
5224329	PKT	0:229:209564:342:376000:0:0
5225329	TX_ANT	ff	344:0:10:38:1027
5225329	PKT	0:227:206639:344:378731:0:0
5226329	TX_ANT	ff	340:0:9:27:278
5226329	PKT	0:227:206093:340:372473:0:0
[VISION][STATUS] FPS=32 | mavi=— kirmizi=— | tespit=BEKLİYOR | kuyruk=0
5227329	TX_ANT	ff	339:0:10:19:232
5227329	PKT	0:226:207793:339:374145:0:0
5228329	TX_ANT	ff	349:0:10:25:502
5228329	PKT	0:232:211247:349:383479:0:0
5229329	TX_ANT	ff	347:0:10:33:1370
5229329	PKT	0:230:209380:347:381556:0:0
5230329	TX_ANT	ff	346:0:9:25:823
5230329	PKT	0:229:206968:346:379116:0:0
5231329	TX_ANT	ff	348:0:10:22:314
5231329	PKT	0:231:211559:348:383763:0:0
[VISION][STATUS] FPS=32 | mavi=— kirmizi=— | tespit=BEKLİYOR | kuyruk=0
5232329	TX_ANT	ff	342:0:10:23:531
5232329	PKT	0:229:207818:342:374254:0:0
5233329	TX_ANT	ff	345:0:10:20:205
5233329	PKT	0:228:211120:345:383240:0:0
5234330	TX_ANT	ff	338:0:10:22:330
5234330	PKT	0:225:205810:338:372134:0:0
5235330	TX_ANT	ff	337:0:10:27:335
5235330	PKT	0:224:205075:337:371371:0:0
5236329	TX_ANT	ff	348:0:10:28:651
5236329	PKT	0:231:213500:348:385704:0:0
[VISION][STATUS] FPS=32 | mavi=— kirmizi=— | tespit=BEKLİYOR | kuyruk=0
5237332	TX_ANT	ff	340:0:10:24:399
5237332	PKT	0:227:204658:340:371038:0:0
5238329	TX_ANT	ff	338:0:10:24:1168
5238329	PKT	0:225:206832:338:373156:0:0
5239329	TX_ANT	ff	344:0:10:25:244
5239329	PKT	0:227:206756:344:378848:0:0
5240329	TX_ANT	ff	341:0:10:29:1171
5240329	PKT	0:228:205282:341:371690:0:0
5241329	TX_ANT	ff	346:0:10:22:212
5241329	PKT	0:229:210815:346:382963:0:0
[VISION][STATUS] FPS=32 | mavi=— kirmizi=— | tespit=BEKLİYOR | kuyruk=0
5242329	TX_ANT	ff	347:0:10:25:280
5242329	PKT	0:230:209126:347:381302:0:0
5243329	TX_ANT	ff	341:0:10:22:331
5243329	PKT	0:228:207352:341:373760:0:0
5244329	TX_ANT	ff	339:0:9:33:1217
5244329	PKT	0:226:205066:339:371418:0:0
5245329	TX_ANT	ff	346:0:9:26:648
5245329	PKT	0:229:208090:346:380238:0:0
5246329	TX_ANT	ff	340:0:10:24:211
5246329	PKT	0:227:208448:340:374828:0:0
[VISION][STATUS] FPS=32 | mavi=— kirmizi=— | tespit=BEKLİYOR | kuyruk=0
5247329	TX_ANT	ff	347:0:10:28:1435
5247329	PKT	0:230:207837:347:380013:0:0
5248329	TX_ANT	ff	348:0:9:28:323
5248329	PKT	0:231:211555:348:383759:0:0
5249329	TX_ANT	ff	338:0:10:28:518
5249329	PKT	0:225:202432:338:368756:0:0
5250329	TX_ANT	ff	340:0:10:23:282
5250329	PKT	0:227:208393:340:374773:0:0
5251329	TX_ANT	ff	345:0:10:26:443
5251329	PKT	0:228:206912:345:379032:0:0
[VISION][STATUS] FPS=32 | mavi=— kirmizi=— | tespit=BEKLİYOR | kuyruk=0
5252329	TX_ANT	ff	339:0:10:28:364
5252329	PKT	0:226:207743:339:374095:0:0
5253329	TX_ANT	ff	338:0:10:22:201
5253329	PKT	0:225:204172:338:370496:0:0
5254329	TX_ANT	ff	336:0:9:26:371
5254329	PKT	0:223:202037:336:368305:0:0
5255330	TX_ANT	ff	337:0:10:28:323
5255330	PKT	0:224:203812:337:370108:0:0
5256329	TX_ANT	ff	345:0:10:27:960
5256329	PKT	0:228:206978:345:379098:0:0
[VISION][STATUS] FPS=32 | mavi=— kirmizi=— | tespit=BEKLİYOR | kuyruk=0
5257329	TX_ANT	ff	340:0:9:21:394
5257329	PKT	0:227:206562:340:372942:0:0
5258329	TX_ANT	ff	346:0:10:22:307
5258329	PKT	0:229:211077:346:383225:0:0
5259329	TX_ANT	ff	342:0:10:23:273
5259329	PKT	0:229:207623:342:374059:0:0
5260329	TX_ANT	ff	344:0:10:34:959
5260329	PKT	0:227:206766:344:378858:0:0
5261329	TX_ANT	ff	339:0:10:28:1432
5261329	PKT	0:226:205566:339:371918:0:0
[VISION][STATUS] FPS=32 | mavi=— kirmizi=— | tespit=BEKLİYOR | kuyruk=0
5262329	TX_ANT	ff	347:0:10:32:873
5262329	PKT	0:230:210484:347:382660:0:0
5263329	TX_ANT	ff	349:0:10:29:846
5263329	PKT	0:232:214373:349:386605:0:0
5264329	TX_ANT	ff	343:0:10:31:364
5264329	PKT	0:230:212018:343:378482:0:0
5265329	TX_ANT	ff	354:0:10:26:1118
5265329	PKT	0:233:211692:354:389664:0:0
5266329	TX_ANT	ff	340:0:10:38:1294
5266329	PKT	0:227:207225:340:373605:0:0
[VISION][STATUS] FPS=32 | mavi=(117,48) kirmizi=— | tespit=BEKLİYOR | kuyruk=0
5267329	TX_ANT	ff	339:0:10:22:222
5267329	PKT	0:226:204044:339:370396:0:0
5268330	TX_ANT	ff	338:0:10:27:709
5268330	PKT	0:225:203664:338:369988:0:0
5269330	TX_ANT	ff	350:0:10:37:1894
5269330	PKT	0:233:214371:350:386631:0:0
5270329	TX_ANT	ff	344:0:10:23:190
5270329	PKT	0:227:205886:344:377978:0:0
5271330	TX_ANT	ff	339:0:10:36:1280
5271330	PKT	0:226:205348:339:371700:0:0
[VISION][STATUS] FPS=32 | mavi=— kirmizi=— | tespit=BEKLİYOR | kuyruk=0
5272329	TX_ANT	ff	336:0:10:33:1747
5272329	PKT	0:223:203888:336:370156:0:0
5273329	TX_ANT	ff	341:0:10:22:177
5273329	PKT	0:228:208662:341:375070:0:0
5274329	TX_ANT	ff	342:0:10:25:218
5274329	PKT	0:225:206974:342:379010:0:0
5275329	TX_ANT	ff	337:0:10:25:223
5275329	PKT	0:224:204083:337:370379:0:0
5276329	TX_ANT	ff	341:0:10:25:291
5276329	PKT	0:228:207481:341:373889:0:0
[VISION][STATUS] FPS=32 | mavi=— kirmizi=— | tespit=BEKLİYOR | kuyruk=0
5277329	TX_ANT	ff	337:0:10:26:311
5277329	PKT	0:224:205953:337:372249:0:0
5278329	TX_ANT	ff	340:0:10:27:369
5278329	PKT	0:227:208292:340:374672:0:0
5279329	TX_ANT	ff	342:0:10:31:520
5279329	PKT	0:225:202220:342:374256:0:0
5280329	TX_ANT	ff	338:0:10:21:263
5280329	PKT	0:225:203870:338:370194:0:0
5281329	TX_ANT	ff	339:0:10:20:342
5281329	PKT	0:226:205809:339:372161:0:0
[VISION][STATUS] FPS=32 | mavi=— kirmizi=— | tespit=BEKLİYOR | kuyruk=0
5282330	TX_ANT	ff	339:0:11:29:449
5282330	PKT	0:226:206089:339:372441:0:0
5283329	TX_ANT	ff	336:0:10:32:924
5283329	PKT	0:223:205822:336:372090:0:0
5284329	TX_ANT	ff	340:0:10:27:757
5284329	PKT	0:227:207583:340:373963:0:0
5285329	TX_ANT	ff	346:0:10:30:1125
5285329	PKT	0:229:209679:346:381827:0:0
5286329	TX_ANT	ff	339:0:10:39:353
5286329	PKT	0:226:206147:339:372499:0:0
[VISION][STATUS] FPS=32 | mavi=— kirmizi=— | tespit=BEKLİYOR | kuyruk=0
5287329	TX_ANT	ff	337:0:10:28:283
5287329	PKT	0:224:205804:337:372100:0:0
5288329	TX_ANT	ff	336:0:10:49:1378
5288329	PKT	0:223:205043:336:371311:0:0
5289330	TX_ANT	ff	338:0:10:24:338
5289330	PKT	0:225:204853:338:371177:0:0
5290329	TX_ANT	ff	337:0:10:33:566
5290329	PKT	0:224:204386:337:370682:0:0
5291329	TX_ANT	ff	346:0:10:28:1212
5291329	PKT	0:229:207331:346:379479:0:0
[VISION][STATUS] FPS=32 | mavi=— kirmizi=— | tespit=BEKLİYOR | kuyruk=0
5292331	TX_ANT	ff	340:0:10:31:864
5292331	PKT	0:227:206156:340:372536:0:0
5293329	TX_ANT	ff	343:0:10:27:580
5293329	PKT	0:226:206108:343:378172:0:0
5294329	TX_ANT	ff	343:0:10:33:462
5294329	PKT	0:230:208339:343:374803:0:0
5295329	TX_ANT	ff	343:0:10:37:1731
5295329	PKT	0:226:205166:343:377230:0:0
5296329	TX_ANT	ff	340:0:10:24:1429
5296329	PKT	0:227:205078:340:371458:0:0
[VISION][STATUS] FPS=32 | mavi=— kirmizi=— | tespit=BEKLİYOR | kuyruk=0
5297329	TX_ANT	ff	341:0:10:22:205
5297329	PKT	0:228:208258:341:374666:0:0
5298329	TX_ANT	ff	336:0:9:21:141
5298329	PKT	0:223:204251:336:370519:0:0
5299329	TX_ANT	ff	338:0:10:22:196
5299329	PKT	0:225:205255:338:371579:0:0
5300329	TX_ANT	ff	336:0:10:24:395
5300329	PKT	0:223:203916:336:370184:0:0
5301329	TX_ANT	ff	344:0:10:30:824
5301329	PKT	0:227:208309:344:380401:0:0
[VISION][STATUS] FPS=32 | mavi=— kirmizi=— | tespit=BEKLİYOR | kuyruk=0
5302329	TX_ANT	ff	341:0:10:26:489
5302329	PKT	0:228:208765:341:375173:0:0
5303329	TX_ANT	ff	336:0:10:26:713
5303329	PKT	0:223:204116:336:370384:0:0
5304329	TX_ANT	ff	338:0:10:23:254
5304329	PKT	0:225:205170:338:371494:0:0
5305329	TX_ANT	ff	344:0:9:24:662
5305329	PKT	0:227:207744:344:379836:0:0
5306329	TX_ANT	ff	337:0:10:21:243
5306329	PKT	0:224:205076:337:371372:0:0
[VISION][STATUS] FPS=32 | mavi=— kirmizi=— | tespit=BEKLİYOR | kuyruk=0
5307329	TX_ANT	ff	341:0:10:24:266
5307329	PKT	0:228:210616:341:377024:0:0
5308329	TX_ANT	ff	339:0:10:23:194
5308329	PKT	0:226:206522:339:372874:0:0
5309329	TX_ANT	ff	343:0:10:23:195
5309329	PKT	0:226:205346:343:377410:0:0
5310329	TX_ANT	ff	342:0:10:32:631
5310329	PKT	0:229:208771:342:375207:0:0
5311330	TX_ANT	ff	344:0:10:35:954
5311330	PKT	0:227:207385:344:379477:0:0
[VISION][STATUS] FPS=32 | mavi=— kirmizi=— | tespit=BEKLİYOR | kuyruk=0
5312329	TX_ANT	ff	341:0:10:27:344
5312329	PKT	0:228:205457:341:371865:0:0
5313329	TX_ANT	ff	345:0:10:23:187
5313329	PKT	0:228:209931:345:382051:0:0
5314329	TX_ANT	ff	338:0:10:30:654
5314329	PKT	0:225:204014:338:370338:0:0
5315329	TX_ANT	ff	343:0:10:27:532
5315329	PKT	0:230:213659:343:380123:0:0
5316329	TX_ANT	ff	346:0:10:25:687
5316329	PKT	0:229:210380:346:382528:0:0
[VISION][STATUS] FPS=32 | mavi=— kirmizi=— | tespit=BEKLİYOR | kuyruk=0
5317329	TX_ANT	ff	347:0:10:31:773
5317329	PKT	0:230:212149:347:384325:0:0
5318329	TX_ANT	ff	339:0:10:25:453
5318329	PKT	0:226:203847:339:370199:0:0
5319330	TX_ANT	ff	337:0:10:20:130
5319330	PKT	0:224:201863:337:368159:0:0
5320329	TX_ANT	ff	340:0:9:22:906
5320329	PKT	0:227:208338:340:374718:0:0
5321329	TX_ANT	ff	344:0:10:22:238
5321329	PKT	0:227:206476:344:378568:0:0
[VISION][STATUS] FPS=32 | mavi=— kirmizi=— | tespit=BEKLİYOR | kuyruk=0
5322329	TX_ANT	ff	341:0:10:27:367
5322329	PKT	0:228:207840:341:374248:0:0
5323329	TX_ANT	ff	344:0:10:29:1208
5323329	PKT	0:227:207182:344:379274:0:0
5324329	TX_ANT	ff	338:0:10:34:3275
5324329	PKT	0:225:202860:338:369184:0:0
5325329	TX_ANT	ff	340:0:10:29:681
5325329	PKT	0:227:205436:340:371816:0:0
5326329	TX_ANT	ff	345:0:10:24:720
5326329	PKT	0:228:209368:345:381488:0:0
[VISION][STATUS] FPS=32 | mavi=— kirmizi=— | tespit=BEKLİYOR | kuyruk=0
5327329	TX_ANT	ff	338:0:10:23:295
5327329	PKT	0:225:203654:338:369978:0:0
5328329	TX_ANT	ff	338:0:10:27:276
5328329	PKT	0:225:203883:338:370207:0:0
5329329	TX_ANT	ff	346:0:10:23:522
5329329	PKT	0:229:206910:346:379058:0:0
5330329	TX_ANT	ff	339:0:10:35:936
5330329	PKT	0:226:207528:339:373880:0:0
5331329	TX_ANT	ff	342:0:10:21:296
5331329	PKT	0:229:208183:342:374619:0:0
[VISION][STATUS] FPS=32 | mavi=— kirmizi=— | tespit=BEKLİYOR | kuyruk=0
5332330	TX_ANT	ff	343:0:10:31:248
5332330	PKT	0:226:204050:343:376114:0:0
5333329	TX_ANT	ff	339:0:10:29:287
5333329	PKT	0:226:205622:339:371974:0:0
5334330	TX_ANT	ff	340:0:10:27:290
5334330	PKT	0:227:209995:340:376375:0:0
5335329	TX_ANT	ff	335:0:9:43:1298
5335329	PKT	0:222:200438:335:366678:0:0
5336329	TX_ANT	ff	340:0:10:25:313
5336329	PKT	0:227:209293:340:375673:0:0
[VISION][STATUS] FPS=32 | mavi=— kirmizi=— | tespit=BEKLİYOR | kuyruk=0
5337329	TX_ANT	ff	346:0:10:37:1846
5337329	PKT	0:229:206985:346:379133:0:0
5338329	TX_ANT	ff	340:0:10:32:640
5338329	PKT	0:227:206458:340:372838:0:0
5339329	TX_ANT	ff	342:0:10:30:1323
5339329	PKT	0:225:207252:342:379288:0:0
5340329	TX_ANT	ff	339:0:10:37:2020
5340329	PKT	0:226:206538:339:372890:0:0
5341329	TX_ANT	ff	340:0:10:34:2742
5341329	PKT	0:227:206066:340:372446:0:0
[VISION][STATUS] FPS=32 | mavi=— kirmizi=— | tespit=BEKLİYOR | kuyruk=0
5342329	TX_ANT	ff	344:0:10:27:537
5342329	PKT	0:227:206387:344:378479:0:0
5343330	TX_ANT	ff	339:0:10:25:302
5343330	PKT	0:226:204494:339:370846:0:0
5344329	TX_ANT	ff	341:0:10:26:769
5344329	PKT	0:228:206210:341:372618:0:0
5345329	TX_ANT	ff	337:0:10:35:950
5345329	PKT	0:224:204600:337:370896:0:0
5346329	TX_ANT	ff	338:0:10:21:206
5346329	PKT	0:225:205449:338:371773:0:0
[VISION][STATUS] FPS=32 | mavi=(630,164) kirmizi=— | tespit=BEKLİYOR | kuyruk=0
5347329	TX_ANT	ff	342:0:10:22:303
5347329	PKT	0:225:205830:342:377866:0:0
5348329	TX_ANT	ff	342:0:10:22:187
5348329	PKT	0:229:209815:342:376251:0:0
5349329	TX_ANT	ff	338:0:10:26:252
5349329	PKT	0:225:206056:338:372380:0:0
5350329	TX_ANT	ff	347:0:10:30:951
5350329	PKT	0:230:211550:347:383726:0:0
5351329	TX_ANT	ff	345:0:10:30:621
5351329	PKT	0:228:208924:345:381044:0:0
[VISION][STATUS] FPS=32 | mavi=— kirmizi=— | tespit=BEKLİYOR | kuyruk=0
5352329	TX_ANT	ff	340:0:10:28:1322
5352329	PKT	0:227:204570:340:370950:0:0
5353329	TX_ANT	ff	339:0:10:21:126
5353329	PKT	0:226:204983:339:371335:0:0
5354329	TX_ANT	ff	344:0:10:33:1674
5354329	PKT	0:227:205997:344:378089:0:0
5355329	TX_ANT	ff	339:0:10:22:194
5355329	PKT	0:226:208237:339:374589:0:0
5356330	TX_ANT	ff	339:0:10:29:1572
5356330	PKT	0:226:204009:339:370361:0:0
[VISION][STATUS] FPS=32 | mavi=— kirmizi=— | tespit=BEKLİYOR | kuyruk=0
5357329	TX_ANT	ff	340:0:10:23:299
5357329	PKT	0:227:205087:340:371467:0:0
5358329	TX_ANT	ff	346:0:10:33:441
5358329	PKT	0:229:207094:346:379242:0:0
5359329	TX_ANT	ff	340:0:10:32:938
5359329	PKT	0:227:206916:340:373296:0:0
5360329	TX_ANT	ff	335:0:10:37:2796
5360329	PKT	0:222:200284:335:366524:0:0
5361329	TX_ANT	ff	339:0:10:30:1462
5361329	PKT	0:226:205999:339:372351:0:0
[VISION][STATUS] FPS=32 | mavi=— kirmizi=— | tespit=BEKLİYOR | kuyruk=0
5362330	TX_ANT	ff	343:0:10:26:274
5362330	PKT	0:226:204048:343:376112:0:0
5363329	TX_ANT	ff	340:0:10:28:2062
5363329	PKT	0:227:205661:340:372041:0:0
5364329	TX_ANT	ff	340:0:10:23:179
5364329	PKT	0:227:207684:340:374064:0:0
5365329	TX_ANT	ff	346:0:10:27:338
5365329	PKT	0:229:206011:346:378159:0:0
5366329	TX_ANT	ff	339:0:10:28:658
5366329	PKT	0:226:207413:339:373765:0:0
[VISION][STATUS] FPS=32 | mavi=— kirmizi=— | tespit=BEKLİYOR | kuyruk=0
5367329	TX_ANT	ff	344:0:10:27:283
5367329	PKT	0:227:204621:344:376713:0:0
5368329	TX_ANT	ff	337:0:10:22:312
5368329	PKT	0:224:201710:337:368006:0:0
5369330	TX_ANT	ff	341:0:10:28:1268
5369330	PKT	0:228:207412:341:373820:0:0
5370329	TX_ANT	ff	347:0:10:22:185
5370329	PKT	0:230:208492:347:380668:0:0
5371330	TX_ANT	ff	346:0:10:26:209
5371330	PKT	0:229:205679:346:377827:0:0
5372330	TX_ANT	ff	339:0:10:37:2116
5372330	PKT	0:226:205281:339:371633:0:0
[VISION][STATUS] FPS=32 | mavi=— kirmizi=— | tespit=BEKLİYOR | kuyruk=0
5373330	TX_ANT	ff	340:0:10:42:2189
5373330	PKT	0:227:205644:340:372024:0:0
5374329	TX_ANT	ff	344:0:10:24:184
5374329	PKT	0:227:205832:344:377924:0:0
5375329	TX_ANT	ff	339:0:10:23:399
5375329	PKT	0:226:202730:339:369082:0:0
5376330	TX_ANT	ff	338:0:10:21:178
5376330	PKT	0:225:201231:338:367555:0:0
5377329	TX_ANT	ff	341:0:10:28:1386
5377329	PKT	0:228:204234:341:370642:0:0
[VISION][STATUS] FPS=32 | mavi=— kirmizi=— | tespit=BEKLİYOR | kuyruk=0
5378329	TX_ANT	ff	343:0:10:28:1142
5378329	PKT	0:226:205016:343:377080:0:0
5379329	TX_ANT	ff	339:0:10:25:193
5379329	PKT	0:226:204662:339:371014:0:0
5380329	TX_ANT	ff	346:0:10:25:141
5380329	PKT	0:229:208486:346:380634:0:0
5381329	TX_ANT	ff	340:0:10:26:1430
5381329	PKT	0:227:208089:340:374469:0:0
5382329	TX_ANT	ff	347:0:10:25:534
5382329	PKT	0:230:207989:347:380165:0:0
[VISION][STATUS] FPS=32 | mavi=— kirmizi=— | tespit=BEKLİYOR | kuyruk=0
5383329	TX_ANT	ff	341:0:10:29:1728
5383329	PKT	0:228:205551:341:371959:0:0
5384330	TX_ANT	ff	337:0:10:35:1329
5384330	PKT	0:224:203388:337:369684:0:0
5385329	TX_ANT	ff	338:0:10:32:724
5385329	PKT	0:225:205526:338:371850:0:0
5386329	TX_ANT	ff	345:0:10:29:373
5386329	PKT	0:228:206106:345:378226:0:0
5387329	TX_ANT	ff	340:0:10:32:1585
5387329	PKT	0:227:206483:340:372863:0:0
[VISION][STATUS] FPS=32 | mavi=— kirmizi=— | tespit=BEKLİYOR | kuyruk=0
5388329	TX_ANT	ff	339:0:10:25:557
5388329	PKT	0:226:205235:339:371587:0:0
5389329	TX_ANT	ff	343:0:10:21:248
5389329	PKT	0:226:205235:343:377299:0:0
5390329	TX_ANT	ff	339:0:10:21:254
5390329	PKT	0:226:203672:339:370024:0:0
5391329	TX_ANT	ff	341:0:10:23:1212
5391329	PKT	0:228:205714:341:372122:0:0
5392329	TX_ANT	ff	344:0:10:25:871
5392329	PKT	0:227:205995:344:378087:0:0
[VISION][STATUS] FPS=32 | mavi=— kirmizi=— | tespit=BEKLİYOR | kuyruk=0
5393329	TX_ANT	ff	338:0:10:45:1718
5393329	PKT	0:225:204305:338:370629:0:0
5394329	TX_ANT	ff	339:0:10:27:277
5394329	PKT	0:226:203796:339:370148:0:0
5395329	TX_ANT	ff	337:0:10:31:835
5395329	PKT	0:224:202280:337:368576:0:0
5396329	TX_ANT	ff	345:0:10:28:826
5396329	PKT	0:228:206905:345:379025:0:0
5397329	TX_ANT	ff	340:0:10:27:1363
5397329	PKT	0:227:205190:340:371570:0:0
[VISION][STATUS] FPS=32 | mavi=— kirmizi=— | tespit=BEKLİYOR | kuyruk=0
5398329	TX_ANT	ff	345:0:10:34:727
5398329	PKT	0:228:207881:345:380001:0:0
5399329	TX_ANT	ff	342:0:10:31:770
5399329	PKT	0:229:208503:342:374939:0:0
5400329	TX_ANT	ff	339:0:10:24:754
5400329	PKT	0:226:203475:339:369827:0:0
5401329	TX_ANT	ff	343:0:10:21:201
5401329	PKT	0:226:204978:343:377042:0:0
5402329	TX_ANT	ff	343:0:10:24:1047
5402329	PKT	0:230:206722:343:373186:0:0
[VISION][STATUS] FPS=32 | mavi=— kirmizi=— | tespit=BEKLİYOR | kuyruk=0
5403329	TX_ANT	ff	344:0:10:28:1635
5403329	PKT	0:227:206081:344:378173:0:0
5404329	TX_ANT	ff	340:0:10:20:186
5404329	PKT	0:227:205819:340:372199:0:0
5405329	TX_ANT	ff	346:0:10:37:4741
5405329	PKT	0:229:207761:346:379909:0:0
5406330	TX_ANT	ff	340:0:10:28:389
5406330	PKT	0:227:204319:340:370699:0:0
5407329	TX_ANT	ff	345:0:10:32:1681
5407329	PKT	0:228:208959:345:381079:0:0
[VISION][STATUS] FPS=32 | mavi=— kirmizi=— | tespit=BEKLİYOR | kuyruk=0
5408329	TX_ANT	ff	349:0:10:42:779
5408329	PKT	0:232:208623:349:380855:0:0
5409329	TX_ANT	ff	343:0:10:19:142
5409329	PKT	0:230:209891:343:376355:0:0
5410329	TX_ANT	ff	346:0:10:22:196
5410329	PKT	0:229:209445:346:381593:0:0
5411329	TX_ANT	ff	340:0:10:42:1791
5411329	PKT	0:227:204455:340:370835:0:0
5412329	TX_ANT	ff	347:0:10:31:772
5412329	PKT	0:230:206734:347:378910:0:0
[VISION][STATUS] FPS=32 | mavi=— kirmizi=— | tespit=BEKLİYOR | kuyruk=0
5413329	TX_ANT	ff	336:0:10:23:185
5413329	PKT	0:224:204758:336:370966:0:0
5414329	TX_ANT	ff	345:0:10:25:237
5414329	PKT	0:228:205182:345:377302:0:0
5415330	TX_ANT	ff	343:0:10:31:1581
5415330	PKT	0:230:210174:343:376638:0:0
5416329	TX_ANT	ff	343:0:10:28:346
5416329	PKT	0:226:203629:343:375693:0:0
5417329	TX_ANT	ff	341:0:10:32:597
5417329	PKT	0:228:205614:341:372022:0:0
[VISION][STATUS] FPS=32 | mavi=— kirmizi=— | tespit=BEKLİYOR | kuyruk=0
5418329	TX_ANT	ff	344:0:10:37:504
5418329	PKT	0:227:207333:344:379425:0:0
5419331	TX_ANT	ff	342:0:10:32:1288
5419331	PKT	0:229:207469:342:373905:0:0
5420329	TX_ANT	ff	345:0:9:31:643
5420329	PKT	0:228:207293:345:379413:0:0
5421329	TX_ANT	ff	340:0:10:33:1082
5421329	PKT	0:227:204842:340:371222:0:0
5422329	TX_ANT	ff	340:0:9:24:1193
5422329	PKT	0:227:204419:340:370799:0:0
[VISION][STATUS] FPS=32 | mavi=— kirmizi=— | tespit=BEKLİYOR | kuyruk=0
5423331	TX_ANT	ff	345:0:10:19:111
5423331	PKT	0:228:206735:345:378855:0:0
5424329	TX_ANT	ff	341:0:10:21:189
5424329	PKT	0:228:208163:341:374571:0:0
5425329	TX_ANT	ff	334:0:10:30:1025
5425329	PKT	0:221:200744:334:366956:0:0
5426329	TX_ANT	ff	345:0:10:26:216
5426329	PKT	0:228:206564:345:378684:0:0
5427329	TX_ANT	ff	342:0:10:23:346
5427329	PKT	0:229:208691:342:375127:0:0
[VISION][STATUS] FPS=32 | mavi=— kirmizi=— | tespit=BEKLİYOR | kuyruk=0
5428329	TX_ANT	ff	338:0:10:22:148
5428329	PKT	0:225:206414:338:372738:0:0
5429329	TX_ANT	ff	345:0:10:21:322
5429329	PKT	0:228:208241:345:380361:0:0
5430329	TX_ANT	ff	340:0:10:21:189
5430329	PKT	0:227:207908:340:374288:0:0
5431329	TX_ANT	ff	347:0:10:33:1189
5431329	PKT	0:230:209082:347:381258:0:0
5432329	TX_ANT	ff	347:0:10:37:2455
5432329	PKT	0:230:207061:347:379237:0:0
[VISION][STATUS] FPS=32 | mavi=— kirmizi=— | tespit=BEKLİYOR | kuyruk=0
5433329	TX_ANT	ff	337:0:10:48:2552
5433329	PKT	0:224:202478:337:368774:0:0
5434329	TX_ANT	ff	339:0:10:30:921
5434329	PKT	0:226:205983:339:372335:0:0
5435329	TX_ANT	ff	337:0:10:27:1576
5435329	PKT	0:224:203719:337:370015:0:0
5436329	TX_ANT	ff	336:0:10:24:859
5436329	PKT	0:223:204360:336:370628:0:0
5437329	TX_ANT	ff	339:0:10:19:182
5437329	PKT	0:226:205677:339:372029:0:0
[VISION][STATUS] FPS=32 | mavi=— kirmizi=— | tespit=BEKLİYOR | kuyruk=0
5438329	TX_ANT	ff	340:0:10:23:213
5438329	PKT	0:227:206486:340:372866:0:0
5439329	TX_ANT	ff	336:0:10:25:183
5439329	PKT	0:223:204368:336:370636:0:0
5440329	TX_ANT	ff	338:0:10:22:423
5440329	PKT	0:225:207828:338:374152:0:0
5441329	TX_ANT	ff	345:0:10:29:717
5441329	PKT	0:228:207440:345:379560:0:0
5442329	TX_ANT	ff	337:0:10:26:560
5442329	PKT	0:224:203417:337:369713:0:0
[VISION][STATUS] FPS=32 | mavi=— kirmizi=— | tespit=BEKLİYOR | kuyruk=0
5443329	TX_ANT	ff	338:0:10:29:1369
5443329	PKT	0:225:206453:338:372777:0:0
5444329	TX_ANT	ff	340:0:9:23:347
5444329	PKT	0:227:206071:340:372451:0:0
5445329	TX_ANT	ff	343:0:10:24:230
5445329	PKT	0:226:205916:343:377980:0:0
5446329	TX_ANT	ff	339:0:10:26:1160
5446329	PKT	0:226:208428:339:374780:0:0
5447329	TX_ANT	ff	340:0:10:26:362
5447329	PKT	0:227:204372:340:370752:0:0
[VISION][STATUS] FPS=32 | mavi=— kirmizi=— | tespit=BEKLİYOR | kuyruk=0
5448329	TX_ANT	ff	346:0:10:29:462
5448329	PKT	0:229:210174:346:382322:0:0
5449329	TX_ANT	ff	335:0:11:31:779
5449329	PKT	0:222:201076:335:367316:0:0
5450329	TX_ANT	ff	340:0:10:25:341
5450329	PKT	0:227:208123:340:374503:0:0
5451331	TX_ANT	ff	339:0:10:20:155
5451331	PKT	0:226:204984:339:371336:0:0
5452329	TX_ANT	ff	344:0:10:20:168
5452329	PKT	0:227:205906:344:377998:0:0
[VISION][STATUS] FPS=32 | mavi=— kirmizi=— | tespit=BEKLİYOR | kuyruk=0
5453329	TX_ANT	ff	337:0:10:27:522
5453329	PKT	0:224:205689:337:371985:0:0
5454329	TX_ANT	ff	337:0:10:23:228
5454329	PKT	0:224:205030:337:371326:0:0
5455329	TX_ANT	ff	340:0:9:21:210
5455329	PKT	0:227:207398:340:373778:0:0
5456329	TX_ANT	ff	381:0:10:27:499
5456329	PKT	0:252:242822:381:432750:0:0
5457329	TX_ANT	ff	386:0:10:39:1564
5457329	PKT	0:257:246639:386:436707:0:0
[VISION][STATUS] FPS=32 | mavi=— kirmizi=— | tespit=BEKLİYOR | kuyruk=0
5458329	TX_ANT	ff	378:0:10:25:258
5458329	PKT	0:253:247187:378:431431:0:0
5459329	TX_ANT	ff	394:0:10:34:885
5459329	PKT	0:261:258647:394:454539:0:0
5460329	TX_ANT	ff	363:0:10:22:390
5460329	PKT	0:242:229824:363:408048:0:0
5461329	TX_ANT	ff	371:0:10:31:1040
5461329	PKT	0:246:234724:371:418772:0:0
5462329	TX_ANT	ff	347:0:10:26:472
5462329	PKT	0:230:215223:347:387399:0:0
[VISION][STATUS] FPS=32 | mavi=— kirmizi=— | tespit=BEKLİYOR | kuyruk=0
5463329	TX_ANT	ff	324:0:10:21:361
5463329	PKT	0:215:196592:324:356924:0:0
5464329	TX_ANT	ff	313:0:10:30:1224
5464329	PKT	0:208:191664:313:346088:0:0
5465329	TX_ANT	ff	318:0:10:20:191
5465329	PKT	0:213:194349:318:348913:0:0
5466329	TX_ANT	ff	332:0:10:32:1306
5466329	PKT	0:219:200035:332:366191:0:0
5467329	TX_ANT	ff	325:0:10:22:194
5467329	PKT	0:216:197937:325:358297:0:0
[VISION][STATUS] FPS=32 | mavi=— kirmizi=— | tespit=BEKLİYOR | kuyruk=0
5468329	TX_ANT	ff	340:0:10:35:348
5468329	PKT	0:227:209280:340:375660:0:0
5469329	TX_ANT	ff	338:0:10:36:2193
5469329	PKT	0:225:203807:338:370131:0:0
5470329	TX_ANT	ff	312:0:10:28:2576
5470329	PKT	0:207:192137:312:346533:0:0
5471330	TX_ANT	ff	316:0:10:23:191
5471330	PKT	0:211:195332:316:349840:0:0
5472329	TX_ANT	ff	319:0:10:36:1526
5472329	PKT	0:210:195438:319:355630:0:0
[VISION][STATUS] FPS=32 | mavi=— kirmizi=— | tespit=BEKLİYOR | kuyruk=0
5473329	TX_ANT	ff	314:0:10:21:197
5473329	PKT	0:209:194724:314:349176:0:0
5474329	TX_ANT	ff	313:0:10:26:315
5474329	PKT	0:208:191699:313:346123:0:0
5475330	TX_ANT	ff	312:0:10:25:248
5475330	PKT	0:207:192321:312:346717:0:0
5476330	TX_ANT	ff	316:0:10:20:141
5476330	PKT	0:211:196877:316:351385:0:0
5477329	TX_ANT	ff	327:0:10:26:322
5477329	PKT	0:218:204542:327:364958:0:0
[VISION][STATUS] FPS=32 | mavi=— kirmizi=— | tespit=BEKLİYOR | kuyruk=0
5478329	TX_ANT	ff	347:0:10:23:704
5478329	PKT	0:230:215043:347:387219:0:0
5479330	TX_ANT	ff	315:0:10:23:275
5479330	PKT	0:210:194856:315:349336:0:0
5480329	TX_ANT	ff	321:0:10:21:191
5480329	PKT	0:212:196270:321:356518:0:0
5481329	TX_ANT	ff	312:0:9:21:205
5481329	PKT	0:207:191471:312:345867:0:0
5482329	TX_ANT	ff	315:0:10:22:340
5482329	PKT	0:210:195287:315:349767:0:0
[VISION][STATUS] FPS=32 | mavi=— kirmizi=— | tespit=BEKLİYOR | kuyruk=0
5483331	TX_ANT	ff	316:0:10:24:230
5483331	PKT	0:211:194379:316:348887:0:0
5484329	TX_ANT	ff	314:0:10:28:517
5484329	PKT	0:209:193615:314:348067:0:0
5485329	TX_ANT	ff	311:0:10:31:1956
5485329	PKT	0:206:191965:311:346333:0:0
5486329	TX_ANT	ff	313:0:10:23:364
5486329	PKT	0:208:194715:313:349139:0:0
5487330	TX_ANT	ff	312:0:10:28:735
5487330	PKT	0:207:193490:312:347886:0:0
[VISION][STATUS] FPS=32 | mavi=— kirmizi=— | tespit=BEKLİYOR | kuyruk=0
5488329	TX_ANT	ff	310:0:10:34:3519
5488329	PKT	0:205:189036:310:343376:0:0
5489332	TX_ANT	ff	307:0:9:26:222
5489332	PKT	0:206:190518:307:339174:0:0
5490329	TX_ANT	ff	311:0:10:20:137
5490329	PKT	0:206:189550:311:343918:0:0
5491329	TX_ANT	ff	322:0:10:27:252
5491329	PKT	0:213:198405:322:358681:0:0
5492329	TX_ANT	ff	318:0:10:48:902
5492329	PKT	0:213:197848:318:352412:0:0
[VISION][STATUS] FPS=32 | mavi=— kirmizi=— | tespit=BEKLİYOR | kuyruk=0
5493329	TX_ANT	ff	313:0:10:25:286
5493329	PKT	0:208:190854:313:345278:0:0
5494329	TX_ANT	ff	310:0:10:26:283
5494329	PKT	0:205:190838:310:345178:0:0
5495330	TX_ANT	ff	313:0:10:52:3465
5495330	PKT	0:208:191582:313:346006:0:0
5496329	TX_ANT	ff	324:0:10:66:3718
5496329	PKT	0:215:198009:324:358341:0:0
5497329	TX_ANT	ff	306:0:10:22:197
5497329	PKT	0:205:188951:306:337579:0:0
[VISION][STATUS] FPS=32 | mavi=— kirmizi=— | tespit=BEKLİYOR | kuyruk=0
5498329	TX_ANT	ff	313:0:9:26:268
5498329	PKT	0:208:191708:313:346132:0:0
5499329	TX_ANT	ff	319:0:10:22:794
5499329	PKT	0:210:194986:319:355178:0:0
5500329	TX_ANT	ff	318:0:10:26:691
5500329	PKT	0:213:199714:318:354278:0:0
5501329	TX_ANT	ff	312:0:10:37:4806
5501329	PKT	0:207:191763:312:346159:0:0
5502331	TX_ANT	ff	310:0:10:23:211
5502331	PKT	0:205:189301:310:343641:0:0
[VISION][STATUS] FPS=32 | mavi=— kirmizi=— | tespit=BEKLİYOR | kuyruk=0
5503329	TX_ANT	ff	311:0:10:19:125
5503329	PKT	0:206:191099:311:345467:0:0
5504330	TX_ANT	ff	307:0:10:25:501
5504330	PKT	0:206:191936:307:340592:0:0
5505330	TX_ANT	ff	313:0:10:21:193
5505330	PKT	0:208:192188:313:346612:0:0
5506329	TX_ANT	ff	307:0:10:23:340
5506329	PKT	0:202:185840:307:340096:0:0
5507329	TX_ANT	ff	317:0:9:24:252
5507329	PKT	0:212:194622:317:349158:0:0
[VISION][STATUS] FPS=32 | mavi=— kirmizi=— | tespit=BEKLİYOR | kuyruk=0
5508329	TX_ANT	ff	321:0:10:23:244
5508329	PKT	0:212:196571:321:356819:0:0
5509329	TX_ANT	ff	313:0:10:24:177
5509329	PKT	0:208:192898:313:347322:0:0
5510329	TX_ANT	ff	314:0:10:25:258
5510329	PKT	0:209:194338:314:348790:0:0
5511329	TX_ANT	ff	312:0:10:32:345
5511329	PKT	0:207:191829:312:346225:0:0
5512329	TX_ANT	ff	313:0:10:22:332
5512329	PKT	0:208:193108:313:347532:0:0
[VISION][STATUS] FPS=32 | mavi=— kirmizi=— | tespit=BEKLİYOR | kuyruk=0
5513329	TX_ANT	ff	313:0:10:30:823
5513329	PKT	0:208:191045:313:345469:0:0
5514329	TX_ANT	ff	307:0:11:52:1142
5514329	PKT	0:206:189500:307:338156:0:0
5515330	TX_ANT	ff	314:0:10:26:233
5515330	PKT	0:209:192569:314:347021:0:0
5516329	TX_ANT	ff	312:0:10:21:324
5516329	PKT	0:207:192467:312:346863:0:0
5517329	TX_ANT	ff	310:0:10:28:1291
5517329	PKT	0:205:189457:310:343797:0:0
[VISION][STATUS] FPS=32 | mavi=— kirmizi=— | tespit=BEKLİYOR | kuyruk=0
5518329	TX_ANT	ff	305:0:10:19:173
5518329	PKT	0:204:189253:305:337853:0:0
5519329	TX_ANT	ff	313:0:10:20:171
5519329	PKT	0:208:191631:313:346055:0:0
5520329	TX_ANT	ff	313:0:10:22:230
5520329	PKT	0:208:191963:313:346387:0:0
5521329	TX_ANT	ff	311:0:9:25:648
5521329	PKT	0:206:189071:311:343439:0:0
5522329	TX_ANT	ff	309:0:10:38:739
5522329	PKT	0:204:189511:309:343823:0:0
[VISION][STATUS] FPS=32 | mavi=— kirmizi=— | tespit=BEKLİYOR | kuyruk=0
5523329	TX_ANT	ff	307:0:10:20:181
5523329	PKT	0:206:190651:307:339307:0:0
5524330	TX_ANT	ff	311:0:10:34:1896
5524330	PKT	0:206:189679:311:344047:0:0
5525329	TX_ANT	ff	320:0:10:27:1410
5525329	PKT	0:211:196330:320:356550:0:0
5526329	TX_ANT	ff	315:0:10:28:315
5526329	PKT	0:210:195330:315:349810:0:0
5527329	TX_ANT	ff	306:0:9:27:715
5527329	PKT	0:205:189312:306:337940:0:0
[VISION][STATUS] FPS=32 | mavi=— kirmizi=— | tespit=BEKLİYOR | kuyruk=0
5528330	TX_ANT	ff	320:0:10:28:264
5528330	PKT	0:211:196110:320:356330:0:0
5529329	TX_ANT	ff	314:0:10:32:1352
5529329	PKT	0:209:194602:314:349054:0:0
5530330	TX_ANT	ff	312:0:10:25:260
5530330	PKT	0:207:189655:312:344051:0:0
5531332	TX_ANT	ff	312:0:10:36:1288
5531332	PKT	0:207:190471:312:344867:0:0
5532329	TX_ANT	ff	316:0:10:25:910
5532329	PKT	0:211:193747:316:348255:0:0
[VISION][STATUS] FPS=32 | mavi=— kirmizi=— | tespit=BEKLİYOR | kuyruk=0
5533329	TX_ANT	ff	312:0:10:22:262
5533329	PKT	0:207:189394:312:343790:0:0
5534329	TX_ANT	ff	315:0:10:41:2553
5534329	PKT	0:210:194201:315:348681:0:0
5535331	TX_ANT	ff	311:0:10:28:804
5535331	PKT	0:206:188883:311:343251:0:0
5536329	TX_ANT	ff	314:0:10:25:451
5536329	PKT	0:209:192410:314:346862:0:0
5537329	TX_ANT	ff	315:0:10:51:1384
5537329	PKT	0:210:192942:315:347422:0:0
[VISION][STATUS] FPS=32 | mavi=— kirmizi=— | tespit=BEKLİYOR | kuyruk=0
5538329	TX_ANT	ff	319:0:10:30:507
5538329	PKT	0:210:193083:319:353275:0:0
5539329	TX_ANT	ff	308:0:10:26:713
5539329	PKT	0:207:191066:308:339750:0:0
5540329	TX_ANT	ff	312:0:10:23:274
5540329	PKT	0:207:189891:312:344287:0:0
5541329	TX_ANT	ff	319:0:10:24:244
5541329	PKT	0:210:192906:319:353098:0:0
5542329	TX_ANT	ff	316:0:10:22:203
5542329	PKT	0:211:192992:316:347500:0:0
[VISION][STATUS] FPS=32 | mavi=— kirmizi=— | tespit=BEKLİYOR | kuyruk=0
5543329	TX_ANT	ff	311:0:10:23:204
5543329	PKT	0:206:189229:311:343597:0:0
5544329	TX_ANT	ff	326:0:10:30:565
5544329	PKT	0:217:199993:326:360381:0:0
5545329	TX_ANT	ff	313:0:10:20:260
5545329	PKT	0:208:192205:313:346629:0:0
5546329	TX_ANT	ff	306:0:10:23:184
5546329	PKT	0:205:187558:306:336186:0:0
5547329	TX_ANT	ff	310:0:10:21:190
5547329	PKT	0:205:189762:310:344102:0:0
[VISION][STATUS] FPS=32 | mavi=— kirmizi=— | tespit=BEKLİYOR | kuyruk=0
5548329	TX_ANT	ff	312:0:10:27:969
5548329	PKT	0:207:191840:312:346236:0:0
5549329	TX_ANT	ff	313:0:10:29:480
5549329	PKT	0:208:192548:313:346972:0:0
5550329	TX_ANT	ff	314:0:10:26:297
5550329	PKT	0:209:192470:314:346922:0:0
5551329	TX_ANT	ff	315:0:10:28:363
5551329	PKT	0:210:195696:315:350176:0:0
5552329	TX_ANT	ff	319:0:10:31:2228
5552329	PKT	0:210:194611:319:354803:0:0
[VISION][STATUS] FPS=32 | mavi=— kirmizi=— | tespit=BEKLİYOR | kuyruk=0
5553329	TX_ANT	ff	314:0:10:34:614
5553329	PKT	0:209:193832:314:348284:0:0
5554329	TX_ANT	ff	312:0:10:24:549
5554329	PKT	0:207:190860:312:345256:0:0
5555329	TX_ANT	ff	307:0:10:25:233
5555329	PKT	0:206:190279:307:338935:0:0
5556330	TX_ANT	ff	310:0:10:48:1706
5556330	PKT	0:205:188586:310:342926:0:0
5557329	TX_ANT	ff	312:0:10:26:1131
5557329	PKT	0:207:190623:312:345019:0:0
[VISION][STATUS] FPS=32 | mavi=— kirmizi=— | tespit=BEKLİYOR | kuyruk=0
5558329	TX_ANT	ff	312:0:9:24:936
5558329	PKT	0:207:193113:312:347509:0:0
5559329	TX_ANT	ff	315:0:10:36:1179
5559329	PKT	0:210:193993:315:348473:0:0
5560329	TX_ANT	ff	317:0:10:20:185
5560329	PKT	0:212:195615:317:350151:0:0
5561329	TX_ANT	ff	320:0:10:22:248
5561329	PKT	0:211:194889:320:355109:0:0
5562329	TX_ANT	ff	313:0:10:29:850
5562329	PKT	0:208:191312:313:345736:0:0
[VISION][STATUS] FPS=32 | mavi=— kirmizi=— | tespit=BEKLİYOR | kuyruk=0
5563329	TX_ANT	ff	305:0:10:36:980
5563329	PKT	0:204:189013:305:337613:0:0
5564329	TX_ANT	ff	320:0:10:29:1484
5564329	PKT	0:211:194312:320:354532:0:0
5565329	TX_ANT	ff	312:0:10:27:207
5565329	PKT	0:207:191178:312:345574:0:0
5566329	TX_ANT	ff	307:0:10:23:451
5566329	PKT	0:206:190312:307:338968:0:0
5567329	TX_ANT	ff	313:0:9:25:219
5567329	PKT	0:208:191751:313:346175:0:0
[VISION][STATUS] FPS=32 | mavi=— kirmizi=— | tespit=BEKLİYOR | kuyruk=0
5568329	TX_ANT	ff	320:0:9:20:234
5568329	PKT	0:211:193543:320:353763:0:0
5569330	TX_ANT	ff	307:0:10:25:311
5569330	PKT	0:206:189893:307:338549:0:0
5570329	TX_ANT	ff	311:0:10:30:1712
5570329	PKT	0:206:189769:311:344137:0:0
5571329	TX_ANT	ff	310:0:10:29:643
5571329	PKT	0:205:189142:310:343482:0:0
5572329	TX_ANT	ff	306:0:10:24:284
5572329	PKT	0:205:190748:306:339376:0:0
[VISION][STATUS] FPS=32 | mavi=— kirmizi=— | tespit=BEKLİYOR | kuyruk=0
5573329	TX_ANT	ff	310:0:10:26:1037
5573329	PKT	0:205:188671:310:343011:0:0
5574329	TX_ANT	ff	310:0:9:19:146
5574329	PKT	0:205:188981:310:343321:0:0
5575329	TX_ANT	ff	307:0:10:35:714
5575329	PKT	0:206:189619:307:338275:0:0
5576329	TX_ANT	ff	311:0:10:22:509
5576329	PKT	0:206:189025:311:343393:0:0
5577329	TX_ANT	ff	311:0:10:22:237
5577329	PKT	0:206:190500:311:344868:0:0
[VISION][STATUS] FPS=32 | mavi=— kirmizi=— | tespit=BEKLİYOR | kuyruk=0
5578329	TX_ANT	ff	316:0:10:31:1060
5578329	PKT	0:211:193569:316:348077:0:0
5579330	TX_ANT	ff	311:0:10:27:1099
5579330	PKT	0:206:190211:311:344579:0:0
5580329	TX_ANT	ff	310:0:10:21:199
5580329	PKT	0:205:189598:310:343938:0:0
5581329	TX_ANT	ff	315:0:10:36:1756
5581329	PKT	0:210:194624:315:349104:0:0
5582332	TX_ANT	ff	310:0:10:32:2237
5582332	PKT	0:205:189319:310:343659:0:0
5583329	TX_ANT	ff	314:0:10:25:212
5583329	PKT	0:209:191970:314:346422:0:0
[VISION][STATUS] FPS=32 | mavi=— kirmizi=— | tespit=BEKLİYOR | kuyruk=0
5584329	TX_ANT	ff	306:0:10:25:766
5584329	PKT	0:205:187917:306:336545:0:0
5585329	TX_ANT	ff	314:0:10:26:872
5585329	PKT	0:209:193917:314:348369:0:0
5586329	TX_ANT	ff	311:0:10:24:245
5586329	PKT	0:206:190017:311:344385:0:0
5587329	TX_ANT	ff	320:0:10:24:190
5587329	PKT	0:211:193466:320:353686:0:0
5588329	TX_ANT	ff	307:0:10:41:2637
5588329	PKT	0:206:191542:307:340198:0:0
[VISION][STATUS] FPS=32 | mavi=— kirmizi=— | tespit=BEKLİYOR | kuyruk=0
5589329	TX_ANT	ff	312:0:10:33:1333
5589329	PKT	0:207:192821:312:347217:0:0
5590329	TX_ANT	ff	320:0:10:30:657
5590329	PKT	0:211:193769:320:353989:0:0
5591329	TX_ANT	ff	307:0:10:30:822
5591329	PKT	0:206:191385:307:340041:0:0
5592329	TX_ANT	ff	313:0:10:35:1655
5592329	PKT	0:208:193513:313:347937:0:0
5593329	TX_ANT	ff	322:0:10:29:1165
5593329	PKT	0:213:196236:322:356512:0:0
[VISION][STATUS] FPS=32 | mavi=— kirmizi=— | tespit=BEKLİYOR | kuyruk=0
5594329	TX_ANT	ff	314:0:9:24:259
5594329	PKT	0:209:194130:314:348582:0:0
5595329	TX_ANT	ff	312:0:9:21:174
5595329	PKT	0:207:189023:312:343419:0:0
5596329	TX_ANT	ff	314:0:9:34:1071
5596329	PKT	0:209:192987:314:347439:0:0
5597329	TX_ANT	ff	311:0:10:35:635
5597329	PKT	0:206:190774:311:345142:0:0
5598329	TX_ANT	ff	313:0:10:23:589
5598329	PKT	0:208:193488:313:347912:0:0
[VISION][STATUS] FPS=32 | mavi=— kirmizi=— | tespit=BEKLİYOR | kuyruk=0
5599329	TX_ANT	ff	313:0:10:39:2896
5599329	PKT	0:208:191047:313:345471:0:0
5600329	TX_ANT	ff	313:0:10:21:301
5600329	PKT	0:208:191798:313:346222:0:0
5601329	TX_ANT	ff	312:0:10:23:381
5601329	PKT	0:207:189622:312:344018:0:0
5602329	TX_ANT	ff	307:0:10:28:973
5602329	PKT	0:206:188374:307:337030:0:0
5603330	TX_ANT	ff	311:0:10:22:486
5603330	PKT	0:206:190488:311:344856:0:0
[VISION][STATUS] FPS=32 | mavi=— kirmizi=— | tespit=BEKLİYOR | kuyruk=0
5604329	TX_ANT	ff	312:0:10:43:2470
5604329	PKT	0:207:191332:312:345728:0:0
5605329	TX_ANT	ff	322:0:10:32:1018
5605329	PKT	0:213:195177:322:355453:0:0
5606329	TX_ANT	ff	307:0:10:24:1222
5606329	PKT	0:206:190464:307:339120:0:0
5607329	TX_ANT	ff	311:0:10:27:285
5607329	PKT	0:206:188719:311:343087:0:0
                                                                                                                                                                                                                                                                                                                                                                                      